id,company_name,type_of_company,contact_person,nature_of_company,industry,product_zone,products,product_list,stall_no,hall_no,website,company_address,city_name,state,country,pin_code,pan_no,whatsapp_no,facebook_link,linkedin_link,twitter_link,youtube_link,instagram_link,annual_export,majorly_looking_for,company_profile,company_logo,brochure,certifications,certifications_list,featured,videos
ZDBmNzU0MzFkN2VlOTZiNjoxMjFhMWVkN2E2OTQ5ZjM3YzA4Nzc0ZGE4ZWM3ZjRjYThkZTA4ZjEyOnBYOU9FZk9CQ0ZaNUZqRDFQdGJHNFE9PQ==,99 Business Media,Proprietor,MS. PARVEEN MEHTA,Service Provider,Food & Agri Products,"{""Digital FoodTech, Traceability & AI"": [""Digital FoodTech, Traceability & AI""]}",[],"{""Digital FoodTech, Traceability & AI"": [""Digital FoodTech, Traceability & AI""]}",F-14,2,https://www.99businessmedia.com/,"1201, 12TH FLOOR, GOPAL  HEIGHTS, NETAJI SUBHASH PLACE, PITAMPURA DELHI -110034 INDIA",DELHI,Delhi,India,110034,ASUPJ2735M,+917827751998,https://www.facebook.com/,https://www.linkedin.com/home?originalSubdomain=in,https://www.twitter.com/,https://www.youtube.com/,https://www.twitter.com/,1000,"Distributor,exporter","99 BUSINESS MEDIA IS A GROUP OF BUSINESS NEWSPAPERS, ESTABLISHED IN 1987, PUBLISHING NINE BUSINESS NEWSPAPERS. THEY ARE - 99 MACHINERY FOR YOU, 99 AUTO FLASH, 99 E-VEHICLE, 99 ELECTRICAL WORLD, 99 ELECTRONICS WORLD, 99 LIGHTING & SOLAR , 99 FOOD MANTRA, 99  MEDICAL & PHARMA
99 PLASTIC  & PACKAGING. THE COMPANY HAS PAN-INDIA PRESENCE WITH HEAD OFFICE IN DELHI AND CORPORATE OFFICE IN MUMBAI AND HAS 10+ BRANCHES ACROSS THE COUNTRY.",https://erp.tpci.in/images/upload/company_logo/Exhibitor-Logo-6753_6a5b57acc515b.jpg?rand=7836,,0,[],,[]
MGQ4Y2Q5Nzg5MzlhMzc2ZDpiYWZhNzI3YTM2YTYyMjI0YzA0MDhhYTIwZmZhMWRkNTRjZTY4MzkzOmJkNm1udmxVQmpTcmNtY3BmcDdpZWc9PQ==,A Innovative Food Products Limited,Public Limited,JAYESH PATEL,Manufacturer Exporter,Food & Agri Products,"{""Indian Ethnic Food"": [""Indian Ethnic Food""], ""Snacks & On the Go Foods"": [""Snacks & On the Go Foods""]}","[{""productName"": ""Cup A Pasta - Tangy Tomato "", ""description"": ""1. Authentic Italian-Inspired Taste\r\n2. Made from 100% Durum Wheat Semolina (Raw Suji)\r\n3.Ready in Just Minutes\r\n4. Convenient On-the-Go Meal\r\n5. Perfect Anytime Snack\r\n6. No Maida, No Palm Oil and No Added Preservatives \r\n7. Just Add Boiling Water"", ""productImage"": ""https://erp.tpci.in/frontend/exhibitor/product-178420777399937166.jpg?16.469566632499514""}, {""productName"": ""Cup A Pasta - Masala"", ""description"": ""1. Authentic Italian-Inspired Taste\r\n2. Made from 100% Durum Wheat Semolina (Raw Suji)\r\n3.Ready in Just Minutes\r\n4. Convenient On-the-Go Meal\r\n5. Perfect Anytime Snack\r\n6. No Maida, No Palm Oil and No Added Preservatives \r\n7. Just Add Boiling Water"", ""productImage"": ""https://erp.tpci.in/frontend/exhibitor/product-178420777312073717.jpg?54.32084887690921""}, {""productName"": ""Cup A Pasta - Cheese"", ""description"": ""1. Authentic Italian-Inspired Taste\r\n2. Made from 100% Durum Wheat Semolina (Raw Suji)\r\n3.Ready in Just Minutes\r\n4. Convenient On-the-Go Meal\r\n5. Perfect Anytime Snack\r\n6. No Maida, No Palm Oil and No Added Preservatives \r\n7. Just Add Boiling Water"", ""productImage"": ""https://erp.tpci.in/frontend/exhibitor/product-178420777374264487.jpg?22.195547560412017""}]","{""Indian Ethnic Food"": [""Indian Ethnic Food""], ""Snacks & On the Go Foods"": [""Snacks & On the Go Foods""]}",A-01,2,https://www.shareatfood.com/,"212/P/2/P, A INNOVATIVE ROAD, BLHI INTAS PHARMA UNIT-2",AHMEDABAD,Gujarat,India,382213,ABCCA3225H,9909999247,http://www.facebook.com/https://www.facebook.com/Shareatfoodsindia,http://www.linkedin.com/https://www.linkedin.com/company/a-innovative-food-products-limited-shareat,https://www.twitter.com/,http://www.youtube.com/@ShareatFoods,http://www.instagram.com/https://www.instagram.com/shareatfoods/,1000,"Distributor,importer","A.INNOVATIVE FOOD PRODUCTS LIMITED IS RENOWNED IN THE MARKET FOR DELIVERING A DIVERSE RANGE OF READY-TO-FRY DELIGHTS, INCLUDING TASTY PANI PURI PELLETS, POTATO PELLETS, AND RICE PELLETS. IN OUR READY-TO-EAT SEGMENT, WE OFFER AN ARRAY OF PANI PURI KITS FEATURING DIFFERENT FLAVORED PANI OPTIONS WITH RAW PANI PURI PELLETS, AS WELL AS POTATO MASH AND FAMILY PANI PURI KITS. FOR THE YOUNGER PALATE, WE OFFER MINIMOS IN A VARIETY OF FLAVORS WITH SMALL PURIS, AND A CURATED SELECTION OF OTHER PREMIUM FOOD PRODUCTS.",https://erp.tpci.in/images/upload/company_logo/Exhibitor-Logo-6557.jpeg?rand=29339,https://erp.tpci.in/uploads/ex_docs/6557/SHAREAT FOODS Catalogue 2026 FN.pdf93a59268c18bd16d718f56bc3befd941_6a58d61eecf17.pdf,0,[],,"[{""type"": ""youtube"", ""video_url"": ""https://youtu.be/4F-2QST_vj0"", ""title"": ""Shareat Corporate film  - how we manufacturing 2 crore panipuri everyday ?""}]"
MGM4NGE3ZmYwNzYyNjBjZTowMDc3ZTFiYzIwZDMxMDMyZWM1ZmFiZGVhMDExMDZkNjg4NWYyNTk4OjJJVHlqVUI5WXptUlNrT1FPNlNQeGc9PQ==,Aagam International Private Limited,Private Limited,BHAVIN FADIA,Merchant Exporter,Food & Agri Products,"{""Food Ingredients"": [""Food Ingredients""], ""Grocery, Staple & Dry Foods"": [""Grocery, Staple & Dry Foods""], ""Private Label"": [""Private Label""], ""Rice, Pulses, Grains, Spices and Commodities"": [""Rice, Pulses, Grains, Spices and Commodities""]}","[{""productName"": ""Turmeric Finger"", ""description"": ""We supply premium-grade turmeric fingers and bulbs grown in the renowned turmeric growing regions of Maharashtra and the Nizamabad belt. Known for their vibrant color, strong aroma, and high curcumin content, our turmeric is carefully selected to meet the requirements of importers, spice processors,"", ""productImage"": ""https://erp.tpci.in/frontend/exhibitor/product-178316380135850710.jpg?79.08733932216404""}]","{""Food Ingredients"": [""Food Ingredients""], ""Grocery, Staple & Dry Foods"": [""Grocery, Staple & Dry Foods""], ""Private Label"": [""Private Label""], ""Rice, Pulses, Grains, Spices and Commodities"": [""Rice, Pulses, Grains, Spices and Commodities""]}",B-24,2,https://www.kurryspices.com,"B-716, GOPAL PALACE, OPP. OCEAN PARK, NEHURNAGAR",AHMEDABAD,Gujarat,India,380015,AALCA4550B,9265532492,https://www.facebook.com/,http://www.linkedin.com/in/bhavya-fadia-9587a1330,https://www.twitter.com/,https://www.youtube.com/,https://www.twitter.com/,100,"Distributor,exporter,importer","AAGAM INTERNATIONAL PVT. LTD. IS A LEADING AND DISTINGUISHED WHOLESALE TRADER, EXPORTER, SUPPLIER OF TURMERIC FINGER CUMIN SEED, SESAME SEED, PEANUT KERNEL, RED CHILLI POWDER, ETC. ""KURRY SPICES"" OUR BRAND WILL BE IN MARKET SOON WITH DIFFERENT QUALITY SPCIE POWDERS
UNDER THE EXPERT GUIDANCE OF OUR OWNER, MR. BHAVYA FADIA AAGAM INTERNATIONAL HAS BEEN ABLE TO STAND AHEAD AS A CELEBRATED NAME IN THIS AREA. HIS ETHICAL BUSINESS PRACTICES AND STEADY ENDEAVORS HAVE MADE US PROFICIENT IN DELIVERING THE BEST QUALITY OF PRODUCTS AND THAT’S TOO AT THE FINEST PRICE UPTO CUSTOMER SATISFACTION.",https://erp.tpci.in/images/upload/company_logo/Exhibitor-Logo-6581_6a575ac730547.jpg?rand=57941,https://erp.tpci.in/uploads/ex_docs/6581/Kurry Spices Brochure_compressed.pdfdd63f11a8ec5bad56fa0b89997d982e9_6a57425a0c0ba.pdf,02,"[{""id"": ""11884"", ""description"": ""iec certificate"", ""link"": ""https://erp.tpci.in//frontend/exhibitor/3ccb75bf7b4fe0fd6bf833d740ad6e79_6a57426be3d6c.pdf""}, {""id"": ""11885"", ""description"": ""gst certificate "", ""link"": ""https://erp.tpci.in//frontend/exhibitor/b36c8d55f725b86eb837330187ff1bf2_6a574285eb49b.pdf""}]",,[]
NGExMWRjMTIwOWU3YWUxYTo2MzA5NmQ2ODEwMWY0MjM0MGU5YTFhMjI5NGRhY2NjZmE2Nzc5YjA2OjRiN1czZ0U3RDEwQjVLT2V0MnZWYVE9PQ==,Aakash Global Foods Pvt. Ltd,Private Limited,SHREYAS SHARMA,Manufacturer Exporter,Food & Agri Products,"{""Bakery & Breads"": [""Bakery & Breads""], ""Snacks & On the Go Foods"": [""Snacks & On the Go Foods""], ""Sweets & Confectionery"": [""Sweets & Confectionery""]}","[{""productName"": ""ALL IN ONE"", ""description"": ""ALL IN ONE MIXTURE, DELICIOUS & CRUNCHY "", ""productImage"": ""https://erp.tpci.in/frontend/exhibitor/product-178358177948462313.jpg?69.68789665930709""}, {""productName"": ""ALU BHUJIA"", ""description"": ""CRUNCHY BITES"", ""productImage"": ""https://erp.tpci.in/frontend/exhibitor/product-178358177967912984.jpg?78.91383634779028""}, {""productName"": ""POTATO CHIPS"", ""description"": ""CRUNCHY POTATO BITES "", ""productImage"": ""https://erp.tpci.in/frontend/exhibitor/product-178358177915440647.jpg?85.50549483439465""}, {""productName"": ""DRY FRUITS BESAN LADOO"", ""description"": ""SWEETS DELICIOUS "", ""productImage"": ""https://erp.tpci.in/frontend/exhibitor/product-178358177917959030.jpg?90.78596820196692""}, {""productName"": ""RATLAMI SEV"", ""description"": ""CRUNCY MIXTURE"", ""productImage"": ""https://erp.tpci.in/frontend/exhibitor/product-178358177969590186.jpg?97.41335958001517""}]","{""Bakery & Breads"": [""Bakery & Breads""], ""Snacks & On the Go Foods"": [""Snacks & On the Go Foods""], ""Sweets & Confectionery"": [""Sweets & Confectionery""]}",C-34,2,https://www.aakashnamkeen.com,"SUREVEY NO. 13/1/5, VILLAGE KUMEDI, TEHSIL SANWER",INDORE,Madhya Pradesh,,452001,AADCA4544R,9584849888,https://www.facebook.com/,https://www.linkedin.com/home?originalSubdomain=in,https://www.twitter.com/,https://www.youtube.com/,https://www.twitter.com/,200000,"Exporter,importer","ESTABLISHED IN 1936, AAKASH NAMKEEN HAS SUCCESSFULLY CAPTURED THE SOUL OF MALWA CULTURE AND THE ESSENCE OF INDORE IN THE TASTE OF VARIETY OF AAKASH NAMKEEN AND SWEETS. TODAY AAKASH NAMKEEN PVT. LTD. IS ONE OF THE DISTINGUISHED AND LEADING MANUFACTURER AND EXPORTERS OF NAMKEEN (SAVORIES) AND SWEETS FROM INDIA.",https://erp.tpci.in/images/upload/company_logo/Exhibitor-Logo-6573_6a509af48f5a0.jpeg?rand=58379,https://erp.tpci.in/uploads/ex_docs/6573/2026 Aakash Brochure Exports_compressed.pdfbbbb6f2630b46b788c2c8e761eb4d645_6a4f7f4d64e05.pdf,02,"[{""id"": ""11786"", ""description"": ""BRC CERTIFICATE"", ""link"": ""https://erp.tpci.in//frontend/exhibitor/3cba9b58cc6feb647297f72c6010e286_6a4f7f65610ae.pdf""}, {""id"": ""11788"", ""description"": ""ISO CERTIFICATE"", ""link"": ""https://erp.tpci.in//frontend/exhibitor/d5d75f86d234ab218ab45d188eaaa666_6a4f7f7997ef0.pdf""}]",,[]
NzliZjNiMTI1MmQ0NDIyNTpiMTNlYzdkZGFmNTE3OThkMzI1MWNjODY5M2MxOGQ3NTYwODY2MzVmOkhnNkM0RGZFM001NFZBeFNKQmc1ZEE9PQ==,Abs Impex,Partnership,BHAVESH PANCHAL,Merchant Exporter,Printing & Packaging Products & Machinery,"{""Packaging Material"": [""Packaging Material""], ""Private Label"": [""Private Label""]}",[],"{""Packaging Material"": [""Packaging Material""], ""Private Label"": [""Private Label""]}",D-14,2,https://www.drybag.in/,BHAVESH@DRYBAG.IN,KAKINADA,Andhra Pradesh,India,533003,AAUFA6462A,+917827751998,https://www.facebook.com/,https://www.linkedin.com/home?originalSubdomain=in,https://www.twitter.com/,https://www.youtube.com/,https://www.twitter.com/,1000,"Distributor,importer","ABS IS INTO PROTECTIVE PACKAGING MATERIAL. THE CARGO IN 30 % OF THESE CONTAINERS IS IN DANGER OF BEING DAMAGED BY HUMIDITY CAUSING MOLD, CORROSION, RUST, FUNGUS, AND MILDEW TO THE PRODUCTS DURING SHIPMENTS. THOUSANDS OF CONTAINERIZED CARGO ARE DAMAGED DUE TO MOISTURE. THIS PROBLEM COSTS MANUFACTURERS, FREIGHT FORWARDERS, SHIPPING LINES, TRADING COMPANIES, IMPORTERS, AND EXPORTERS BILLIONS OF DOLLARS LOST EVERY YEAR.",https://erp.tpci.in/images/upload/company_logo/Exhibitor-Logo-6599_6a4395c1e7145.png?rand=92041,https://erp.tpci.in/uploads/ex_docs/6599/All Product brochure-iso_compressed.pdf3e3d32d47007cab6fbfb259bae561c45_6a48f6559faf2.pdf,0,[],,[]
MGM3Y2JlYzA1NzU5MTljYTozZGMxNTU5ZDc4YmI4MTUwMjEwNzQxMjg5NGZiYWU1MTA4ZjQxZjA3OnlNaXIrRklrcFZ3em1zcjdkVENTRUE9PQ==,Adani Food Products Pvt. Ltd,Private Limited,SEDDHARTH,Manufacturer Exporter,Food & Agri Products,"{""Food Ingredients"": [""Food Ingredients""], ""Rice, Pulses, Grains, Spices and Commodities"": [""Rice, Pulses, Grains, Spices and Commodities""]}","[{""productName"": ""Red Chili Powder"", ""description"": ""Variety of Red Chili Powders - Customized qualities available for Exports and OEM Market"", ""productImage"": ""https://erp.tpci.in/frontend/exhibitor/product-178342691015635242.jpg?68.83505449521826""}, {""productName"": ""Turmeric Powder"", ""description"": ""Best quality Turmeric Whole and Powder with wide range of customized curcumin % as required.  "", ""productImage"": ""https://erp.tpci.in/frontend/exhibitor/product-178342691020593959.jpg?50.2892824358207""}]","{""Food Ingredients"": [""Food Ingredients""], ""Rice, Pulses, Grains, Spices and Commodities"": [""Rice, Pulses, Grains, Spices and Commodities""]}",D-35,2,https://www.adanispices.com,"PLOT NO E-6 AND 7, B,ROAD, LODHIKA G.I.D.C, KALAWAD ROAD,METODA,",RAJKOT,Gujarat,India,360021,AABCA8005F,8980588219,http://www.facebook.com/https://www.facebook.com/adanispicesrajkot,http://www.linkedin.com/https://www.linkedin.com/in/adani-spices-3092a449/,https://www.twitter.com/,https://www.youtube.com/,http://www.instagram.com/https://www.instagram.com/adani.spices/,1000,"Distributor,exporter,importer",ADANI HAS BEEN PROVIDING ITS CUSTOMERS THE PRODUCTS OF UNMATCHED QUALITY AND UNCOMPROMISED TASTE. EACH RAW MATERIAL IS SOURCED FROM ITS PLACE OF ORIGIN AND PROCESSED IN ITS STATE OF THE ART MANUFACTURING FACILITY. STRICT PARAMETERS AND ONLINE QC ENSURES THAT THE PRODUCTS PROCESSED ARE OF SUPERIOR GRADE WITH RETENTION OF ORIGINAL FLAVOUR SO THAT THE END USER GETS THE BEST OF TASTE.,https://erp.tpci.in/images/upload/company_logo/Exhibitor-Logo-6562.png?rand=23196,https://erp.tpci.in/uploads/ex_docs/6562/adani mini brochure (3)_compressed.pdf23d25a67d07068431e62cd36133005cc_6a4ce7ff9f4aa.pdf,04,"[{""id"": ""11761"", ""description"": ""Two star ecport house"", ""link"": ""https://erp.tpci.in//frontend/exhibitor/f04e3bc1b49da36dbdecf7fde323acc5_6a4ce8281f9e6.pdf""}, {""id"": ""11762"", ""description"": ""iso 22000:2018"", ""link"": ""https://erp.tpci.in//frontend/exhibitor/1a28a45d976bdda116fccf4976473d91_6a4ce84434401.pdf""}, {""id"": ""11763"", ""description"": ""FSSAI"", ""link"": ""https://erp.tpci.in//frontend/exhibitor/7e43176cd8ec3c384f2d65704074792c_6a4ce85690cfc.pdf""}, {""id"": ""11764"", ""description"": ""Spices board of india"", ""link"": ""https://erp.tpci.in//frontend/exhibitor/837dbd93cc79576f160afffda91b4e0d_6a4ce86c1cb0c.pdf""}]",,[]
MDUxMGNhODEzY2Y1YzZjODoyYmJlZWNkOGExNDAwMWViMWJjNWYwNjI3Njc1ZDI3Mjk0MWNhYzQzOmRabm9JZ2c3R1kxcEI3VWZiU3I4TGc9PQ==,Adas Global Exports Pvt Ltd,Private Limited,AYUSH KANHAIYALAL SURANA,Merchant Exporter,Food & Agri Products,"{""Snacks & On the Go Foods"": [""Snacks & On the Go Foods""]}","[{""productName"": ""millet puff"", ""description"": ""millet puff made from 80% millet content, 100% jain, no added preservative, no artificial flavour"", ""productImage"": ""https://erp.tpci.in/frontend/exhibitor/product-178359860556313933.jpg?39.41775806193962""}, {""productName"": ""roasted moong , chana jor"", ""description"": ""roasted moong, chana jorr, a pulses based snacks, 100% jain, no added preservative, no artificial flavour"", ""productImage"": ""https://erp.tpci.in/frontend/exhibitor/product-178359861488888353.jpg?58.037512896617415""}, {""productName"": ""flavoured makhana"", ""description"": ""flavoured, 100% jain, no added preservative, no artificial flavour"", ""productImage"": ""https://erp.tpci.in/frontend/exhibitor/product-178359862028294541.jpg?71.93429337063273""}, {""productName"": ""millet cookies"", ""description"": ""millet cookies, made from 80% millet, no maida, no sugar, jaggery used, no artificial flavour, no preservaitives"", ""productImage"": ""https://erp.tpci.in/frontend/exhibitor/product-178359862754301266.jpg?85.55893123667587""}]","{""Snacks & On the Go Foods"": [""Snacks & On the Go Foods""]}",C-19,2,www.millettonutto.com,NO 2157 3RD B MAIN BEHIND CLUB HAMPINAGAR VIJAYANAGAR BANGALORE-560040,BANGALORE,Karnataka,,560040,ABACA5065D,8123900596,https://www.facebook.com/,https://www.linkedin.com/home?originalSubdomain=in,https://www.twitter.com/,https://www.youtube.com/,http://www.instagram.com/millettonutto,22000,"Distributor,exporter",ADAS GLOBAL EXPORTS PVT LTD,https://erp.tpci.in/images/upload/company_logo/Exhibitor-Logo-6631_6a4f8b87be29f.png?rand=16382,https://erp.tpci.in/uploads/ex_docs/6631/Milletto & Nutto_Brochure_compressed-compressed.pdf09098878e667f99c6415e04ebaedd1b2_6a4f8c9bcf2af.pdf,02,"[{""id"": ""11796"", ""description"": ""USFDA"", ""link"": ""https://erp.tpci.in//frontend/exhibitor/84759f749d732b6baa34954c98cc64c5_6a4f8cc2436ba.pdf""}, {""id"": ""11797"", ""description"": ""KOSHER"", ""link"": ""https://erp.tpci.in//frontend/exhibitor/307e6a210f2e96bdd760df6f2a34e33d_6a4f8cd368e12.pdf""}]",,[]
MTgwOTgzMWE4OTFkOGQ2OTpkOWI5ODJkODdkOWZhM2I1ZTA4NzYxZTE0MzU5YjcwNDljZmE5ODE3OnB1VVFXeEk1M3drcFJnQUNkY0pYQ0E9PQ==,Adfar Agro Foods And Spices,Private Limited,SYED FAIZAN MASOODI,Manufacturer Exporter,Food & Agri Products,"{""Rice, Pulses, Grains, Spices and Commodities"": [""Rice, Pulses, Grains, Spices and Commodities""]}",[],"{""Rice, Pulses, Grains, Spices and Commodities"": [""Rice, Pulses, Grains, Spices and Commodities""]}",B-06,2,https://www.google.com,"RANGRETH, BUDGAM",BUDGAM,Jammu And Kashmir,India,191132,APAPM7829J,+917827751998,https://www.facebook.com/,https://www.linkedin.com/home?originalSubdomain=in,https://www.twitter.com/,https://www.youtube.com/,https://www.twitter.com/,1000,"Distributor,exporter,technology Transfer",ADFAR AGRO FOODS AND SPICES,https://erp.tpci.in/images/upload/company_logo/Exhibitor-Logo-6777.jpg?rand=11998,,0,[],,[]
Y2FkNDFlZjM4MzEwNDc5MDpkNjJkZTc5YWQ4ZjRhMmE1MGU2Y2UyMjlhODk3ZTBjNjcwMDRkY2QxOjVXWjMvcDdMeENsTStxUU52bUtudEE9PQ==,Adhar Beverages Private Limited,Private Limited,AKSHAY SOLANKI,Manufacturer Exporter,Food & Agri Products,"{""Beverage & Hot Drinks"": [""Beverage & Hot Drinks""]}","[{""productName"": ""3 Sisters Super Cola"", ""description"": ""3 Sisters Super Cola (Sweetened with Dates Syrup & no added sugar)\r\nNet Quantity: 250 ml\r\nPackaging: Aluminum Can"", ""productImage"": ""https://erp.tpci.in/frontend/exhibitor/product-178411323668223172.jpg?9.463556771598343""}, {""productName"": ""No Bullshit Caffeinated Drink"", ""description"": ""No Bullshit Caffeinated Drink (No Sugar & No Calories)\r\nNet Quantity: 250 ml\r\nPackaging: Aluminum Can"", ""productImage"": ""https://erp.tpci.in/frontend/exhibitor/product-178411323652110271.jpg?5.732180462900717""}, {""productName"": ""3Sisters Non-alcoholic Beer - German Lager"", ""description"": ""3Sisters Non-alcoholic Beer - German Lager Flavor\r\nNet Quantity: 330 ml\r\nPackaging: Glass Bottle"", ""productImage"": ""https://erp.tpci.in/frontend/exhibitor/product-178411323636991514.jpg?0.2702350730730547""}, {""productName"": ""3Sisters Non-alcoholic Beer - Cranberry "", ""description"": ""3Sisters Non-alcoholic Beer - Cranberry Flavor\r\nNet Quantity: 330 ml\r\nPackaging: Glass Bottle"", ""productImage"": ""https://erp.tpci.in/frontend/exhibitor/product-178411323633635848.jpg?84.15463705002763""}, {""productName"": ""3Sisters Non-alcoholic Beer - Strawberry"", ""description"": ""3Sisters Non-alcoholic Beer - Strawberry Flavor\r\nNet Quantity: 330 ml\r\nPackaging: Glass Bottle"", ""productImage"": ""https://erp.tpci.in/frontend/exhibitor/product-17841132362640684.jpg?19.96248310428344""}, {""productName"": ""3Sisters Non-alcoholic Beer - Peach"", ""description"": ""3Sisters Non-alcoholic Beer - Peach Flavor\r\nNet Quantity: 330 ml\r\nPackaging: Glass Bottle"", ""productImage"": ""https://erp.tpci.in/frontend/exhibitor/product-178411323618099336.jpg?47.34850744469883""}, {""productName"": ""3Sisters Non-alcoholic Beer - Kiwi Mint"", ""description"": ""3Sisters Non-alcoholic Beer - Kiwi Mint Flavor\r\nNet Quantity: 330 ml\r\nPackaging: Glass Bottle"", ""productImage"": ""https://erp.tpci.in/frontend/exhibitor/product-178411323633246027.jpg?76.85509098400836""}, {""productName"": ""3Sisters Non-alcoholic Beer - Peach Mango"", ""description"": ""3Sisters Non-alcoholic Beer - Peach Mango Flavor\r\nNet Quantity: 330 ml\r\nPackaging: Glass Bottle"", ""productImage"": ""https://erp.tpci.in/frontend/exhibitor/product-178411323633502533.jpg?42.22993565930979""}, {""productName"": ""3Sisters Non-alcoholic Beer - German Lager Zero Sugar"", ""description"": ""3Sisters Non-alcoholic Beer - German Lager Zero Sugar Flavor \r\nNet Quantity: 330 ml\r\nPackaging: Glass Bottle"", ""productImage"": ""https://erp.tpci.in/frontend/exhibitor/product-178411323684000703.jpg?80.58440841788837""}, {""productName"": ""3Sisters Non-alcoholic Beer - Cranberry Zero Sugar"", ""description"": ""3Sisters Non-alcoholic Beer - Cranberry Zero Sugar Flavor \r\nNet Quantity: 330 ml\r\nPackaging: Glass Bottle"", ""productImage"": ""https://erp.tpci.in/frontend/exhibitor/product-178411323620253285.jpg?76.23223818487696""}, {""productName"": ""3Sisters Non-alcoholic Beer - Ginger"", ""description"": ""3Sisters Non-alcoholic Beer - Ginger Flavor\r\nNet Quantity: 330 ml\r\nPackaging: Glass Bottle"", ""productImage"": ""https://erp.tpci.in/frontend/exhibitor/product-178411323682359535.jpg?39.40796874408421""}, {""productName"": ""3Sisters Indie-Soda - Imli Chaska"", ""description"": ""3Sisters Indie-Soda - Imli Chaska (Tamrind Fizz)\r\nNet Quantity: 250 ml\r\nPackaging: Aluminum Can"", ""productImage"": ""https://erp.tpci.in/frontend/exhibitor/product-178411323646792531.jpg?68.34313223915466""}, {""productName"": ""3Sisters Indie-Soda - Kala Khatta "", ""description"": ""3Sisters Indie-Soda - Kala Khatta (Jamun Fizz)\r\nNet Quantity: 250 ml\r\nPackaging: Aluminum Can"", ""productImage"": ""https://erp.tpci.in/frontend/exhibitor/product-178411323656292207.jpg?23.491758036885184""}, {""productName"": ""3Sisters Indie-Soda - Twisted Shikanji"", ""description"": ""3Sisters Indie-Soda - Twisted Shikanji (Indian Lemonade)\r\nNet Quantity: 250 ml\r\nPackaging: Aluminum Can"", ""productImage"": ""https://erp.tpci.in/frontend/exhibitor/product-178411323662039795.jpg?12.429396540326437""}, {""productName"": ""3Sisters Indie-Soda - Jeera Masala"", ""description"": ""3Sisters Indie-Soda - Jeera Masala \r\nNet Quantity: 250 ml\r\nPackaging: Aluminum Can"", ""productImage"": ""https://erp.tpci.in/frontend/exhibitor/product-178411323635620479.jpg?91.67171166434113""}, {""productName"": ""Aruba - Cranberry Lemonade Mocktail"", ""description"": ""Aruba - Cranberry Lemonade (Ready to Drink Mocktail)\r\nNet Quantity: 250 ml\r\nPackaging: Aluminum Can"", ""productImage"": ""https://erp.tpci.in/frontend/exhibitor/product-178411323665835602.jpg?21.070371774090802""}, {""productName"": ""Aruba - Blueberry Lemonade Mocktail"", ""description"": ""Aruba - Blueberry Lemonade (Ready to Drink Mocktail)\r\nNet Quantity: 250 ml\r\nPackaging: Aluminum Can"", ""productImage"": ""https://erp.tpci.in/frontend/exhibitor/product-178411323610478905.jpg?30.336726950795136""}, {""productName"": ""Aruba - Mojito Mocktail"", ""description"": ""Aruba - Mojito (Ready to Drink Mocktail)\r\nNet Quantity: 250 ml\r\nPackaging: Aluminum Can"", ""productImage"": ""https://erp.tpci.in/frontend/exhibitor/product-178411323637194914.jpg?88.47252250506777""}, {""productName"": ""Aruba - Ginger Ale Mocktail"", ""description"": ""Aruba - Ginger Ale (Mixer)\r\nNet Quantity: 250 ml\r\nPackaging: Aluminum Can"", ""productImage"": ""https://erp.tpci.in/frontend/exhibitor/product-178411323632733282.jpg?51.35243474631797""}, {""productName"": ""Aruba - Tonic Water Mocktail"", ""description"": ""Aruba - Tonic Water (Mixer)\r\nNet Quantity: 250 ml\r\nPackaging: Aluminum Can"", ""productImage"": ""https://erp.tpci.in/frontend/exhibitor/product-17841132362881208.jpg?91.34460928975102""}, {""productName"": ""Aruba - Naughty Cosmopolitan Mocktail"", ""description"": ""Aruba - Naughty Cosmopolitan (Ready to Drink Mocktail)\r\nNet Quantity: 250 ml\r\nPackaging: Aluminum Can"", ""productImage"": ""https://erp.tpci.in/frontend/exhibitor/product-178411323670679912.jpg?2.6657452831657094""}]","{""Beverage & Hot Drinks"": [""Beverage & Hot Drinks""]}",A-03,2,https://adharbeverages.in/,"A482, TTC INDUSTRIAL AREA, MAHAPE MIDC, NAVI MUMBAI - 400071 , MUMBAI",MUMBAI,Maharashtra,,400071,AAVCA7659M,+917827751998,https://www.facebook.com/,http://www.linkedin.com/ https://www.linkedin.com/company/3sistersdrinks/posts/?feedView=all,https://www.twitter.com/,https://www.youtube.com/,http://www.instagram.com/ https://www.instagram.com/3sistersdrinks/?hl=en,1000,"Distributor,exporter",ADHAR BEVERAGES PRIVATE LIMITED,https://erp.tpci.in/images/upload/company_logo/Exhibitor-Logo-6764_6a5f3c6ccd18e.jpeg?rand=26845,https://erp.tpci.in/uploads/ex_docs/6764/Brochure - 3sistersdrinks _all products.pdfc2419b90ef424f6bfd1d4c8f598baa45_6a5f3ca7a13ed.pdf,02,"[{""id"": ""11891"", ""description"": ""ISO 9001:2015 Certification"", ""link"": ""https://erp.tpci.in//frontend/exhibitor/45cbefa31b4ca21c20142c554d14b7c6_6a5762bb87a32.pdf""}, {""id"": ""11911"", ""description"": ""FSSC 22000"", ""link"": ""https://erp.tpci.in//frontend/exhibitor/9c6cb573344ee2ca0cc05fbd1ba927cc_6a58a4b09ec11.pdf""}]",,"[{""type"": ""youtube"", ""video_url"": ""https://www.youtube.com/watch?v=_CioL2B2fn4"", ""title"": ""Reliable Partners in Beverage Contract Manufacturing - Adhar Beverages""}]"
MTBlYWMzNWJhM2U4ZDA0ZTplMjBlOGYxMDE1NmRhMGFkY2ZkNmY4Yjk0MDE1OTZlNDUxM2NkYWNmOlRyNU8xWG53MjMvZXRUYVE0Zmt4TUE9PQ==,Ajit Sweets,Proprietor,DHARA,Manufacturer,Food & Agri Products,"{""Bakery & Breads"": [""Bakery & Breads""], ""Sweets & Confectionery"": [""Sweets & Confectionery""]}",[],"{""Bakery & Breads"": [""Bakery & Breads""], ""Sweets & Confectionery"": [""Sweets & Confectionery""]}",D-16,2,https://ajitsweets.com/,244 D7 BHUMI WORLD IND PARK OFF NASHIK EXPRESSWAY PIMPLAS BHIWANDI,THANE,Maharashtra,India,421311,AADPM7035L,+917827751998,https://www.facebook.com/,https://www.linkedin.com/home?originalSubdomain=in,https://www.twitter.com/,https://www.youtube.com/,https://www.twitter.com/,1000,"Distributor,exporter,importer",AJIT SWEETS,https://erp.tpci.in/images/upload/company_logo/Exhibitor-Logo-6652.png?rand=41577,,0,[],,[]
Y2QxMDVkZTdmMmRiNGI4MjpiNjFjMzBlNjMyNzlmMDdlNTJkZDMwMGY5ZDA0YTUwZWIyZGU4YzlmOnArelNubnU2OEtkci9YcEsxandqcXc9PQ==,Amrutlal And Sons Pvt. Ltd.,Private Limited,JIGNESH JIVRAJANI,Manufacturer,Food & Agri Products,"{""Indian Ethnic Food"": [""Indian Ethnic Food""], ""Private Label"": [""Private Label""]}",[],"{""Indian Ethnic Food"": [""Indian Ethnic Food""], ""Private Label"": [""Private Label""]}",E-27,2,www.mahalaxmispice.com,"R.K. INDUSTRIAL ZONE - 10, PLOT NO. : 14,15,16, KUVADVA-WAKANER ROAD, OPP. GETCO 66 KV KUVADVA SUBSTATION, NATIONAL HIGHWAY 27, VILLAGE- RANPUR, DIST RAJKOT - 360023",RAJKOT,Gujarat,India,360023,AAVCA8575E,+917827751998,https://www.facebook.com/,https://www.linkedin.com/home?originalSubdomain=in,https://www.twitter.com/,https://www.youtube.com/,https://www.twitter.com/,1682000,Importer,"WE AMRUTLAL AND SONS PVT. LTD. IS MANUFACTURING INDIAN AUTHENTIC SPICES SINCE 1962 WITH THE BRAND NAME MAHALAXMI SPICES, WE ARE PIONEER IN BLENDED SPICES. OUR AIM IS TO PROVIDE BEST QUALITY PRODUCT",https://erp.tpci.in/images/upload/company_logo/Exhibitor-Logo-6551.png?rand=94583,,0,[],,[]
NmU3NDNmNjNhMTQxMThmYTphYTkwNDBkNTJlZjk0Y2I5MzYzOGE1YjJkMWY5MmNkZmI3YWUxN2U1OlhyZmp6REl0alVRYWtMdFlManlVdHc9PQ==,Angur Pulses Llp,Proprietor,DHAVAL DARAJI,Manufacturer,Food & Agri Products,"{""Rice, Pulses, Grains, Spices and Commodities"": [""Rice, Pulses, Grains, Spices and Commodities""]}",[],"{""Rice, Pulses, Grains, Spices and Commodities"": [""Rice, Pulses, Grains, Spices and Commodities""]}",B-23,2,https://www.angur.com/,"S. NO. 192/2, APPOCW ROAD, ON NH- 48,  VASAD",ANAND,Gujarat,India,388306,ABEFA1731B,+917827751998,https://www.facebook.com/,https://www.linkedin.com/home?originalSubdomain=in,https://www.twitter.com/,https://www.youtube.com/,https://www.twitter.com/,1000,"Distributor,exporter,importer",ANGUR PULSES LLP,https://erp.tpci.in/images/upload/company_logo/Exhibitor-Logo-6649.png?rand=75886,,0,[],,[]
ODg4NmMzOTMzMmZkOTBiZjo1ZTIwYjZlYmY3NDMzMzU5NmJlZjJhOWRmMDk2NTk3Nzk5NWUyYmVhOjRtTnczZTNWVW9sTStCS2gyVE5Zanc9PQ==,Authentication Solution Providers Association,Society,PUNEET MAITHANI,Service Provider,Service Sector,"{""Digital FoodTech, Traceability & AI"": [""Digital FoodTech, Traceability & AI""]}",[],"{""Digital FoodTech, Traceability & AI"": [""Digital FoodTech, Traceability & AI""]}",E-06A,2,www.aspaglobal.com,"521, 5TH FLOOR, ANSAL TOWER 38,
NEHRU PLACE 110019, NEW DELHI, INDIA",NEW DELHI,Delhi,India,110019,0000000000,9319440030,http://www.facebook.com/aspaglobal/,http://www.linkedin.com/aspaglobal/,https://www.twitter.com/,http://www.youtube.com/aspaglobal/,http://www.instagram.com/9319440030,1000,"Distributor,exporter",AUTHENTICATION SOLUTION PROVIDERS ASSOCIATION,https://erp.tpci.in/images/upload/company_logo/Exhibitor-Logo-6773_6a57494724820.png?rand=55167,https://erp.tpci.in/uploads/ex_docs/6773/Crisil_ASPA_Report_2025_D4_SP-compressed.pdf5af74733c8275c3e970eb062f9f0a1a5_6a574d4c7ae4e.pdf,01,"[{""id"": ""11886"", ""description"": ""ASPA GST Certificate"", ""link"": ""https://erp.tpci.in//frontend/exhibitor/2c8acc03b71cd492baf47e23614953a5_6a575155a92d3.pdf""}]",,[]
ZTliN2FjMzFlZWRmZjY3ZjplZTlkMGQzNWJkNzNjMzYzNzkxYzE4YWUyYzJiZDRiY2E2NzE1YTg1Om5LeSt2M1JReWIxOXJtWjN0b000aFE9PQ==,Avitus Foods Llp,Partnership,PIYUSH PATEL,Manufacturer Exporter,Food & Agri Products,"{""Fats & Oils"": [""Fats & Oils""], ""Fine Food"": [""Fine Food""], ""Food Ingredients"": [""Food Ingredients""], ""Grocery, Staple & Dry Foods"": [""Grocery, Staple & Dry Foods""], ""Health Food, Free From & Super Food"": [""Health Food, Free From & Super Food""], ""Indian Ethnic Food"": [""Indian Ethnic Food""], ""Organic, Natural & Ethical Foods"": [""Organic, Natural & Ethical Foods""], ""Private Label"": [""Private Label""]}","[{""productName"": ""Cold Pressed Oils"", ""description"": ""Avitus Foods LLP is a leading Indian manufacturer of 100% pure, virgin, unrefined, solvent-free cold-pressed oils, produced using advanced European cold-press technology under hygienic stainless-steel processing extracted for retail, private label, food, wellness, hospitality, and export markets."", ""productImage"": ""https://erp.tpci.in/frontend/exhibitor/product-178401630139456314.jpg?72.17190328256405""}]","{""Fats & Oils"": [""Fats & Oils""], ""Fine Food"": [""Fine Food""], ""Food Ingredients"": [""Food Ingredients""], ""Grocery, Staple & Dry Foods"": [""Grocery, Staple & Dry Foods""], ""Health Food, Free From & Super Food"": [""Health Food, Free From & Super Food""], ""Indian Ethnic Food"": [""Indian Ethnic Food""], ""Organic, Natural & Ethical Foods"": [""Organic, Natural & Ethical Foods""], ""Private Label"": [""Private Label""]}",B-22,2,https://www.avitusfoods.com/,"A-2, DHARA ESTATE, BLOCK NO. 1706, NEAR NARMADA CANAL,",GANDHINAGAR,Gujarat,India,382722,ABSFA3030B,9974969002,https://www.facebook.com/,https://www.linkedin.com/home?originalSubdomain=in,https://www.twitter.com/,https://www.youtube.com/,http://www.instagram.com/avitusfoods_llp/,1000,"Distributor,exporter",AVITUS FOODS IS A LEADING COLD PRESSED OIL MANUFACTURER IN INDIA. WE ARE A PROVIDER OF HIGH-QUALITY EDIBLE OILS THAT CATER TO YOUR EVERYDAY COOKING NEEDS. OUR TEAM OF EXPERTS WORKS TIRELESSLY TO CREATE OILS THAT ARE NOT ONLY HEALTHY BUT ALSO DELICIOUS. OUR OILS ARE MADE FROM THE FINEST INGREDIENTS AND PROCESSED USING STATE-OF-THE-ART TECHNIQUES TO ENSURE THEIR QUALITY AND PURITY. WE SOURCE OUR INGREDIENTS FROM THE BEST SUPPLIERS AND USE THE LATEST TECHNOLOGY TO PRODUCE OILS THAT ARE FREE FROM HARMFUL CHEMICALS AND ADDITIVES.,https://erp.tpci.in/images/upload/company_logo/Exhibitor-Logo-6661_6a572a2e88baa.jpg?rand=38516,https://erp.tpci.in/uploads/ex_docs/6661/Catlog-Avitus.pdf08e10ddcaf071d178112083c27082552_6a572b4011f20.pdf,0,[],,[]
YzY3NDk3NGU0ZmUwOWJmNzpmZWM5YmMyOWFiNGUyYmY0MGU0NDU1ZDE1MjA0MWE1MDZiYzZkNjNkOnVGNFdJVytUMUhRcGxkVW51aURka3c9PQ==,Bakemo,Proprietor,SAURABH,Manufacturer,Food & Agri Products,"{""Bakery & Breads"": [""Bakery & Breads""]}",[],"{""Bakery & Breads"": [""Bakery & Breads""]}",D-22,2,https://www.google.com,"14, ARYAN BUNGALOW, JASHODANAGAR-MAHEMDABAD ROAD, B/H ANNANPURNA HOTEL, JASODA NAGAR",AHMEDABAD,Gujarat,,382445,AGTPB4022A,+917827751998,https://www.facebook.com/,https://www.linkedin.com/home?originalSubdomain=in,https://www.twitter.com/,https://www.youtube.com/,https://www.twitter.com/,1000,"Distributor,importer",MOMENTUM ELASTOMERS (BAKEMO),https://erp.tpci.in/images/upload/company_logo/Exhibitor-Logo-6608_6a58884655082.jpg?rand=44987,,0,[],,[]
ODI1MjFhOTE2OWM1MTViODplY2I5OWE2YTA4NDg5MmE2MDY3M2ZiNTE5MTI5MmE1NmI2MzZmOGM4OkcyanlKTWs0YUU4bFQ0QXRTYTIybHc9PQ==,Bansal Group,Proprietor,AKHIL,Manufacturer,Food & Agri Products,"{""Health Food, Free From & Super Food"": [""Health Food, Free From & Super Food""], ""Indian Ethnic Food"": [""Indian Ethnic Food""], ""Snacks & On the Go Foods"": [""Snacks & On the Go Foods""], ""Sweets & Confectionery"": [""Sweets & Confectionery""]}","[{""productName"": ""9 in One Pudina"", ""description"": ""9 in One Flakes Mix"", ""productImage"": ""https://erp.tpci.in/frontend/exhibitor/product-178465073684113163.jpg?69.4727469882674""}, {""productName"": ""Bajra Mix Salted"", ""description"": ""Bajra Mix Salted"", ""productImage"": ""https://erp.tpci.in/frontend/exhibitor/product-178465073688112013.jpg?56.17378964663836""}]","{""Health Food, Free From & Super Food"": [""Health Food, Free From & Super Food""], ""Indian Ethnic Food"": [""Indian Ethnic Food""], ""Snacks & On the Go Foods"": [""Snacks & On the Go Foods""], ""Sweets & Confectionery"": [""Sweets & Confectionery""]}",A-06,2,www.roastedsnacks.com,294 GREEN LAND MAJITA -BATALA ROAD BYEPASS,AMRITSAR,Punjab,India,143001,ADPPA6460L,9356022767,http://www.facebook.com/roastedsnacks,http://www.linkedin.com/company/roastedsnacks/,https://www.twitter.com/,https://www.youtube.com/,http://www.instagram.com/roastedsnacks,40000,"Distributor,importer",BANSAL GROUP,https://erp.tpci.in/images/upload/company_logo/Exhibitor-Logo-6628.jpg?rand=25086,,0,[],,"[{""type"": ""youtube"", ""video_url"": ""https://www.youtube.com/watch?v=gOtlwOUvEHg"", ""title"": ""BANSAL SNAX - PRODUCTION"", ""description"": ""Bansal Snax Production Video""}]"
NTQ0OTRhZGVmNWQyMGUyYTo1NTIyOTBkNzM2OTE2ZjdhYTFkZDBjMjY3ZGNhYzRkODQxNjJiOTBjOkkzT3Aya1BEcks0TjhiUTdmQ091L2c9PQ==,Bardhaman Imax Agro Products,Proprietor,ABDUL VARISH,Manufacturer,Food & Agri Products,"{""Private Label"": [""Private Label""], ""Rice, Pulses, Grains, Spices and Commodities"": [""Rice, Pulses, Grains, Spices and Commodities""]}","[{""productName"": ""KYMA GOLD JEERAKASALA RICE"", ""description"": ""India’s Largest Jeerakasala / Gobindobhog Exporting brand"", ""productImage"": ""https://erp.tpci.in/frontend/exhibitor/product-178409555990854381.jpg?59.07362816769036""}, {""productName"": ""IMAX GOLD JEERAKASALA RICE"", ""description"": ""Premium jeerakasala / Gobindobhog Rice"", ""productImage"": ""https://erp.tpci.in/frontend/exhibitor/product-178409555958469097.jpg?72.90015013227253""}]","{""Private Label"": [""Private Label""], ""Rice, Pulses, Grains, Spices and Commodities"": [""Rice, Pulses, Grains, Spices and Commodities""]}",B-02,2,www.imaxgold.com,"DAG-531,532 MACHKHANDA. CHAK PUROHIT. RAINA",PURBA BARDHAMAN,West Bengal,India,713103,AZRPA9430A,+917827751998,https://www.facebook.com/,https://www.linkedin.com/home?originalSubdomain=in,https://www.twitter.com/,https://www.youtube.com/,http://www.instagram.com/,"58,000,000","Distributor,exporter,importer",BARDHAMAN IMAX AGRO PRODUCTS,https://erp.tpci.in/images/upload/company_logo/Exhibitor-Logo-6673_6a5723b0040eb.png?rand=8034,,01,"[{""id"": ""11872"", ""description"": ""HACCP CERTIFICATE"", ""link"": ""https://erp.tpci.in//frontend/exhibitor/0afd9b46484b5065371c8f5e4975ed01_6a572e3cd742a.pdf""}]",,[]
MDBhOGZjM2UwYWI1ZjA2MTo2MjBhMTEwYzA5Nzk5Nzk3ODAxMjRhMjM1NzM2Y2Q5MzNkY2QxYjEwOlhGWkZBemxwNzdmenFxYlhVeEtsK0E9PQ==,Basu Kesar Company,Partnership,AFAN BASU,Manufacturer,Food & Agri Products,"{""Dry Fruits & Nuts"": [""Dry Fruits & Nuts""], ""Food Ingredients"": [""Food Ingredients""], ""Private Label"": [""Private Label""], ""Rice, Pulses, Grains, Spices and Commodities"": [""Rice, Pulses, Grains, Spices and Commodities""]}",[],"{""Dry Fruits & Nuts"": [""Dry Fruits & Nuts""], ""Food Ingredients"": [""Food Ingredients""], ""Private Label"": [""Private Label""], ""Rice, Pulses, Grains, Spices and Commodities"": [""Rice, Pulses, Grains, Spices and Commodities""]}",B-35B,2,https://basukesar.com/,DRANGBAL,PAMPORE,Jammu And Kashmir,India,192121,AAAFB9694H,+917827751998,https://www.facebook.com/,https://www.linkedin.com/home?originalSubdomain=in,https://www.twitter.com/,https://www.youtube.com/,https://www.twitter.com/,100000,"Distributor,exporter,importer","Basu Kesar Co. offers trusted private labelling solutions for saffron and Kashmiri dry fruits. From sourcing to eco-friendly packaging, we ensure your brand carries our legacy of purity, quality, and authenticity.",https://erp.tpci.in/images/upload/company_logo/Exhibitor-Logo-6574_6a5b305fbbe1e.png?rand=80121,,0,[],,[]
NTY1YjNjNzU3YzIyNWM0Zjo1MGMyZDk2MDg0OGEwZDgwMDIzOTA2MmVkZTZmNDNkNTcwYzM4MGY4OjEvTlVkVWJ0bDRPd2pCZ0pVdklGYVE9PQ==,Bcfoods (india) Seasonings And Ingredients Pvt Ltd,Private Limited,HARDIK,Manufacturer,Food & Agri Products,"{""Beverage & Hot Drinks"": [""Beverage & Hot Drinks""], ""Fresh Produce"": [""Fresh Produce""]}",[],"{""Beverage & Hot Drinks"": [""Beverage & Hot Drinks""], ""Fresh Produce"": [""Fresh Produce""]}",D-02,2,https://www.google.com,"53, NEELKANTH VILLA BUNGLOWS, DPS - NEELKANTH",AHMEDABAD,Gujarat,India,380058,AAHCB7960J,+917827751998,https://www.facebook.com/,https://www.linkedin.com/home?originalSubdomain=in,https://www.twitter.com/,https://www.youtube.com/,https://www.twitter.com/,1000,Exporter,BCFOODS (INDIA) SEASONINGS AND INGREDIENTS PVT LTD,https://erp.tpci.in/images/upload/company_logo/Exhibitor-Logo-6811.jpeg?rand=94323,,0,[],,[]
MDJkOGNhZjhiYTU3MTVlYTo5MDg4ZGRkMjRiNTVmM2NiMmZlYTgzOTUwNDU2ZjVlYWEzYmQ4ZjQ0OnFRcWVnN3F1NVl5SUljdlpRbnlRd0E9PQ==,Beehive Farms Pvt. Ltd.,Private Limited,NISHANT,Manufacturer Exporter,Food & Agri Products,"{""Fresh Produce"": [""Fresh Produce""]}",[],"{""Fresh Produce"": [""Fresh Produce""]}",F-01,2,https://www.beehivefarms.com,"31-F , 1ST N 2ND FLOOR BRS NAGAR MARKET",LUDHIANA,Punjab,India,141001,AAFCB9352A,+917827751998,https://www.facebook.com/,https://www.linkedin.com/home?originalSubdomain=in,https://www.twitter.com/,https://www.youtube.com/,https://www.twitter.com/,1000,"Distributor,importer",BEEHIVE FARMS PVT. LTD.,https://erp.tpci.in/images/upload/company_logo/Exhibitor-Logo-6623_6a6097ef5bb2b.jpeg?rand=21659,,0,[],,[]
MTBjYzM3NGZhYjBjY2JiYTo3ZmQzZjNmNmY5MGJlYTEwMzU2NzI2ZGJkYjYxMmVmNzAzZWNiZWM1OkF6SHhTTkdaT3BNMng1c0FZVk5aNXc9PQ==,Beyond India Exports,Partnership,NILESH,Merchant Importer,Food & Agri Products,"{""Sweets & Confectionery"": [""Sweets & Confectionery""]}","[{""productName"": ""Jaggery Range"", ""description"": ""At Jabani, we believe sweetness should be simple, honest, and true to its roots. Our jaggery is crafted in small batches using traditional methods that preserve its natural richness and authenticity. We work closely with trusted local farmers to source the finest ingredients, ensuring every product "", ""productImage"": ""https://erp.tpci.in/frontend/exhibitor/product-178419829930517874.jpg?66.96903376557775""}]","{""Sweets & Confectionery"": [""Sweets & Confectionery""]}",F-11,2,https://www.beyondindiaexport.com/,"21, MALAD ELEPHANTA CHS LTD, GAUSHALA LANE B L MORARKA MARG, NEAR RAMLILA MAIDAN, MALAD EAST MUMBAI, 400097, MUMBAI SUBURBAN, MAHARASHTRA",MUMBAI,Maharashtra,,400097,AAXFB7693M,9082547171,https://www.facebook.com/,https://www.linkedin.com/home?originalSubdomain=in,https://www.twitter.com/,https://www.youtube.com/,http://www.instagram.com/jabanibrand/,1500000,"Distributor,exporter","WE AT BEYOND INDIA EXPORTS, UNDER OUR BRAND 'JABANI' ARE BRINGING INDIA’S TIMELESS SWEETNESS TO THE MODERN WORLD, ONE HANDCRAFTED BITE AT A TIME.",https://erp.tpci.in/images/upload/company_logo/Exhibitor-Logo-6720_6a589f7668956.png?rand=99814,https://erp.tpci.in/uploads/ex_docs/6720/JABANI Catalogue Temp.pdfd174b07ee1884ac75ce4f2a6b3d35f8c_6a58a997df159.pdf,01,"[{""id"": ""11912"", ""description"": ""fssai"", ""link"": ""https://erp.tpci.in//frontend/exhibitor/797dc4161b9a79b9362ec6fb20c7ce0a_6a58a5dfb7385.pdf""}]",,[]
MGQ3Njk2ZGFlZDJkZjk2YjoxMWViZmMzMmVjNDJmZjE2NmRlZDc2Y2RmY2I5MjU0MWU5YjM0ODEwOmxpSUdobzNQTyszWkRXRlZWd2pmOUE9PQ==,Bhaderkashi Fruits Producer Com Ltd,Private Limited,RAMNEEK SINGH MANHAS,Manufacturer,Food & Agri Products,"{""Dry Fruits & Nuts"": [""Dry Fruits & Nuts""], ""Fresh Produce"": [""Fresh Produce""], ""Indian Ethnic Food"": [""Indian Ethnic Food""], ""Plant Based & Alternative Proteins"": [""Plant Based & Alternative Proteins""], ""Rice, Pulses, Grains, Spices and Commodities"": [""Rice, Pulses, Grains, Spices and Commodities""]}",[],"{""Dry Fruits & Nuts"": [""Dry Fruits & Nuts""], ""Fresh Produce"": [""Fresh Produce""], ""Indian Ethnic Food"": [""Indian Ethnic Food""], ""Plant Based & Alternative Proteins"": [""Plant Based & Alternative Proteins""], ""Rice, Pulses, Grains, Spices and Commodities"": [""Rice, Pulses, Grains, Spices and Commodities""]}",B-08,2,www.bhadarkashi.in,COOL BREEZE AMUSEMENT PARK SARTINGAL,BHADARWAH,Jammu And Kashmir,India,182222,AAKCB4626L,+917827751998,https://www.facebook.com/,https://www.linkedin.com/home?originalSubdomain=in,https://www.twitter.com/,https://www.youtube.com/,https://www.twitter.com/,00000,Exporter,"BHADERKASHI FRUITS PRODUCER COMPANY LIMITED (BFPCL) IS A FARMER-OWNED PRODUCER COMPANY ESTABLISHED ON 21 JANUARY 2022 IN BHADERWAH, DODA DISTRICT, JAMMU & KASHMIR. THE COMPANY WAS FORMED WITH THE OBJECTIVE OF IMPROVING THE LIVELIHOODS OF FARMERS THROUGH SCIENTIFIC CULTIVATION, VALUE ADDITION, PROCESSING, BRANDING, AND MARKETING OF FRUITS AND OTHER AGRICULTURAL PRODUCE. IT PROMOTES SUSTAINABLE FARMING PRACTICES, STRENGTHENS MARKET LINKAGES, AND ENHANCES THE INCOME OF FARMERS IN THE REGION. TO

TODAY,THE FPO HAS MORE THAN 3000 FAMILIES ASSOCIATED WITH 12 FIGS AND 1 WOMEN GROUP FOR VA&P .",https://erp.tpci.in/images/upload/company_logo/Exhibitor-Logo-6817.png?rand=33446,,0,[],,[]
YzI3M2VlYjI2MGE2NzZhNjo2YWY1MGRjMDlhYmY4YzI5ZjIyOWJkZWE1YjQwMGU0NWZjYTI0NmE2OmxTcXN1bkNmSHBiN0ZvNHRKbm1VQXc9PQ==,Bhailal Trikamlal & Co,Partnership,JAYESH BHAILALBHAI SHAH,Manufacturer Exporter,Food & Agri Products,"{""Food Ingredients"": [""Food Ingredients""], ""Rice, Pulses, Grains, Spices and Commodities"": [""Rice, Pulses, Grains, Spices and Commodities""]}","[{""productName"": ""CUMIN SEEDS"", ""description"": ""CUMIN SEEDS SINGAPORE\r\nCUMIN SEEDS EUROPE QUALITY"", ""productImage"": ""https://erp.tpci.in/frontend/exhibitor/product-178401217792432351.jpg?37.69066048570971""}, {""productName"": ""FENNEL SEEDS"", ""description"": ""FENNEL SEEDS SINGAPORE \r\nFENNEL SEEDS EUROPE"", ""productImage"": ""https://erp.tpci.in/frontend/exhibitor/product-178401217742939099.jpg?81.66488845056378""}, {""productName"": ""CORIANDER SEEDS"", ""description"": ""CORIANDER SEED EAGLE SORTEX"", ""productImage"": ""https://erp.tpci.in/frontend/exhibitor/product-178401217772689764.jpg?95.25246386905431""}]","{""Food Ingredients"": [""Food Ingredients""], ""Rice, Pulses, Grains, Spices and Commodities"": [""Rice, Pulses, Grains, Spices and Commodities""]}",E-23,2,https://www.btspices.com/,"A-49, MAIN LINE,GUNJ BAZAR",UNJHA,Gujarat,,384170,AACFB0792J,9898699998,https://www.facebook.com/,https://www.linkedin.com/home?originalSubdomain=in,https://www.twitter.com/,http://www.youtube.com/https://www.youtube.com/watch?v=aeveq58bUkw,https://www.twitter.com/,"20,833,333","Exporter,importer","BT SPICES BELIEVE IN BEING CLOSELY ALIGNED TO MARKET NEEDS, AND THEREFORE, ENSURE THAT WE DELIVER QUALITY PRODUCTS TO OUR CUSTOMERS. TO SCALE UP TO MEET THE GROWING DEMAND, WE MOVED FROM MANUAL GRINDING TO COMPLETELY PROGRAMMED MACHINES WITHOUT COMPROMISING ON TASTE AND AUTHENTICITY. OUR PRODUCTION PROCESS ENSURES OPTIMUM QUALITY AS WELL AS HYGIENE.",https://erp.tpci.in/images/upload/company_logo/Exhibitor-Logo-6594_6a55dc1833880.png?rand=69593,https://erp.tpci.in/uploads/ex_docs/6594/BT SPICES_BROCHURE.pdf415d4d39b977ed4bcb93a4b307adc672_6a4f86400cad1.pdf,02,"[{""id"": ""11794"", ""description"": ""happac"", ""link"": ""https://erp.tpci.in//frontend/exhibitor/a83a0c2b87832788fabb00c4fe6854f5_6a4f8697c28a4.pdf""}, {""id"": ""11795"", ""description"": ""BRC"", ""link"": ""https://erp.tpci.in//frontend/exhibitor/5a2cc9e081f9933492713dd9be232e76_6a4f86ac56b40.pdf""}]",,"[{""type"": ""youtube"", ""video_url"": ""https://www.youtube.com/watch?v=aeveq58bUkw"", ""title"": ""BT SPICES""}]"
YzFkYjc1Mjg3OTgyNjdkYTpiODk2N2U3NzlmOWZhMGE2OGE5ZTVjY2E4ZTA1NTI2MjZkNDM2MTlmOlhKWi9PWXB4NDB4cVFiRWxJR3JFWkE9PQ==,Bhandari Export,Proprietor,SHITAL TANMAY BHANDARI,Manufacturer Exporter,Food & Agri Products,"{""Rice, Pulses, Grains, Spices and Commodities"": [""Rice, Pulses, Grains, Spices and Commodities""]}","[{""productName"": ""A 1 KANDA LASUN MASALA"", ""description"": ""We say that spice is the important component of food, yes offcourse it is our A1 masala which makes food taste like a delicasy!!!\r\nShreekant Masale, founded in 1975 started with a small root and now the company has reached to different heights and levels."", ""productImage"": ""https://erp.tpci.in/frontend/exhibitor/product-17841029121693091.jpg?10.642230241226248""}, {""productName"": ""CHILLI POWDER"", ""description"": ""Shreekant Masale, founded in 1975 started with a small root and now the company has reached to different heights and levels."", ""productImage"": ""https://erp.tpci.in/frontend/exhibitor/product-178410291228560748.jpg?81.14418609174359""}, {""productName"": ""DHANA POWDER"", ""description"": ""Shreekant Masale, founded in 1975 started with a small root and now the company has reached to different heights and levels."", ""productImage"": ""https://erp.tpci.in/frontend/exhibitor/product-178410291263627868.jpg?73.79424280840368""}, {""productName"": ""KASHMIRI POWDER"", ""description"": ""Shreekant Masale, founded in 1975 started with a small root and now the company has reached to different heights and levels."", ""productImage"": ""https://erp.tpci.in/frontend/exhibitor/product-178410291292605656.jpg?25.538658840152117""}, {""productName"": ""PICKEL MANGP"", ""description"": ""Shreekant Masale, founded in 1975 started with a small root and now the company has reached to different heights and levels."", ""productImage"": ""https://erp.tpci.in/frontend/exhibitor/product-17841029126765035.jpg?6.310568848914065""}, {""productName"": ""FRESH BANANA"", ""description"": ""We are leading name engaged as Exporter and Supplier of wide range of Basmati Rice, Cashew Nuts, Cooking Spices and Masala, Dhaniya and Fresh Vegetables etc..."", ""productImage"": ""https://erp.tpci.in/frontend/exhibitor/product-178410291295799496.jpg?54.93687079747848""}, {""productName"": ""SWEET CORN"", ""description"": ""We are leading name engaged as Exporter and Supplier of wide range of Basmati Rice, Cashew Nuts, Cooking Spices and Masala, Dhaniya and Fresh Vegetables etc..."", ""productImage"": ""https://erp.tpci.in/frontend/exhibitor/product-178410291231226065.jpg?55.75265051401467""}, {""productName"": ""IDLI MIX"", ""description"": ""We are leading name engaged as Exporter and Supplier of wide range of Basmati Rice, Cashew Nuts, Cooking Spices and Masala, Dhaniya and Fresh Vegetables etc..."", ""productImage"": ""https://erp.tpci.in/frontend/exhibitor/product-178410291255978174.jpg?13.952643251002433""}, {""productName"": ""Misala Masala "", ""description"": ""We are leading name engaged as Exporter and Supplier of wide range of Basmati Rice, Cashew Nuts, Cooking Spices and Masala, Dhaniya and Fresh Vegetables etc..."", ""productImage"": ""https://erp.tpci.in/frontend/exhibitor/product-178410291270204658.jpg?2.5052677863326553""}, {""productName"": ""Garam masala "", ""description"": ""We are leading name engaged as Exporter and Supplier of wide range of Basmati Rice, Cashew Nuts, Cooking Spices and Masala, Dhaniya and Fresh Vegetables etc..."", ""productImage"": ""https://erp.tpci.in/frontend/exhibitor/product-178410291267247567.jpg?70.66841225202047""}, {""productName"": ""Chat masala"", ""description"": ""We are leading name engaged as Exporter and Supplier of wide range of Basmati Rice, Cashew Nuts, Cooking Spices and Masala, Dhaniya and Fresh Vegetables etc..."", ""productImage"": ""https://erp.tpci.in/frontend/exhibitor/product-178410291215144416.jpg?45.82626097446891""}]","{""Rice, Pulses, Grains, Spices and Commodities"": [""Rice, Pulses, Grains, Spices and Commodities""]}",A-37,2,https://www.bhandariexports.com/,"S NO.672/5A,SARGAM SOCIETY, WINGA, SHOP NO 6. NEAR KALUBAI MAMDIR, BIBWEWADI",PUNE,Maharashtra,India,411037,AQSPT8196Q,9011021160,http://www.facebook.com/share/p/14j3AAnnWSQ/,https://www.linkedin.com/home?originalSubdomain=in,https://www.twitter.com/,https://www.youtube.com/,http://www.instagram.com/bhandariexport88?igsh=MTdicHUxYWZyZTVlNA==,1000,"Distributor,importer","BHANDARI EXPORT

TRADITION IN TASTE. EXCELLENCE IN EXPORT.

BHANDARI EXPORT IS A TRUSTED INDIAN EXPORTER AND SUPPLIER OF PREMIUM AGRICULTURAL PRODUCTS, SPICES, AND PROCESSED FOODS. BASED IN PUNE, MAHARASHTRA, WE ARE COMMITTED TO DELIVERING AUTHENTIC INDIAN QUALITY TO CUSTOMERS ACROSS THE GLOBE.

WITH A STRONG FOCUS ON QUALITY, HYGIENE, AND CUSTOMER SATISFACTION, WE SOURCE THE FINEST PRODUCTS AND ENSURE THEY MEET INTERNATIONAL STANDARDS FOR EXPORT. OUR MODERN PACKAGING SOLUTIONS AND RELIABLE LOGISTICS HELP PRESERVE FRESHNESS FROM FARM TO DESTINATION.

OUR PRODUCTS

- INDIAN SPICES & MASALAS
- F",https://erp.tpci.in/images/upload/company_logo/Exhibitor-Logo-6578_6a561a1b91823.jpg?rand=82482,https://erp.tpci.in/uploads/ex_docs/6578/Brochure Design single.pdf00f5b5d84e64a64a3d3d64afd00317dc_6a48fb840af21.pdf,02,"[{""id"": ""11877"", ""description"": ""GST CerCertificate"", ""link"": ""https://erp.tpci.in//frontend/exhibitor/852fd7029d0478db9734baae1534fd66_6a573cf87c69a.pdf""}, {""id"": ""11878"", ""description"": ""IEC Certificate "", ""link"": ""https://erp.tpci.in//frontend/exhibitor/94a1836a7fc537a7b0b940cc5516f8a6_6a573d08c4cdd.pdf""}]",,[]
MWQ4NWFjNzI3NzQzMzk2MTo1ZGM4ZDM1ZTQwZDIwODcyYWRhYWUxOTdlNmIzMGI5MzJkZTI4ZGQ4OkZ5dWQ3b2xaVTJHN0svalA1L2hTbHc9PQ==,Bhayani Fodds Private Limited,Private Limited,CHETAN,Manufacturer Exporter,Food & Agri Products,"{""Beverage & Hot Drinks"": [""Beverage & Hot Drinks""]}","[{""productName"": ""Fryum Masala"", ""description"": ""Fryum Masala"", ""productImage"": ""https://erp.tpci.in/frontend/exhibitor/product-178463282015030682.jpg?39.42749587765662""}, {""productName"": ""Chips and Kurkure Masala"", ""description"": ""Chips and Kurkure Masala"", ""productImage"": ""https://erp.tpci.in/frontend/exhibitor/product-17846328203312069.jpg?58.141979349909334""}]","{""Beverage & Hot Drinks"": [""Beverage & Hot Drinks""]}",B-31B,2,https://www.google.com,"GROUND FLOOR, PLOT 5-6, LIBERTY INDUSTRIAL PARK, LASKANA KHOLVAL ROAD, KAMREJ, BHADA, SURAT, GUJARAT, 395013",SURAT,Gujarat,India,395013,AAOCB2009D,+917827751998,https://www.facebook.com/,https://www.linkedin.com/home?originalSubdomain=in,https://www.twitter.com/,https://www.youtube.com/,https://www.twitter.com/,1000,Exporter,BHAYANI FODDS PRIVATE LIMITED,https://erp.tpci.in/images/upload/company_logo/Exhibitor-Logo-6806.jpeg?rand=99368,https://erp.tpci.in/uploads/ex_docs/6806/Brochure Bhayani.pdfbf207450345152310763fa02995f09aa_6a5f55176a246.pdf,01,"[{""id"": ""11990"", ""description"": ""gst"", ""link"": ""https://erp.tpci.in//frontend/exhibitor/aa61282512641f337ae704ae3862ae20_6a5f552986f16.pdf""}]",,[]
YzgwYzU1N2ZkODg5MzFiMDoxZTRiYTA5YWY0NTgwMTk1OGMwOTFkZGE2N2IyMzVhYTk5MGI0MjhlOno3a3lzeGt2Z3NoaFpPSGZnMGFtV0E9PQ==,Blos Showers Agro Private Limited,Private Limited,Thelapanda Manicha Poovayya,Manufacturer Exporter,Food & Agri Products,"{""Bakery & Breads"": [""Bakery & Breads""], ""Food Ingredients"": [""Food Ingredients""], ""Organic, Natural & Ethical Foods"": [""Organic, Natural & Ethical Foods""]}",[],"{""Bakery & Breads"": [""Bakery & Breads""], ""Food Ingredients"": [""Food Ingredients""], ""Organic, Natural & Ethical Foods"": [""Organic, Natural & Ethical Foods""]}",,,https://blosshowers.com/,"NO 95 2ND ACROSS, HBR LAYOUT, NEAR HP PETROL BULK",BANGALORE,Karnataka,India,560043,AALCB6505F,+917827751998,https://www.facebook.com/,https://www.linkedin.com/home?originalSubdomain=in,https://www.twitter.com/,https://www.youtube.com/,https://www.twitter.com/,1000,"Distributor,importer",BLOS SHOWERS AGRO PRIVATE LIMITED,https://erp.tpci.in/images/upload/company_logo/Exhibitor-Logo-6643.jpeg?rand=22390,,0,[],,[]
ZWE5ZjJiNWJjYjE0MjZkMjo5NGZmNmRlZWMzZjE1NDM3YmNhN2EwMGY2MTE3OTYzY2E0ZTNlOTM5OnpqSEx4bmtPOXR4alVESXNGc29YVmc9PQ==,Brothers Global Exports,Partnership,DINESH C,Manufacturer Exporter,Food & Agri Products,"{""Indian Ethnic Food"": [""Indian Ethnic Food""], ""Organic, Natural & Ethical Foods"": [""Organic, Natural & Ethical Foods""], ""Rice, Pulses, Grains, Spices and Commodities"": [""Rice, Pulses, Grains, Spices and Commodities""]}","[{""productName"": ""Millets Grains & Millets-Value added products"", ""description"": ""Our range of whole millets includes Pearl Millet (Bajra), Sorghum (Jowar), Finger Millet (Ragi), Foxtail Millet, Little Millet, Kodo Millet, Barnyard Millet, Proso Millet, and Browntop Millet.\r\nWe also offer an extensive portfolio of value-added millet products, including Millet Flour, Millet Flakes,"", ""productImage"": ""https://erp.tpci.in/frontend/exhibitor/product-178417905435072298.jpg?96.88672925986977""}]","{""Indian Ethnic Food"": [""Indian Ethnic Food""], ""Organic, Natural & Ethical Foods"": [""Organic, Natural & Ethical Foods""], ""Rice, Pulses, Grains, Spices and Commodities"": [""Rice, Pulses, Grains, Spices and Commodities""]}",E-08,2,https://brothersglobalexports.com/,"NO.206, MOOVARASAMPET MAIN ROAD,KRISHNA NAGAR MADIPAKKAM",CHENNAI,Tamil Nadu,India,600091,ABCFB8234E,+917827751998,https://www.facebook.com/,https://www.linkedin.com/home?originalSubdomain=in,https://www.twitter.com/,https://www.youtube.com/,https://www.twitter.com/,1000,"Distributor,exporter","BROTHERS GLOBAL EXPORTS WAS FOUNDED TO CONNECT GLOBAL DEMAND WITH INDIA’S MOST RELIABLE AGRI-SOURCING. SPECIALIZING IN PREMIUM MILLETS, WE PARTNER WITH CERTIFIED GROWERS AND PROCESSORS TO DELIVER CONSISTENT QUALITY, GLOBAL COMPLIANCE, AND UNINTERRUPTED SUPPLY.",https://erp.tpci.in/images/upload/company_logo/Exhibitor-Logo-6658_6a586a6d5f852.png?rand=25807,https://erp.tpci.in/uploads/ex_docs/6658/Brothers global brochure-jan26.pdf47c4d32ecf9b745d99b7e2937df670fd_6a586b62ce7a6.pdf,01,"[{""id"": ""11901"", ""description"": ""USFDA"", ""link"": ""https://erp.tpci.in//frontend/exhibitor/4d3c3488e4fbf90a84d047754fb16245_6a586e3253226.pdf""}]",,[]
OGM5N2UzN2ZkNGIxNDRmZjoxNjdlYTA2ZDExNDhjMWRjZWI4OTJkOWYwZDE5YWM1N2ExNDE2MTc2OnFVM1pOL2xONGNnOU5yYS9TMzBPU0E9PQ==,Canny Coverage Packaging Pvt Ltd,Private Limited,DEVANSHI DALAL,Manufacturer Importer,Printing & Packaging Products & Machinery,"{""Packaging Material"": [""Packaging Material""], ""Private Label"": [""Private Label""]}","[{""productName"": ""ROTARY CPFS-50(PICK FILL SEAL MACHINE)"", ""description"": ""The Automatic Rotary Premade Pouch Packing Machine is designed to package liquids, powders, granules, pastes, and solid products with speed, precision, and reliability. Featuring an 8-station rotary system,  compatibility with Flat, Stand-Up, Back Seal& Zipper  bags giving the speed up to 60BPM."", ""productImage"": ""https://erp.tpci.in/frontend/exhibitor/product-178316476443959400.jpg?32.698638953919186""}, {""productName"": ""MULTIHEAD FFS MACHINE"", ""description"": ""This Machine combines precision weighing with high-speed automation for efficient packaging of snacks, confectionery, dry fruits, frozen foods, and granules. Featuring 10-14 Weigher,  it ensures accurate filling and consistent packaging speeds of up to 70PPM"", ""productImage"": ""https://erp.tpci.in/frontend/exhibitor/product-178316476425018299.jpg?60.44885624241909""}, {""productName"": ""TRIPLE SERVO AUGER FFS MACHINE"", ""description"": ""The Triple Servo Auger FFS Packaging Machine is engineered for all types of powder products, offering high precision and exceptional filling accuracy.Powered by three servo motors and an advanced auger filling system it ensures smooth operation, reliable sealing, and consistent packaging performance"", ""productImage"": ""https://erp.tpci.in/frontend/exhibitor/product-178316476495868106.jpg?4.148367423702374""}]","{""Packaging Material"": [""Packaging Material""], ""Private Label"": [""Private Label""]}",D-32,2,https://www.cannycoveragepackagings.com,"P-60, RAMKRISHNA INDUSTRIAL SOCIETY, BEHIND UDHANA ACADEMIC COLLAGE, UDHANA",SURAT,Gujarat,India,394210,AADCC6681K,9998855700,http://www.facebook.com/coveragepackagings,http://www.linkedin.com/company/101558506/admin/dashboard/,https://www.twitter.com/,http://www.youtube.com/@cannycoveragepackagings,http://www.instagram.com/canny.coverage?igsh=MTU0Mm13NHRmODA3bw==,1000,"Distributor,exporter,importer","CANNY COVERAGE PACKAGING PVT. LTD,",https://erp.tpci.in/images/upload/company_logo/Exhibitor-Logo-6583_6a59d2df7a233.jpg?rand=9970,https://erp.tpci.in/uploads/ex_docs/6583/Canny Coverage Catalogue (2).pdfec4f3709da42576194e89e9a4b8bc012_6a479fa9b1269.pdf,02,"[{""id"": ""11888"", ""description"": ""GST CERTIFICATE"", ""link"": ""https://erp.tpci.in//frontend/exhibitor/ee6b8b1766a61c635dad48b78cad6523_6a575b00450bd.pdf""}, {""id"": ""11889"", ""description"": ""IEC"", ""link"": ""https://erp.tpci.in//frontend/exhibitor/b0079df8dd3f15e9098b55f5700fc0f7_6a575b20cce27.pdf""}]",,"[{""type"": ""youtube"", ""video_url"": ""https://youtu.be/Pp_krtkZs8Q?si=vlN4K_0qp9Ph4a7_"", ""title"": ""INTRODUCTION"", ""description"": ""We pack possibilities.\nPremix ☕ | Tea ? | Coffee ☕ | Granules ? | Namkeen ? | Paste ? | And much more.\nSmart machines. Reliable performance. Seamless automation.\n? Let's build your packaging line.""}]"
MGJhZTc2MTk0MjUzZDJhZDo5MzFkMmQwMGM5MmY2OTZjNmVkMGJjOWE4MDMyMDVkZTU0ZDg2ODNmOnBvbjA5Wk5uOERzK2k5VCtNODJmUUE9PQ==,Centre Point Foods Private Limited,Private Limited,NARENDRA BONDRE,Manufacturer,Food & Agri Products,"{""Rice, Pulses, Grains, Spices and Commodities"": [""Rice, Pulses, Grains, Spices and Commodities""], ""Snacks & On the Go Foods"": [""Snacks & On the Go Foods""]}","[{""productName"": ""Ginger Garlic Paste"", ""description"": ""Micky’s Ginger Garlic Paste delivers fresh aroma and rich flavour instantly, saving prep time in any kitchen. Ready to use and thermally processed for consistency, it ensures authentic taste without artificial colours. Perfect for gravies, marinades, and everyday cooking."", ""productImage"": ""https://erp.tpci.in/frontend/exhibitor/product-178472903430445233.jpg?65.66952789730348""}, {""productName"": ""Pizza Pasta Sauce"", ""description"": ""Micky’s Pizza Pasta Sauce is a bold, tangy tomato-based sauce made with real spices for authentic flavour. Perfect for pizzas, pastas, and fusion dishes, it delivers consistency with no added preservatives or artificial colours. Just heat and use."", ""productImage"": ""https://erp.tpci.in/frontend/exhibitor/product-178472903420254936.jpg?15.010260990830382""}, {""productName"": ""Tomato Concasse"", ""description"": ""Micky’s Tomato Concasse offers chunky, juicy tomatoes with a fresh natural taste. Ready to use and preservative-free, it’s perfect for gravies, sauces, and fusion dishes. Just open, cook, and elevate your recipes."", ""productImage"": ""https://erp.tpci.in/frontend/exhibitor/product-178472903413460997.jpg?78.04272433560595""}, {""productName"": ""Onion Tomato Masala"", ""description"": ""Micky’s Onion Tomato Masala is a rich, slow-cooked base made from onions, tomatoes, and spices. Perfect for Indian gravies, it saves time while delivering consistent, homely flavour. Just heat, add ingredients, and cook."", ""productImage"": ""https://erp.tpci.in/frontend/exhibitor/product-178472903497105084.jpg?45.18284177890312""}, {""productName"": ""Kadhai Gravy"", ""description"": ""Micky’s Kadhai Gravy is a bold, spice-rich base made with tomatoes and aromatic Indian spices. Perfect for paneer, vegetables, and curries, it delivers authentic kadhai flavour with no added preservatives. Just heat, add ingredients, and cook."", ""productImage"": ""https://erp.tpci.in/frontend/exhibitor/product-178472903464222703.jpg?91.78603896106225""}, {""productName"": ""Makhani Gravy"", ""description"": ""Micky’s Makhani Gravy is a rich, creamy tomato-based gravy made with butter and cashews. Perfect for paneer and chicken dishes, it delivers authentic restaurant-style flavour with consistent quality. Just heat and cook."", ""productImage"": ""https://erp.tpci.in/frontend/exhibitor/product-178472903417058719.jpg?23.381672541966356""}, {""productName"": ""Malabari Gravy"", ""description"": ""Micky’s Malabari Gravy is a coconut-based coastal curry with roasted spices and mild tanginess. Perfect for South Indian-style dishes, it offers balanced flavour and ready-to-cook convenience with no added preservatives."", ""productImage"": ""https://erp.tpci.in/frontend/exhibitor/product-178472903442754813.jpg?41.55024890000955""}, {""productName"": ""Yellow Gravy"", ""description"": ""Micky’s Yellow Gravy is a smooth, creamy base made with cashews and mild spices. Ideal for comfort-style dishes, it offers rich texture and consistent flavour with ready-to-cook convenience."", ""productImage"": ""https://erp.tpci.in/frontend/exhibitor/product-178472903447804782.jpg?37.60622994751318""}, {""productName"": ""Toor Dal"", ""description"": ""Micky’s Boiled Toor Dal is made from premium quality split pigeon peas that are carefully cooked and ready to use. With its smooth texture and natural flavour, it is perfect for preparing traditional dishes like dal tadka, sambhar, and everyday home-style meals. Thermally processed with no added pre"", ""productImage"": ""https://erp.tpci.in/frontend/exhibitor/product-178472903433845381.jpg?63.38040611090177""}, {""productName"": ""Kabuli Chana"", ""description"": ""Micky’s Boiled Chole is made from high-quality Kabuli Chana that is soft, nutritious, and ready to use. With a mild nutty flavour and firm texture, it is perfect for preparing chole curry, salads, wraps, and rice bowls. Thermally processed with no added preservatives or additives, simply open the pa"", ""productImage"": ""https://erp.tpci.in/frontend/exhibitor/product-178472903467093499.jpg?4.083343785333767""}, {""productName"": ""Black Chana"", ""description"": ""Micky’s Boiled Black Chana is perfectly cooked to retain its natural earthy flavour and firm texture. Ready to use and thermally processed for safety, it helps you prepare delicious dishes quickly without soaking or long cooking time. Just open, cook, and serve with confidence."", ""productImage"": ""https://erp.tpci.in/frontend/exhibitor/product-178472903416260479.jpg?30.275503667328046""}, {""productName"": ""Kidney Beans"", ""description"": ""Micky’s Boiled Rajma is soft, creamy, and ready to cook, making it perfect for quick and delicious meals. Carefully cooked and thermally processed to maintain natural taste and quality, it contains no added preservatives or additives. Simply open, heat, and use it to prepare rajma curry, rice bowls,"", ""productImage"": ""https://erp.tpci.in/frontend/exhibitor/product-178472903469555915.jpg?39.127490054003424""}]","{""Rice, Pulses, Grains, Spices and Commodities"": [""Rice, Pulses, Grains, Spices and Commodities""], ""Snacks & On the Go Foods"": [""Snacks & On the Go Foods""]}",A-31,2,https://www.google.com,"FP-55,56, BUTBBORI MIDC MAINROAD, BUTIBORI MIDC",NAGPUR,Maharashtra,India,441122,AAJCC4568R,+917827751998,https://www.facebook.com/,https://www.linkedin.com/home?originalSubdomain=in,https://www.twitter.com/,https://www.youtube.com/,http://www.instagram.com/mickys.ki.zimmedari,1000,"Distributor,exporter",CENTRE POINT FOODS PRIVATE LIMITED,https://erp.tpci.in/images/upload/company_logo/Exhibitor-Logo-6670_6a6087f4b2ec5.png?rand=62998,https://erp.tpci.in/uploads/ex_docs/6670/Mickys-Brochure-English-compressed.pdfbfa4c1843d7966cd78e58ce47d375388_6a60896b8a4bf.pdf,01,"[{""id"": ""11998"", ""description"": ""fssai license"", ""link"": ""https://erp.tpci.in//frontend/exhibitor/950705d1cf304582d5bbf28bae015a8c_6a606e661b7af.pdf""}]",,[]
NDIzZWZjYmM4MGVhNjI2ZTo1NGQ5ZTJjNjkwN2FjZjA3NjZlNDY4Mjc3YTRjYzQ5ZTRjNDU5NDAzOkIwbWpjWG1vcjB2Vk1RVDdkMysrT0E9PQ==,Chaizup Beverages Llp,Partnership,LAXMIKANT TAUNK,Manufacturer Exporter,Food & Agri Products,"{""Beverage & Hot Drinks"": [""Beverage & Hot Drinks""]}",[],"{""Beverage & Hot Drinks"": [""Beverage & Hot Drinks""]}",,,https://www.google.com,"6,PICASSO BITHI, 5TH FLOOR,UNIT-4,REGENCY,",KOLKATA,West Bengal,India,700016,AAKFC7486Q,+917827751998,https://www.facebook.com/,https://www.linkedin.com/home?originalSubdomain=in,https://www.twitter.com/,https://www.youtube.com/,https://www.twitter.com/,1000,"Distributor,exporter,importer",CHAIZUP BEVERAGES LLP,https://erp.tpci.in/images/upload/company_logo/Exhibitor-Logo-6687.jpeg?rand=28289,,0,[],,[]
MzM5ZTNjZDllMDEwYmNkODplOWJjMThhNTFkOTU0Mjg4MWY3MmFhZDE3NDQ1OTAyNTk3ZDkzYzg0OjY2eDFiVHNSSTFzZVUzUHJyVUhDQWc9PQ==,Chamber For Advancement Of Small & Medium Businesses,Private Limited,SHIVANSHI SRIVASTAV,Service Provider,Others,"{""Service, Associations & Trade Support"": [""Service, Associations & Trade Support""]}",[],"{""Service, Associations & Trade Support"": [""Service, Associations & Trade Support""]}",A-19,2,https://casmb.org.in/,"G-1/B, PLOT NO. E-7, DOSTI PINNACLE, ROAD NUMBER 22,
WAGLE ESTATE, THANE, THANE, MAHARASHTRA, 400604",THANE,Maharashtra,India,400604,AAJCC2149N,+917827751998,https://www.facebook.com/,https://www.linkedin.com/home?originalSubdomain=in,https://www.twitter.com/,https://www.youtube.com/,https://www.twitter.com/,NA,Exporter,"OUR CHAMBER IS FOCUSED ON NURTURING AND EMPOWERING SMALL AND MEDIUM ENTERPRISES (SMES) ACROSS SECTORS LIKE FOOD, MANUFACTURING, AND WOMEN-LED BUSINESSES BY FOSTERING INNOVATION, COLLABORATION, AND GROWTH. THROUGH EXPERT GUIDANCE, POLICY ADVOCACY, SKILL DEVELOPMENT, AND INCLUSIVE PLATFORMS, WE AIM TO BUILD A ROBUST AND SELF-RELIANT MSME ECOSYSTEM.",https://erp.tpci.in/images/upload/company_logo/Exhibitor-Logo-6788.jpg?rand=3139,,0,[],,[]
MmE5NTg1ZTljZGEwODFhYzpmYmRlZmFjYThhYWEwMDM2ODJlOTkyMDgyNWY0YjNkNzI3YjQ3MzdjOm80OHhuK3Z6dkw3UnV2anpRNU5obmc9PQ==,Collective Foods (india) Llp,Partnership,HARSH AKBARI,Manufacturer Exporter,Food & Agri Products,"{""Organic, Natural & Ethical Foods"": [""Organic, Natural & Ethical Foods""], ""Rice, Pulses, Grains, Spices and Commodities"": [""Rice, Pulses, Grains, Spices and Commodities""]}","[{""productName"": ""READY TO EAT AND COOK PRODUCTS WITH PRIVATE LABLE OPTIONS "", ""description"": ""Make Your Meal offers a premium range of ready-to-cook and ready-to-eat food products made with quality ingredients, authentic flavors, and a focus on convenience. Our products are designed to meet the evolving needs of modern consumers while maintaining high standards of taste, nutrition, and food"", ""productImage"": ""https://erp.tpci.in/frontend/exhibitor/product-178418154461275410.jpg?45.87220050941426""}, {""productName"": ""GINGER GARLIC PASTE "", ""description"": "" A smooth, ready-to-use blend of premium-quality ginger and garlic, crafted to deliver authentic flavor and aroma. Ideal for a wide range of cuisines, it saves preparation time while ensuring consistent taste and quality."", ""productImage"": ""https://erp.tpci.in/frontend/exhibitor/product-178418154462423364.jpg?24.570806906158857""}, {""productName"": ""GARLIC PASTE "", ""description"": ""A ready-to-use paste made from premium-quality garlic, offering rich flavor and aroma for everyday cooking. Perfect for curries, marinades, sauces, and a variety of savory dishes, ensuring convenience and consistent taste."", ""productImage"": ""https://erp.tpci.in/frontend/exhibitor/product-178418154457747.jpg?85.23743607591598""}, {""productName"": ""TOMATO PUREE 400GMS AND 800 GMS "", ""description"": ""Made from carefully selected ripe tomatoes, our tomato purée delivers a rich color, smooth texture, and authentic taste. Ideal for soups, sauces, curries, gravies, and a variety of culinary applications, offering consistent quality and convenience."", ""productImage"": ""https://erp.tpci.in/frontend/exhibitor/product-178418154456416667.jpg?52.47476273446787""}]","{""Organic, Natural & Ethical Foods"": [""Organic, Natural & Ethical Foods""], ""Rice, Pulses, Grains, Spices and Commodities"": [""Rice, Pulses, Grains, Spices and Commodities""]}",B-15,2,https://makeyourmeal.in/,"SURVEY NO. 236 KERALA NALSAROVAR ROAD (KENSVILLE ROAD AT AMIPURA OPPOSITE SWAYAM LIFESURVEY NO. 236 KERALA NALSAROVAR ROAD (KENSVILLE ROAD AT AMIPURA OPPOSITE SWAYAM LIFE SPACE), NEAR SHAKTI PETROLEUM",AHMEDABAD,Gujarat,India,382220,AANFC4959K,9724325940,https://www.facebook.com/,https://www.linkedin.com/home?originalSubdomain=in,https://www.twitter.com/,https://www.youtube.com/,http://www.instagram.com/https://www.instagram.com/make_yourmeal,1000,"Distributor,exporter","AT MAKE YOUR MEAL, WE BRING YOU AUTHENTIC, READY-TO-EAT MEALS CRAFTED WITH CARE, ENSURING FRESHNESS AND UNBEATABLE FLAVOURS IN EVERY BITE. EXPERIENCE THE TASTE OF HOME, WHEREVER YOU ARE.",https://erp.tpci.in/images/upload/company_logo/Exhibitor-Logo-6663.png?rand=48639,https://erp.tpci.in/uploads/ex_docs/6663/Brouchure Bi fold-compressed.pdf10d3a65e062dde07b2117892e911a3d7_6a588399b6d56.pdf,01,"[{""id"": ""11905"", ""description"": ""brc"", ""link"": ""https://erp.tpci.in//frontend/exhibitor/355a0746161b5dfbd47a1a25cba4502c_6a58802cac43d.pdf""}]",,"[{""type"": ""youtube"", ""video_url"": ""https://youtu.be/seoQWvQxUQU"", ""title"": ""food packing""}]"
ZmUwOTE5MWZlNTgzMjYzYTphODU4MGM4YzJmZmE3NDdkYTZmMWJjYTJjMzJkZjIxMDVjMDg5MmM2OmZKSTBmZnBWbFRuY1lDTUdFUUhmc2c9PQ==,Damani Beverages Llp,Partnership,KUNAL DAMANI,Manufacturer,Food & Agri Products,"{""Beverage & Hot Drinks"": [""Beverage & Hot Drinks""], ""Wines & Spirits"": [""Wines & Spirits""]}","[{""productName"": ""The Good Vibe - Virgin Mojito"", ""description"": ""A refreshing blend of zesty lime, cool mint, and a hint of sweetness, perfect for a revitalizing pick-me-up. \r\n\r\nAvailable Size - 250 ML Cans"", ""productImage"": ""https://erp.tpci.in/frontend/exhibitor/product-178395404094309224.jpg?87.63420878689196""}, {""productName"": ""The Good Vibe - Guava Chilli"", ""description"": ""A bold fusion of juicy guava and a spicy kick of chilli, creating an exciting and unique flavor experience.\r\n\r\nAvailable Size - 250 ML Cans"", ""productImage"": ""https://erp.tpci.in/frontend/exhibitor/product-178395404028250287.jpg?64.5883549606319""}, {""productName"": ""The Good Vibe - Litchi Lime"", ""description"": ""An exotic pairing of luscious litchi and zesty lime, delivering a refreshing and aromatic beverage.\r\n\r\nAvailable Size - 250 ML Cans"", ""productImage"": ""https://erp.tpci.in/frontend/exhibitor/product-17839540401160375.jpg?60.03915151584815""}, {""productName"": ""The Good Vibe - Green Apple Orange"", ""description"": ""A crisp and tangy combination of green apple and citrusy orange, providing a burst of invigorating freshness.\r\n\r\nAvailable Size - 250 ML Cans"", ""productImage"": ""https://erp.tpci.in/frontend/exhibitor/product-178395404065765358.jpg?6.430695770709492""}, {""productName"": ""The Good Vibe - Peach Berry"", ""description"": ""A delightful mix of succulent peach and vibrant berry flavors, offering a sweet and tangy refreshment.\r\n\r\nAvailable Size - 250 ML Cans"", ""productImage"": ""https://erp.tpci.in/frontend/exhibitor/product-178395404082041978.jpg?52.036027379367525""}, {""productName"": ""The Good Vibe - Pina Colada"", ""description"": ""A tropical escape in a can with the rich, creamy taste of coconut and the sweet tang of ripe pineapple.\r\n\r\nAvailable Size - 250 ML Cans"", ""productImage"": ""https://erp.tpci.in/frontend/exhibitor/product-178395404048957059.jpg?40.888052658073654""}, {""productName"": ""The Good Tempt - Classic"", ""description"": ""Pure indulgence, no distractions. A timeless taste for the true chocolate connoisseur.\r\n\r\nNo Added Sugar | No Palm Oil | No Preservatives \r\n\r\nAvailable Sizes: 20gms / 35gms / 50gms\r\n"", ""productImage"": ""https://erp.tpci.in/frontend/exhibitor/product-178395404070385218.jpg?48.332184225630186""}, {""productName"": ""The Good Tempt - Swiss Vanilla"", ""description"": ""Silky smooth with real vanilla extract. A delicate and sophisticated flavour experience.\r\n\r\nNo Added Sugar | No Palm Oil | No Preservatives \r\n\r\nAvailable Sizes: 20gms / 35gms / 50gms"", ""productImage"": ""https://erp.tpci.in/frontend/exhibitor/product-178395404088303105.jpg?18.996766227294472""}, {""productName"": ""The Good Tempt - Coffee Tiramisu"", ""description"": ""Bold, deep, unforgettable. The rich aroma of coffee infused with decadent chocolate notes.\r\n\r\nNo Added Sugar | No Palm Oil | No Preservatives \r\n\r\nAvailable Sizes: 20gms / 35gms / 50gms"", ""productImage"": ""https://erp.tpci.in/frontend/exhibitor/product-178395404033432252.jpg?49.987281532946305""}, {""productName"": ""The Good Tempt - Roasted Almond"", ""description"": ""Crunch meets creamy. Perfectly roasted almonds enveloped in smooth, rich chocolate.\r\n\r\nNo Added Sugar | No Palm Oil | No Preservatives \r\n\r\nAvailable Sizes: 20gms / 35gms / 50gms"", ""productImage"": ""https://erp.tpci.in/frontend/exhibitor/product-178395404056205774.jpg?92.9461120562126""}]","{""Beverage & Hot Drinks"": [""Beverage & Hot Drinks""], ""Wines & Spirits"": [""Wines & Spirits""]}",B-17,2,https://thegoodvibe.in,"206, 2ND FLOOR, RICHA COMMERCE CENTRE BUILDING NO 11, WALIV PHATA",PALGHAR,Maharashtra,India,401208,AAWFD7305B,7021771681,https://www.facebook.com/,http://www.linkedin.com/in/sumit-bafna,https://www.twitter.com/,http://www.youtube.com/@GoodVibe-signaturemocktails,http://www.instagram.com/thegoodvibein,,"Distributor,exporter,importer","WE’RE THE GOOD VIBE – A SIGNATURE MOCKTAIL BRAND MADE FOR EVERYONE.

NOT YOUR AVERAGE BEVERAGE COMPANY, WE’RE HERE TO SHAKE UP HOW PEOPLE SIP, CELEBRATE, AND CHILL. WHETHER YOU’RE THE ONE HOSTING A HOUSE PARTY, ORDERING DRINKS AT A CAFÉ, OR JUST LOOKING FOR SOMETHING REFRESHING AND FUN – OUR CANS ARE YOUR PERFECT VIBE PARTNER.

WE BELIEVE IN BOLD FLAVOURS, AESTHETIC EXPERIENCES, AND DRINKS THAT EVERYONE CAN ENJOY – WHETHER MIXED, CHILLED, OR STRAIGHT FROM THE CAN.",https://erp.tpci.in/images/upload/company_logo/Exhibitor-Logo-6591_6a54fb88a45a5.png?rand=36468,https://erp.tpci.in/uploads/ex_docs/6591/TGV X TGT Portfolios 2.0.pdfbe6762875e6645ef2008d23a057e2b0e_6a54f31b37ca3.pdf,02,"[{""id"": ""11858"", ""description"": ""COI"", ""link"": ""https://erp.tpci.in//frontend/exhibitor/5f14247490a2712aadbe50496ec4ee57_6a54fabf9165e.pdf""}, {""id"": ""11859"", ""description"": ""MSME"", ""link"": ""https://erp.tpci.in//frontend/exhibitor/f5be699bf27278a1530a1cc288106a27_6a54face3cb7c.pdf""}]",,[]
MGM5YjY0NzBkYTIyYjc3Mjo0MzcyZjRhY2E3NjFmYzQ3MWQ2OGM2ZGUyMmQ0YjEzY2M2Yzc3YjQ3OlFQYmxlVmpFVHN2aGo5Y0s4M01ZWHc9PQ==,Dayalal Velji And Sons,Partnership,KRUNAL NAGRECHA,Manufacturer Exporter,Food & Agri Products,"{""Fats & Oils"": [""Fats & Oils""]}",[],"{""Fats & Oils"": [""Fats & Oils""]}",C-17,2,https://www.google.com,GAREDIYA KUWA ROAD,RAJKOT,Gujarat,India,360001,AALFD6885H,+917827751998,https://www.facebook.com/,https://www.linkedin.com/home?originalSubdomain=in,https://www.twitter.com/,https://www.youtube.com/,https://www.twitter.com/,1000,"Distributor,importer",DAYALAL VELJI AND SONS,https://erp.tpci.in/images/upload/company_logo/Exhibitor-Logo-6613_6a5b28391c998.jpeg?rand=79194,,0,[],,[]
YTQxNGYxNzAxNTRmYzM0ODpkNjRhNzViZDAxYzE5YjQzNDZkZDBjNzNlNDRjODNhODUwYTYyZTY4OjFxY0tMRFE5aEYzdlNCMXMzblAzZ2c9PQ==,Delite Industries,Proprietor,HIMANSHU PATIL,Manufacturer,Food & Agri Processing Machinery,"{""Automation, Robotics & Smart Factories"": [""Automation, Robotics & Smart Factories""], ""Digital FoodTech, Traceability & AI"": [""Digital FoodTech, Traceability & AI""], ""Quality Control, Testing & Compliance"": [""Quality Control, Testing & Compliance""]}","[{""productName"": ""vibro sifter "", ""description"": ""Engineered for precision screening and dependable performance, the Delite Vibro Sifter is a high?efficiency gyratory screening machine for grading, scalping, and safety sifting of powders and granules.  by Working principle of this equipment An energy?efficient vibratory motor with adjustable eccent"", ""productImage"": ""https://erp.tpci.in/frontend/exhibitor/product-17842030436738884.jpg?60.52729846958751""}]","{""Automation, Robotics & Smart Factories"": [""Automation, Robotics & Smart Factories""], ""Digital FoodTech, Traceability & AI"": [""Digital FoodTech, Traceability & AI""], ""Quality Control, Testing & Compliance"": [""Quality Control, Testing & Compliance""]}",E-22,2,https://deliteindustries.in/,"7-8,SAINATH IND.ESTATE,NR.BHAGVATI FOUNDRY, GIDC ODHAV-382415",AHMEDABAD,Gujarat,,382415,AEHPP6058C,9978618779,http://www.facebook.com/Deliteindustries,http://www.linkedin.com/company/deliteindustries,https://www.twitter.com/,http://www.youtube.com/@DeliteIndustries,http://www.instagram.com/deliteindustries/,1000,"Distributor,importer","WE ARE A RENOWNED MANUFACTURER, WHOLESALER, RETAILER AND EXPORTER OF MAGNETIC SEPARATOR, VIBRATING EQUIPMENT, MAGNETIC EQUIPMENT, INDUSTRIAL MAGNETS, ELECTRO MAGNETIC EQUIPMENT, ROLLER MAGNETIC SEPARATOR, INDUSTRIAL FEEDER, GYRO SCREEN AND MUCH MORE.",https://erp.tpci.in/images/upload/company_logo/Exhibitor-Logo-6607_6a5b1c0ba3b29.png?rand=40218,https://erp.tpci.in/uploads/ex_docs/6607/Delite Ind. - PDF (1) (2).pdf2ef7e23e3b66d5c46a8c46665ef1a4b6_6a58ad11cf5b4.pdf,0,[],,"[{""type"": ""youtube"", ""video_url"": ""https://www.youtube.com/watch?v=nL3K4kwGSa8"", ""title"": ""moringa powder cleaning & sieving"", ""description"": ""check out our trial working video of moringa Powder Cleaning & Sieving  separation video on Ultra Fine Wire-mesh in Delite vibro machine which have Mesh De-blinding arrangement (round Rings and rubber balls) to avoid mesh blockage.""}, {""type"": ""youtube"", ""video_url"": ""https://www.youtube.com/watch?v=-517smku9Wc"", ""title"": ""separation of Quartz in vibro sifter"", ""description"": ""check out our working video for gradation of Quartz,   The gyratory separator is one of the peerless & optimum sieving equipment that is useful for almost all kind of screening, scalping, de-dusting, filtering & graduation applications. many more application to screen any powder material and solid liquid separation vibro equipment designed to provide accurate and efficient screening, grading, and sorting of materials, making it an ideal solution for industries that require high precision and quality standards for more information call us  \n\ncall Us on :-  +91-6351265708""}]"
MWY0MTlhZWQ2ZTI0ODI3NDo5ZjQxNzkyOWFlODVkOTgzNTNmMmM5N2U3Y2UzZjdhYjc3M2VkN2ExOisxNTZucUlHeEpBckRjQUEvNFJRbFE9PQ==,Desai Products,Proprietor,RAMCHANDRA JAYANT DESAI,Manufacturer,Food & Agri Products,"{""Fresh Produce"": [""Fresh Produce""]}",[],"{""Fresh Produce"": [""Fresh Produce""]}",A-35,2,https://www.desaiproducts.in/,"AT POST PAWAS, RATNAGIRI",RATNAGIRI,Maharashtra,India,415616,AECPD3908E,+917827751998,https://www.facebook.com/,https://www.linkedin.com/home?originalSubdomain=in,https://www.twitter.com/,https://www.youtube.com/,https://www.twitter.com/,1000,"Distributor,importer",DESAI PRODUCTS,https://erp.tpci.in/images/upload/company_logo/Exhibitor-Logo-6644_6a5b5ef7e242a.jpeg?rand=45927,,0,[],,[]
YjBiYTFmNzU1NjBkMDNhZjplN2MyMzVmMmE3MTI5M2Y0MDBiOTcxZTJmZWRhYmVhYzA0OTU5ZjI3OmtHV3UvRUx1MW9BZGdBUHR5SVhYbVE9PQ==,Dhanhar Masala Bhandar Pvt. Ltd.,Public Limited,UTKARSH WANKAWALA,Manufacturer,Food & Agri Products,"{""Frozen, Ready to Eat & Ready to Cook Food"": [""Frozen, Ready to Eat & Ready to Cook Food""], ""Private Label"": [""Private Label""], ""Rice, Pulses, Grains, Spices and Commodities"": [""Rice, Pulses, Grains, Spices and Commodities""]}","[{""productName"": ""SHAHI PANEER MASALA"", ""description"": ""PACK INFO: 50g & 100g (BOX PACK)\r\n                     200g & 500g (JAR PACK)\r\nALSO AVAILABLE FOR PRIVATE LABELING, LOOSE SUPPLE, BULK ORDER & CONTRACT MANUFACTURING AS PER YOUR REQUIRMENT"", ""productImage"": ""https://erp.tpci.in/frontend/exhibitor/product-178359767195603147.jpg?82.4277757503351""}, {""productName"": ""KITCHEN KING MASALA"", ""description"": ""PACK INFO: 50g & 100g (BOX PACK)\r\n                     200g & 500g (JAR PACK)\r\nALSO AVAILABLE FOR PRIVATE LABELING, LOOSE SUPPLE, BULK ORDER & CONTRACT MANUFACTURING AS PER YOUR REQUIRMENT"", ""productImage"": ""https://erp.tpci.in/frontend/exhibitor/product-178359767160080872.jpg?47.155487115639716""}, {""productName"": ""PAVBHAJI MASALA"", ""description"": ""PACK INFO: 50g & 100g (BOX PACK)\r\n                     200g & 500g (JAR PACK)\r\nALSO AVAILABLE FOR PRIVATE LABELING, LOOSE SUPPLE, BULK ORDER & CONTRACT MANUFACTURING AS PER YOUR REQUIRMENT"", ""productImage"": ""https://erp.tpci.in/frontend/exhibitor/product-1783597671499793.jpg?88.49411140055778""}, {""productName"": ""KASHMIRI CHILLI POWDER (MILDLY SPICY)"", ""description"": ""PACK INFO: 50g & 100g (BOX PACK)\r\n                     30g (STANDY POUCH PACK)\r\n                     200g & 500g (JAR PACK)\r\nALSO AVAILABLE FOR PRIVATE LABELING, LOOSE SUPPLE, BULK ORDER & CONTRACT MANUFACTURING AS PER YOUR REQUIRMENT"", ""productImage"": ""https://erp.tpci.in/frontend/exhibitor/product-178359767143423762.jpg?1.0040987292342807""}, {""productName"": ""INSTANT HOT / COLD CHOCOLATE POWDER"", ""description"": ""PACK INFO: 100g (POUCH PACK)                 \r\nALSO AVAILABLE FOR PRIVATE LABELING, LOOSE SUPPLE, BULK ORDER & CONTRACT MANUFACTURING AS PER YOUR REQUIRMENT"", ""productImage"": ""https://erp.tpci.in/frontend/exhibitor/product-178359767199987538.jpg?39.538162517862546""}, {""productName"": ""PREMIUM COMPOUND ASAFOETIDA (HING) POWDER"", ""description"": ""PACK INFO: 50g, 100g, 200g & 500g (POUCH PACK)\r\nALSO AVAILABLE FOR PRIVATE LABELING, LOOSE SUPPLE, BULK ORDER & CONTRACT MANUFACTURING AS PER YOUR REQUIRMENT"", ""productImage"": ""https://erp.tpci.in/frontend/exhibitor/product-178359767196709373.jpg?94.6785194749744""}, {""productName"": ""HOT CURRY / RAJWADI GARAM MASALA POWDER"", ""description"": ""PACK INFO: 50g, 100g, 200g & 500g (POUCH PACK)\r\nALSO AVAILABLE FOR PRIVATE LABELING, LOOSE SUPPLE, BULK ORDER & CONTRACT MANUFACTURING AS PER YOUR REQUIRMENT"", ""productImage"": ""https://erp.tpci.in/frontend/exhibitor/product-17835976714221632.jpg?54.77811289464879""}, {""productName"": ""SHINGODA (WATER CHESTNUT) POWDER"", ""description"": ""PACK INFO: 100g & 500g (POUCH PACK)\r\nALSO AVAILABLE FOR PRIVATE LABELING, LOOSE SUPPLE, BULK ORDER & CONTRACT MANUFACTURING AS PER YOUR REQUIRMENT"", ""productImage"": ""https://erp.tpci.in/frontend/exhibitor/product-178359767198587310.jpg?89.8550091216853""}, {""productName"": ""PIZZA SPRINKLER POWDER "", ""description"": ""PACK INFO: SASHAY (POUCH PACK)\r\nALSO AVAILABLE FOR PRIVATE LABELING, LOOSE SUPPLE, BULK ORDER & CONTRACT MANUFACTURING AS PER YOUR REQUIRMENT"", ""productImage"": ""https://erp.tpci.in/frontend/exhibitor/product-178359767188402579.jpg?84.9407099978446""}, {""productName"": ""KADHI PREMIX  POWDER"", ""description"": ""PACK INFO: SASHAY (POUCH PACK)\r\nALSO AVAILABLE FOR PRIVATE LABELING, LOOSE SUPPLE, BULK ORDER & CONTRACT MANUFACTURING AS PER YOUR REQUIRMENT"", ""productImage"": ""https://erp.tpci.in/frontend/exhibitor/product-178359767187674247.jpg?55.13852569753167""}, {""productName"": ""GUJARATI KADHI PREMIX POWDER"", ""description"": ""PACK INFO: SASHAY (POUCH PACK)\r\nALSO AVAILABLE FOR PRIVATE LABELING, LOOSE SUPPLE, BULK ORDER & CONTRACT MANUFACTURING AS PER YOUR REQUIRMENT"", ""productImage"": ""https://erp.tpci.in/frontend/exhibitor/product-178359767115187212.jpg?20.870501567489004""}, {""productName"": ""INSTANT IMLY CHUTENY POWDER"", ""description"": ""PACK INFO: SASHAY (POUCH PACK)\r\nALSO AVAILABLE FOR PRIVATE LABELING, LOOSE SUPPLE, BULK ORDER & CONTRACT MANUFACTURING AS PER YOUR REQUIRMENT"", ""productImage"": ""https://erp.tpci.in/frontend/exhibitor/product-178359767175188653.jpg?38.936933818214506""}, {""productName"": ""INSTANT DABELI POWDER"", ""description"": ""PACK INFO: SASHAY (POUCH PACK)\r\nALSO AVAILABLE FOR PRIVATE LABELING, LOOSE SUPPLE, BULK ORDER & CONTRACT MANUFACTURING AS PER YOUR REQUIRMENT"", ""productImage"": ""https://erp.tpci.in/frontend/exhibitor/product-178359767110943357.jpg?32.07316746197005""}, {""productName"": ""PICKLE / AACHAR MASALA"", ""description"": ""PACK INFO: 100g, 200g & 500g (POUCH PACK)\r\nALSO AVAILABLE FOR PRIVATE LABELING, LOOSE SUPPLE, BULK ORDER & CONTRACT MANUFACTURING AS PER YOUR REQUIRMENT"", ""productImage"": ""https://erp.tpci.in/frontend/exhibitor/product-178359767188593333.jpg?43.55503892857119""}, {""productName"": ""CHICKEN CURRY MASALA"", ""description"": ""PACK INFO: 50g & 100g (BOX PACK)\r\n                     200g & 500g (JAR PACK)\r\nALSO AVAILABLE FOR PRIVATE LABELING, LOOSE SUPPLE, BULK ORDER & CONTRACT MANUFACTURING AS PER YOUR REQUIRMENT"", ""productImage"": ""https://erp.tpci.in/frontend/exhibitor/product-178359767187952425.jpg?21.55569533031033""}, {""productName"": ""MEAT MASALA"", ""description"": ""PACK INFO: 50g & 100g (BOX PACK)\r\n                     200g & 500g (JAR PACK)\r\nALSO AVAILABLE FOR PRIVATE LABELING, LOOSE SUPPLE, BULK ORDER & CONTRACT MANUFACTURING AS PER YOUR REQUIRMENT"", ""productImage"": ""https://erp.tpci.in/frontend/exhibitor/product-178359767144645970.jpg?77.11336293920257""}, {""productName"": ""LAJAWAB GARAM MASALA"", ""description"": ""PACK INFO: 50g & 100g (BOX PACK)\r\n                     200g & 500g (JAR PACK)\r\nALSO AVAILABLE FOR PRIVATE LABELING, LOOSE SUPPLE, BULK ORDER & CONTRACT MANUFACTURING AS PER YOUR REQUIRMENT"", ""productImage"": ""https://erp.tpci.in/frontend/exhibitor/product-178359767119888336.jpg?20.899731778446334""}, {""productName"": ""SAMBAR MASALA"", ""description"": ""PACK INFO: 50g & 100g (BOX PACK)\r\n                     200g & 500g (JAR PACK)\r\nALSO AVAILABLE FOR PRIVATE LABELING, LOOSE SUPPLE, BULK ORDER & CONTRACT MANUFACTURING AS PER YOUR REQUIRMENT"", ""productImage"": ""https://erp.tpci.in/frontend/exhibitor/product-178359767149930917.jpg?73.15857314798848""}, {""productName"": ""CHICKEN TANDOORI MASALA"", ""description"": ""PACK INFO: 50g & 100g (BOX PACK)\r\n                     200g & 500g (JAR PACK)\r\nALSO AVAILABLE FOR PRIVATE LABELING, LOOSE SUPPLE, BULK ORDER & CONTRACT MANUFACTURING AS PER YOUR REQUIRMENT"", ""productImage"": ""https://erp.tpci.in/frontend/exhibitor/product-178359767147611397.jpg?3.093673477967897""}, {""productName"": ""CHICKEN TIKKA MASALA"", ""description"": ""PACK INFO: 50g & 100g (BOX PACK)\r\n                     200g & 500g (JAR PACK)\r\nALSO AVAILABLE FOR PRIVATE LABELING, LOOSE SUPPLE, BULK ORDER & CONTRACT MANUFACTURING AS PER YOUR REQUIRMENT"", ""productImage"": ""https://erp.tpci.in/frontend/exhibitor/product-178359767111318928.jpg?95.99265101923854""}, {""productName"": ""FISH FRY / CURRY MASALA"", ""description"": ""PACK INFO: SASHAY (POUCH PACK)\r\nALSO AVAILABLE FOR PRIVATE LABELING, LOOSE SUPPLE, BULK ORDER & CONTRACT MANUFACTURING AS PER YOUR REQUIRMENT"", ""productImage"": ""https://erp.tpci.in/frontend/exhibitor/product-1783597671311242.jpg?70.68223773565352""}, {""productName"": ""EGG CURRY MASALA"", ""description"": ""PACK INFO: SASHAY (POUCH PACK)\r\nALSO AVAILABLE FOR PRIVATE LABELING, LOOSE SUPPLE, BULK ORDER & CONTRACT MANUFACTURING AS PER YOUR REQUIRMENT"", ""productImage"": ""https://erp.tpci.in/frontend/exhibitor/product-178359767188235151.jpg?65.43323869391646""}, {""productName"": ""CHILLI POWDER (SPICY)"", ""description"": ""PACK INFO: 50g, 100g, 200g & 500g (POUCH PACK)\r\nALSO AVAILABLE FOR PRIVATE LABELING, LOOSE SUPPLE, BULK ORDER & CONTRACT MANUFACTURING AS PER YOUR REQUIRMENT"", ""productImage"": ""https://erp.tpci.in/frontend/exhibitor/product-178359767183301772.jpg?15.119483335986253""}, {""productName"": ""TURMERIC POWDER"", ""description"": ""PACK INFO: 50g, 100g, 200g & 500g (POUCH PACK)\r\nALSO AVAILABLE FOR PRIVATE LABELING, LOOSE SUPPLE, BULK ORDER & CONTRACT MANUFACTURING AS PER YOUR REQUIRMENT"", ""productImage"": ""https://erp.tpci.in/frontend/exhibitor/product-178359767174353983.jpg?79.29770367154639""}, {""productName"": ""CORIANDER POWDER"", ""description"": ""PACK INFO: 50g, 100g, 200g & 500g (POUCH PACK)\r\nALSO AVAILABLE FOR PRIVATE LABELING, LOOSE SUPPLE, BULK ORDER & CONTRACT MANUFACTURING AS PER YOUR REQUIRMENT"", ""productImage"": ""https://erp.tpci.in/frontend/exhibitor/product-178359767124176363.jpg?51.13007142313762""}, {""productName"": ""BIRIYANI / PILAV MASALA"", ""description"": ""PACK INFO: 50g & 100g (BOX PACK)\r\n                     200g & 500g (JAR PACK)\r\nALSO AVAILABLE FOR PRIVATE LABELING, LOOSE SUPPLE, BULK ORDER & CONTRACT MANUFACTURING AS PER YOUR REQUIRMENT"", ""productImage"": ""https://erp.tpci.in/frontend/exhibitor/product-17835976716850834.jpg?17.757249174413502""}]","{""Frozen, Ready to Eat & Ready to Cook Food"": [""Frozen, Ready to Eat & Ready to Cook Food""], ""Private Label"": [""Private Label""], ""Rice, Pulses, Grains, Spices and Commodities"": [""Rice, Pulses, Grains, Spices and Commodities""]}",D-37,2,https://www.google.com,"21, VISHESH HOUSE, DORIWALA COMPOUND, AMBER COLONY, HARINAGAR, UDHNA",SURAT,Gujarat,,394210,AABCD9910E,9004403946,http://www.facebook.com/share/1J5sG8uxdA/?mibextid=wwXIfr,http://www.linkedin.com/company/vishesh-masala/,https://www.twitter.com/,https://www.youtube.com/,http://www.instagram.com/vishesh_masala?igsh=MTBuejl3MWR3Y3U3aw==,"55,000","Distributor,exporter,importer,market Servey",DHANHAR MASALA BHANDAR PVT. LTD.,https://erp.tpci.in/images/upload/company_logo/Exhibitor-Logo-6621_6a5de741f2d8c.jpg?rand=15132,https://erp.tpci.in/uploads/ex_docs/6621/VISHESH MASALA BROUCHER (C).pdfcedbf4d19ac73b822ceb35de94627a6b_6a5dea60d5455.pdf,01,"[{""id"": ""11793"", ""description"": ""FSSAI LICENSE"", ""link"": ""https://erp.tpci.in//frontend/exhibitor/e066cd1487cfdb34857a9ab93c6021c0_6a4f84bb68d32.pdf""}]",,[]
ODI2ODlkYjA1ZWJjNTBiOTozMjIxNGMwNTYxYmY0YzlkOGNlNGIwN2RhZjQyM2Y0ZDdhMDJlZDgyOmxrTGgrYllDTXRUS1lRTjFOUkNJQmc9PQ==,Divine Cooling Solutions India Pvt Ltd,Private Limited,HARSH DAVE,Manufacturer Exporter,"Engineering, Machine & Machine Tools","{""Cold Chain & Logistics Solutions"": [""Cold Chain & Logistics Solutions""]}",[],"{""Cold Chain & Logistics Solutions"": [""Cold Chain & Logistics Solutions""]}",A-11,2,https://divinecooling.com/,"703, ATLANTA TOWER, GULBAI TEKRA, AHMEDABAD, GUJARAT, INDIA 380006",AHMEDABAD,Gujarat,India,380006,AAJCD2099J,+917827751998,https://www.facebook.com/,https://www.linkedin.com/home?originalSubdomain=in,https://www.twitter.com/,https://www.youtube.com/,https://www.twitter.com/,1000,"Distributor,exporter",DIVINE COOLING SOLUTIONS INDIA PVT LTD,https://erp.tpci.in/images/upload/company_logo/Exhibitor-Logo-6755.jpeg?rand=23174,,0,[],,[]
MWYzNTczOTAwYWVkY2M3MDo2ZGQxYzFkNDMwYTBlMjlkN2IwMzAxNzA0YjI0MzFhMjRmYTFmOGI1Omo1Zm1XVjl3bHRyNjc5MTFGUHhrWEE9PQ==,Divyansh Infomedia (food & Matrix),Private Limited,DHEERAJ DUBEY,Manufacturer Exporter,Service Sector,"{""Digital FoodTech, Traceability & AI"": [""Digital FoodTech, Traceability & AI""]}",[],"{""Digital FoodTech, Traceability & AI"": [""Digital FoodTech, Traceability & AI""]}",B-31A,2,https://www.google.com,A/202 OM NAGESHWAR APT NR MANDLI TALAO BHAYANDER WEST PIN 401101 MUMBA,MUMBAI,Maharashtra,India,401101,9869987731,+917827751998,https://www.facebook.com/,https://www.linkedin.com/home?originalSubdomain=in,https://www.twitter.com/,https://www.youtube.com/,https://www.twitter.com/,1000,"Distributor,exporter",DIVYANSH INFOMEDIA (FOOD & MATRIX),https://erp.tpci.in/images/upload/company_logo/Exhibitor-Logo-6796_6a5cc02709747.png?rand=86366,,0,[],,[]
ZTRkNmQ3NTFmNjRjNDRkOTpkY2UyYzdjMDlhMDJlODQyMjU2MDUyMGRmN2U5ZmQyMDhlMTE3ZjM1OmFOQVNYeEJmYndzbWFLdkRPcjdkZGc9PQ==,Dr. Ma Essentials Llp,Partnership,DR. NEERJA ARORA,Manufacturer,Food & Agri Products,"{""Organic, Natural & Ethical Foods"": [""Organic, Natural & Ethical Foods""]}","[{""productName"": ""BeePops Honey Sticks | Box of 20 | Pure Himalayan Honey"", ""description"": ""Enjoy your daily dose of pure Himalayan honey- anytime, anywhere, with BeePops Honey Sticks. Each stick contains just the right amount of honey, making it easy to add to tea, school tiffins, or enjoy as a quick energy booster."", ""productImage"": ""https://erp.tpci.in/frontend/exhibitor/product-178453168646008351.jpg?18.979994690958403""}, {""productName"": ""BeePops Protein Bars-Chocolate (6NX30G)"", ""description"": ""A nutritious on-the-go snack made with plant-based protein, high dietary fibre, jaggery and natural honey, instead of white sugar. This gluten-free bar pairs rich chocolate taste with wholesome ingredients to give lasting energy and fuller satiety."", ""productImage"": ""https://erp.tpci.in/frontend/exhibitor/product-178453168676603058.jpg?77.14473910363833""}, {""productName"": ""BeePops Assorted Millet Protein Bars – 6 Bar Family Pack (5 Variants|30g Per Bar)"", ""description"": ""Wholesome nutrition for the entire family. BeePops Millet Protein Bars are made with natural superfoods to deliver clean energy, high protein, and great taste without processed sugars, or artificial flavours. This Assorted pack has 1 bar each of Vanilla, Dates & No Seeds, Pumpkin Seeds, Ashwagandha "", ""productImage"": ""https://erp.tpci.in/frontend/exhibitor/product-17845316869000845.jpg?28.783714518680902""}, {""productName"": ""BeePops Millet Protein Bars- Vanilla (6NX30)"", ""description"": ""A wholesome snack bar made from the goodness of millets, wheat, jaggery, peanuts, and honey.Power-packed with Natural Energy. No Refined Sugar – Sweetened with Jaggery & Honey. Crunchy Peanuts & Soft Millet Base. Ideal for Kids, Adults & On the Go."", ""productImage"": ""https://erp.tpci.in/frontend/exhibitor/product-178453168651682120.jpg?12.48435835585404""}, {""productName"": ""BeePops Millet Protein Bars-Ashwagandha (6NX30G)"", ""description"": ""Combining the power of Ayurvedic herbs & modern nutrition, this bar is rich in dietary fiber; and sweetened naturally with honey and jaggery. Each bite delivers sustained energy, improved digestion, and the calming benefits of traditional herbs."", ""productImage"": ""https://erp.tpci.in/frontend/exhibitor/product-178453168680484972.jpg?76.07065129659199""}, {""productName"": ""BeePops Protein Bars-Dates & No Nuts (6NX30G)"", ""description"": ""A healthy snack bar made primarily with millets and dates a ready-to-eat “millet protein bar” with no nuts, intended as a wholesome, on-the-go snack."", ""productImage"": ""https://erp.tpci.in/frontend/exhibitor/product-178453168697672306.jpg?42.90018448876234""}, {""productName"": ""BeePops Protein Bars- Pumpkin Seeds-Honey (6NX30G)"", ""description"": ""BeePops Pumpkin Seeds Protein Bars make a premium high-protein snack with pumpkin seeds. Each 30g bar is made using natural ingredients, has no white sugar, and contains high fibre."", ""productImage"": ""https://erp.tpci.in/frontend/exhibitor/product-178453168638653552.jpg?86.28897162740023""}, {""productName"": ""BeePops Himalayan Honey 500 G"", ""description"": ""BeePops Pure Himalayan Honey is naturally sourced, unprocessed, and packed with the goodness of antioxidants and nutrients. Ideal for daily wellness, sweetening beverages, or drizzling on your favorite foods. Experience the Purity of Uttarakhand s Natural Honey."", ""productImage"": ""https://erp.tpci.in/frontend/exhibitor/product-178453168681385046.jpg?2.7443077440786245""}, {""productName"": ""BeePops Himalayan Honey 250 G"", ""description"": ""BeePops Pure Himalayan Honey is naturally sourced, unprocessed, and packed with the goodness of antioxidants and nutrients. Ideal for daily wellness, sweetening beverages, or drizzling on your favorite foods. Experience the Purity of Uttarakhand s Natural Honey."", ""productImage"": ""https://erp.tpci.in/frontend/exhibitor/product-178453168630693572.jpg?54.854626911556934""}]","{""Organic, Natural & Ethical Foods"": [""Organic, Natural & Ethical Foods""]}",D-13,2,www.beepops.in,"507, ROYAL ENSIGN, A-6 PRITHVIRAJ ROAD",JAIPUR,Rajasthan,,302001,AAYFD0580C,9314508284,http://www.facebook.com/share/1ChfEsfU5r/,http://www.linkedin.com/in/drneerjaarora,https://www.twitter.com/,http://www.youtube.com/@beepopsofficial,http://www.instagram.com/@officialbeepops,1000,"Distributor,exporter,importer,jv",DR. MA ESSENTIALS LLP,https://erp.tpci.in/images/upload/company_logo/Exhibitor-Logo-6653_6a5b4cc15b45e.jpeg?rand=74829,https://erp.tpci.in/uploads/ex_docs/6653/Beepops Product Catalog 7 Page 18th July 1026 compressed.pdfc6ce8db4f5212ef9276cd3e0c18b36c7_6a5b5a0e7c279.pdf,03,"[{""id"": ""11940"", ""description"": ""FSSAI"", ""link"": ""https://erp.tpci.in//frontend/exhibitor/49831eec9966e312e874f0147b9205df_6a5b52cdcf786.pdf""}, {""id"": ""11941"", ""description"": ""gst"", ""link"": ""https://erp.tpci.in//frontend/exhibitor/aa05df04bef3f0afc7496bd11327ae70_6a5b52f15c1b4.pdf""}, {""id"": ""11942"", ""description"": ""udyam"", ""link"": ""https://erp.tpci.in//frontend/exhibitor/288bfcde8c9b4cc95a9d953cfde10bd3_6a5b530ed29fb.pdf""}]",,"[{""type"": ""youtube"", ""video_url"": ""https://youtu.be/e7DP6jDrxUE?si=SPBXYbLzD0ylC4qZ"", ""title"": ""FROM BITS TO BEEPOPS- Building Beepops: Startups, Farming & Life Lessons with Prof. Naval Arora"", ""description"": ""What happens when a chemical engineer from BITS Pilani chooses honeybees, nutrition, and farming to build a purpose-driven startup?\n\nIn this insightful conversation, RJ Ravindra from Box FM Radio sits down with Prof. Naval Arora, co-founder of Beepops, to explore his remarkable journey—from studying at BITS Pilani to building Beepops, a brand focused on clean nutrition through honey and protein bars.\n\nIn this episode, Prof. Arora shares:\n0.00 Intro \n0.20 ? How honeybees inspired his entrepreneurial journey\n0.36 ? The deeper life lessons we can learn from bees\n2.13 ? Why Beepops created millet-based protein bars for Anganwadi children\n3.28 ? The science and philosophy behind Beepops’ protein bar variants\n4.34 ?️ Why Beepops consciously chose not to target gym-goers\n6.36 ? Entrepreneurship lessons from his time at BITS Pilani\n6.27 ? His haldi farming journey in Devprayag, deep in the Himalayas\n7.57 ? What’s next for Beepops\n8.32 ✨ Powerful life lessons for young people: dream big, stay curious, and don’t set boundaries on what’s possible\n\nThis is more than a startup story—it’s a conversation about purpose, health, sustainability, and building a meaningful life.\n\nIf you’re interested in startups, nutrition, farming, or entrepreneurship, this episode is for you.""}]"
MTEzMWYxYjc3NDJiNmQwYTpiYjg3YThiODYxYjgwZDcwZGM0ODI0MGI1YjFlZWYzMWMyNThjMjlhOkpCVWk2WFU1Q1hiYUtmVUhuR3VzMmc9PQ==,Durrant Packagers Ind. Pvt. Ltd.,Private Limited,BHUPENDRA JOSHI,Manufacturer,Printing & Packaging Products & Machinery,"{""Packaging Material"": [""Packaging Material""], ""Private Label"": [""Private Label""]}",[],"{""Packaging Material"": [""Packaging Material""], ""Private Label"": [""Private Label""]}",B-12,2,https://www.durrant.co.in/,"104-C, SEC-B, INDUTRIAL AREA, SANWER ROAD",INDORE,Madhya Pradesh,,452015,AAACD7024J,+917827751998,https://www.facebook.com/,https://www.linkedin.com/home?originalSubdomain=in,https://www.twitter.com/,https://www.youtube.com/,https://www.twitter.com/,1000,"Distributor,exporter",DURRANT PACKAGERS IND. PVT. LTD.,https://erp.tpci.in/images/upload/company_logo/Exhibitor-Logo-6655_6a4cc98fe20eb.jpeg?rand=409,,0,[],,[]
MGU4M2E3NGVkMDEzZmNjZTpiNGZmOWJmNzU0Y2VmZjJiOTY2Zjk0MzEyYmUyNTBkZjdiNWU4MTUxOkJHZmJTVlJVNWZBQWsxV09jR2xDbkE9PQ==,Earthroot Spices And Herbs Llp,Partnership,MOHAMMADALI MAKNOJIYA,Manufacturer Exporter,Food & Agri Products,"{""Food Ingredients"": [""Food Ingredients""], ""Ingredients, Additives & Raw Material"": [""Ingredients, Additives & Raw Material""], ""Private Label"": [""Private Label""], ""Rice, Pulses, Grains, Spices and Commodities"": [""Rice, Pulses, Grains, Spices and Commodities""]}",[],"{""Food Ingredients"": [""Food Ingredients""], ""Ingredients, Additives & Raw Material"": [""Ingredients, Additives & Raw Material""], ""Private Label"": [""Private Label""], ""Rice, Pulses, Grains, Spices and Commodities"": [""Rice, Pulses, Grains, Spices and Commodities""]}",E-32,2,https://www.earthroot.in,"EARTHROOT SPICES AND HERBS LLP, PLOT NO. 105,GIDC,SIDHPUR,DIST.:PATAN",SIDHPUR,Gujarat,,384151,AAHFE0900G,+917827751998,https://www.facebook.com/,http://www.linkedin.com/earthroot,https://www.twitter.com/,https://www.youtube.com/,http://www.instagram.com/earthroot,1000,"Distributor,exporter,importer","EARTH ROOT SPICES AND HERBS IS A CULTIVATOR, MANUFACTURER AND EXPORTER OF ORGANIC AND CONVENTIONAL SPICES, HERBS, OIL SEEDS, GRAIN SEEDS, PSYLLIUM AND ITS RELATED PRODUCTS. THIS NOBLE INITIATIVE BASED IN SIDHPUR, GUJARAT, HAS BEEN TOILING RIGOROUSLY FOR THE LAST 23 YEARS TO SPREAD THE EXOTIC AND FRAGRANT INDIAN SPICES AND HERBS ALL AROUND THE WORLD.",https://erp.tpci.in/images/upload/company_logo/Exhibitor-Logo-6563_6a54c31745641.png?rand=30828,https://erp.tpci.in/uploads/ex_docs/6563/New Earthroot Introduction.pdfd65f8ee8ce514fbf61ebf22e04be30c2_6a54c5dd120ab.pdf,05,"[{""id"": ""11847"", ""description"": ""FSSAI"", ""link"": ""https://erp.tpci.in//frontend/exhibitor/ebd890280c357135d887e48d90f2793d_6a54c4036e60a.pdf""}, {""id"": ""11848"", ""description"": ""USFDA"", ""link"": ""https://erp.tpci.in//frontend/exhibitor/b998b30bf8982d5b6319ee30d871208e_6a54c42b94a39.pdf""}, {""id"": ""11849"", ""description"": ""KOSHER"", ""link"": ""https://erp.tpci.in//frontend/exhibitor/a9176f6fedb3abc737ef1070fcfc0b83_6a54c45c8f90c.pdf""}, {""id"": ""11850"", ""description"": ""BRCGS"", ""link"": ""https://erp.tpci.in//frontend/exhibitor/21989667be7a536c9433da2ca1699f51_6a54c48226894.pdf""}, {""id"": ""11851"", ""description"": ""HALAL"", ""link"": ""https://erp.tpci.in//frontend/exhibitor/4c271cc7934bd22c62079f241031607a_6a54c5583ad36.pdf""}]",,[]
OGZkODE4ZWZiOTdlYWM1NjpjMmNmMjllZGJlZDkyOTRlZjE0NDgwN2QxMWNhYzQzNGJlNGRhZDQ5OjlCWS82aGRwTE55VC9JckhLTGxCV2c9PQ==,Eazy Erp Technologies Pvt. Ltd.,Private Limited,SAPNA,Consultant,Food & Agri Products,"{""Digital FoodTech, Traceability & AI"": [""Digital FoodTech, Traceability & AI""]}","[{""productName"": ""Eazy ERP"", ""description"": ""Eazy ERP is an enterprise resource planning solution for optimizing, streamlining, and managing daily operations procedures of the business. It efficiently handles inventory, procurement, sales, purchase, etc. Eazy ERP is extremely easy to use and comes pre-integrated with Tally and BUSY."", ""productImage"": ""https://erp.tpci.in/frontend/exhibitor/product-178410306825949677.jpg?39.16752966043309""}, {""productName"": ""Eazy DMS"", ""description"": ""Fusion Eazy DMS is a distributor management solution for capturing, storing and managing secondary sales data. By integrating with the distributor’s Tally/BUSY system, it provides complete visibility into secondary sales operations."", ""productImage"": ""https://erp.tpci.in/frontend/exhibitor/product-178410306812243297.jpg?56.97443173916492""}, {""productName"": ""Recibo-(SFA)"", ""description"": ""A powerful Sales Force Automation (SFA) solution designed to track and optimize sales staff performance at every level through an intuitive mobile app. Equipped with advanced features for B2B trading, distribution management, mobile CRM, order management, retail execution, invoicing, and more."", ""productImage"": ""https://erp.tpci.in/frontend/exhibitor/product-178410306830301369.jpg?67.36957278788981""}, {""productName"": ""Retail Eazy"", ""description"": ""The Retail Eazy app simplifies order management procedures. It also provides real-time visibility into schemes, tracks orders, and simplifies purchase validations. It also offers advanced loyalty management and handles distributor KYC details."", ""productImage"": ""https://erp.tpci.in/frontend/exhibitor/product-17841030687355743.jpg?65.92457179531881""}, {""productName"": ""Eazy Pay"", ""description"": ""Eazy Pay simplifies payroll management, helping HR and finance teams process salaries, reimbursements, and loans accurately and on time. It also streamlines employee data, leave tracking, and training records for better workforce management."", ""productImage"": ""https://erp.tpci.in/frontend/exhibitor/product-178410306834912970.jpg?27.5141436862891""}, {""productName"": ""Eazy CRM "", ""description"": ""Eazy CRM is a customer relationship management software designed to streamline and optimize both pre-sales and post-sales activities. It helps businesses with managing customers and lead data, generating sales pipeline reports, and improving decision making with the accurate customer journey data."", ""productImage"": ""https://erp.tpci.in/frontend/exhibitor/product-178410306896252132.jpg?39.79700611885358""}, {""productName"": ""Eazy Asset"", ""description"": ""Eazy Asset is an asset management solution to track and manage the entire lifecycle of the fixed assets within an organization. It makes it easier to track the location, condition, quantity, maintenance, and depreciation status of all the fixed assets."", ""productImage"": ""https://erp.tpci.in/frontend/exhibitor/product-178410306821735325.jpg?16.442602608765107""}]","{""Digital FoodTech, Traceability & AI"": [""Digital FoodTech, Traceability & AI""]}",D-26,2,https://www.google.com,"201 (A, B,D, E, F), 2ND FL0OR, VIPUL AGORA MALL, MG ROAD",GURGAON,Haryana,India,122002,AALCS3172P,+917827751998,https://www.facebook.com/,https://www.linkedin.com/home?originalSubdomain=in,https://www.twitter.com/,https://www.youtube.com/,https://www.twitter.com/,1000,"Distributor,importer",EAZY ERP TECHNOLOGIES PVT. LTD.,https://erp.tpci.in/images/upload/company_logo/Exhibitor-Logo-6672_6a59fddfe9cfa.png?rand=9300,https://erp.tpci.in/uploads/ex_docs/6672/All in one- Indian flyer.pdf58a2d4b9bb4f17c0b3f5ea077b8c5275_6a57420f47d69.pdf,02,"[{""id"": ""11950"", ""description"": ""GST Certificate"", ""link"": ""https://erp.tpci.in//frontend/exhibitor/b65d10dd67f3cb5663d0b2ee5a191b05_6a5dd2817a20e.pdf""}, {""id"": ""11951"", ""description"": ""MSME Certificate"", ""link"": ""https://erp.tpci.in//frontend/exhibitor/40b55f7812b4b9eddffc6f00b8bc1f0d_6a5dd295cdada.pdf""}]",,[]
M2VmNmNjZjM2YmJlNDlhMTpjZWU0OTZmZWNlMjQ3NzJjZWEyODUwYmRiZmUyODQ2YWI1OGY4ZGNkOmdwaFB2NXlORGxvSzJJQ2VrZTl0R3c9PQ==,Ejag Foods Private Limited,Private Limited,ANUJ GUPTA,Manufacturer,Food & Agri Products,"{""Frozen, Ready to Eat & Ready to Cook Food"": [""Frozen, Ready to Eat & Ready to Cook Food""], ""Snacks & On the Go Foods"": [""Snacks & On the Go Foods""]}","[{""productName"": ""Nools Masala Kehvu Pade Bada Pack"", ""description"": ""Local Gujarati flavored instant noodles"", ""productImage"": ""https://erp.tpci.in/frontend/exhibitor/product-178419900793014054.jpg?15.224925163411465""}, {""productName"": ""Nools Teekha Misal Instant Noodles"", ""description"": ""Misal flavored spicy instant noodles"", ""productImage"": ""https://erp.tpci.in/frontend/exhibitor/product-178419900737421086.jpg?25.620850944538464""}]","{""Frozen, Ready to Eat & Ready to Cook Food"": [""Frozen, Ready to Eat & Ready to Cook Food""], ""Snacks & On the Go Foods"": [""Snacks & On the Go Foods""]}",C-07,2,https://nools.com/,1201 SOLITAIRE CONNECT NEAR BMW MOTORS. AHMEDABAD,AHMEDABAD,Gujarat,India,380054,AAICE7684B,+917827751998,https://www.facebook.com/,https://www.linkedin.com/home?originalSubdomain=in,https://www.twitter.com/,https://www.youtube.com/,https://www.twitter.com/,,"Distributor,exporter","NOOLS IS NOT JUST ANOTHER NOODLE BRAND.
WE ARE BUILDING A NEW KIND OF NOODLE CULTURE FOR INDIA’S NEXT GENERATION OF CONSUMERS.
AT NOOLS, WE ARE REIMAGINING NOODLES FOR GROWN-UP PALATES — BOLD, REGIONAL FLAVORS WITH REAL DEPTH. OUR PRODUCTS ARE INSPIRED BY LOCAL TASTES BUT DESIGNED WITH A REBELLIOUS SPIRIT, CREATING SOMETHING VERY DIFFERENT FROM THE BASIC OPTIONS CURRENTLY IN THE MARKET.",https://erp.tpci.in/images/upload/company_logo/Exhibitor-Logo-6579_6a574d6a2b3cd.jpg?rand=44794,https://erp.tpci.in/uploads/ex_docs/6579/Retail Brochure (A4) 23-06-2026_compressed.pdf9951586dbae5de543f5349b16d8c61a4_6a58b61ad427e.pdf,01,"[{""id"": ""11913"", ""description"": ""GST Certificate"", ""link"": ""https://erp.tpci.in//frontend/exhibitor/cc6ece452c58ace73423f71d9f85d940_6a58b3f577f7d.pdf""}]",,"[{""type"": ""youtube"", ""video_url"": ""https://www.youtube.com/watch?v=t1pnlfcuYBg"", ""title"": ""Partnership Wanted for NOOLS""}]"
YjBjN2IyNmMzOTFlMDRkNDo1ZDcwMWRlYTFkYzNjMjQ5MTBlMTUyYmE5MDc1ZmU2NDI5ZWIzNzYxOkwrYmVTbTdMd1Rnd05EYjF1NzhLVkE9PQ==,Ekta Traders,Proprietor,MR. NILESH HARCHANDANI,Manufacturer,Food & Agri Products,"{""Food Ingredients"": [""Food Ingredients""], ""Sweets & Confectionery"": [""Sweets & Confectionery""]}","[{""productName"": ""150gm Roasted Masala Peanuts "", ""description"": ""Traditional clay-roasted peanuts with a seasoning of traditional spices\r\n\r\n• No synthetic colours or artificial flavours\r\n• No artificial preservatives\r\n• No palm oil\r\n• No onion, no garlic\r\n• One serving of peanuts contains 6grams of protein and is rich in heart-healthy nutrients\r\n• Cholestrol and gluten "", ""productImage"": ""https://erp.tpci.in/frontend/exhibitor/product-178437393928465222.jpg?84.24380047642049""}, {""productName"": "" 200gm Roastman Masala Chana"", ""description"": ""Traditional clay-roasted Chana with a seasoning of traditional spices\r\n\r\n• No synthetic colours or artificial flavours\r\n• No artificial preservatives\r\n• No palm oil\r\n• No onion, no garlic\r\n• One serving of Chama contains 8grams of protein and is rich in heart-healthy nutrients\r\n• Cholestrol and gluten free"", ""productImage"": ""https://erp.tpci.in/frontend/exhibitor/product-178437393938961686.jpg?29.87368621851661""}, {""productName"": ""200gm & 500gm Double Hathi Chana"", ""description"": ""Traditional clay-roasted chickpeas seasoned with natural turmeric \r\n\r\n• Whole chickpeas with skin\r\n• No synthetic colours or artificial flavours\r\n• No artificial preservatives\r\n• No palm oil\r\n• No onion, no garlic\r\n• One serving containss 6grams of protein, 3grams of dietary fibre and 2mg iron\r\n• Cholestrol"", ""productImage"": ""https://erp.tpci.in/frontend/exhibitor/product-178437393951004018.jpg?96.6370327366861""}, {""productName"": ""200gm & 500gm Pronut Chikki"", ""description"": ""200g  Pronut Paenut Crunch Chikki\r\n200gm Pronut Peanut Butter\r\n200gm Pronut Mawa Malai                                                                     500g  Pronut Paenut Crunch Chikki\r\n500gm Pronut Peanut Butter\r\n500gm Pronut Mawa Malai"", ""productImage"": ""https://erp.tpci.in/frontend/exhibitor/product-178437393918921001.jpg?93.56410810124511""}, {""productName"": ""200gm  Pronut Chikki"", ""description"": ""200gm Pronut Dry Fruit Chikki\r\n200gm Pronut Gajak Chikki\r\n200gm Pronut Kaju Roal Chikki\r\n200gm Pronut Khajoor Roll Chikki                                                       "", ""productImage"": ""https://erp.tpci.in/frontend/exhibitor/product-178437393990472226.jpg?77.90944536953181""}, {""productName"": ""? 5 Pronut  Chikki"", ""description"": ""? 5 Pronut - Crunchy Peanut Chikki\r\n? 5 Pronut - Peanut Butter Chikki\r\n? 5 Pronut - Crush Coconut\r\n? 5 Pronut - Magic Chikki\r\n? 5 Pronut - Rajgira Panut\r\n? 5 Pronut - Till Chikki"", ""productImage"": ""https://erp.tpci.in/frontend/exhibitor/product-178437393994387561.jpg?8.854905617288226""}]","{""Food Ingredients"": [""Food Ingredients""], ""Sweets & Confectionery"": [""Sweets & Confectionery""]}",D-31,2,www.ektafoods.com,"SURVEY NO 184/3, PLOT NO 7 TO 13, VAVDI BUZARG, DHOLAKUVA",GODHRA,Gujarat,India,389001,ABVPH4413N,+917827751998,https://www.facebook.com/,https://www.linkedin.com/home?originalSubdomain=in,https://www.twitter.com/,https://www.youtube.com/,https://www.twitter.com/,1000,"Distributor,exporter",EKTA TRADERS,https://erp.tpci.in/images/upload/company_logo/Exhibitor-Logo-6772_6a5b5523639be.jpeg?rand=55505,https://erp.tpci.in/uploads/ex_docs/6772/PRODUCT CATALOGUE (1).pdf34b0e0e21f65fa8dae10bb2b4e48d14a_6a5b474c8984b.pdf,03,"[{""id"": ""11937"", ""description"": ""GST CERTIFICATE"", ""link"": ""https://erp.tpci.in//frontend/exhibitor/04c7aa2dc841c957d24001c59274e018_6a5b49d7b0785.pdf""}, {""id"": ""11938"", ""description"": ""FSSAI"", ""link"": ""https://erp.tpci.in//frontend/exhibitor/04c7aa2dc841c957d24001c59274e018_6a5b49d7badeb.pdf""}, {""id"": ""11939"", ""description"": ""Importer-Exporter Code"", ""link"": ""https://erp.tpci.in//frontend/exhibitor/7c74b78ba9db69e31c702e59af5dca84_6a5b49f6dc16c.pdf""}]",,[]
ZGE5N2I0OTkxYmM2YmFjYTozYWMzM2M0MDI4M2M0YmMzNzhhN2VjM2MxMzlkOGZmM2IxMGZmYTZhOk9iejlXOFN5ZGhSUnllSUtRN3J5M1E9PQ==,Erocare Retails Private Limited,Private Limited,SHIVANGI,Manufacturer Exporter,Food & Agri Products,"{""Dry Fruits & Nuts"": [""Dry Fruits & Nuts""]}",[],"{""Dry Fruits & Nuts"": [""Dry Fruits & Nuts""]}",A-23A,2,https://www.google.com,"204,SNS PLATINA,NEAR RELIANCE MEGA MART,VESU,SURAT",SURAT,Gujarat,India,395007,ASDFGHJKL1,+917827751998,https://www.facebook.com/,https://www.linkedin.com/home?originalSubdomain=in,https://www.twitter.com/,https://www.youtube.com/,https://www.twitter.com/,1000,"Distributor,exporter",EROCARE RETAILS PRIVATE LIMITED,https://erp.tpci.in/images/upload/company_logo/Exhibitor-Logo-6735_6a5f753a7cdb5.jpeg?rand=87970,,0,[],,[]
ZWFkMTk4YzE1M2UxMjBiNzowZTg3YmEzMTJjOTVjZTBjYmNiY2I3MzkxZjBhMjFmYzU4ODI2ZTUwOjRmSlJOUEdtK0NvR3l2MlQ3VWpWSmc9PQ==,Eureka Analytical Services Pvt Ltd,Private Limited,ANAND,Service Provider,Test,"{""Quality Control, Testing & Compliance"": [""Quality Control, Testing & Compliance""]}","[{""productName"": ""Testing, inspection and auditing services"", ""description"": ""Eureka Analytical Services (Eureka) is a provider of leading testing, inspection and auditing services for food, agricultural commodities, feed, nutraceuticals, pharmaceuticals and the environment, with labs in Bangalore, Kundli-Delhi, Unjha, Gujarat, Guntur-Andhra Pradesh, Bramer, Kerala, Kolkata, "", ""productImage"": ""https://erp.tpci.in/frontend/exhibitor/product-178366628143605744.jpg?75.58583875706964""}]","{""Quality Control, Testing & Compliance"": [""Quality Control, Testing & Compliance""]}",D-33A,2,https://eurekaserv.com/,"1410, SHILP EPITOME, B/H RAJPATH CLUB, BODAKDEV",AHMEDABAD,Gujarat,India,380054,AAFCE6293D,7795833308,https://www.facebook.com/,http://www.linkedin.com/company/eurekaserv/,https://www.twitter.com/,https://www.youtube.com/,http://www.instagram.com/eureka_serv?igsh=MWpuaXF6aWJkYXQxaA==,1000,"Exporter,importer",EUREKA ANALYTICAL SERVICES PVT LTD,https://erp.tpci.in/images/upload/company_logo/Exhibitor-Logo-6715_6a5096a51b546.png?rand=86367,https://erp.tpci.in/uploads/ex_docs/6715/TF (General)_compressed.pdfd519f658ae3075bffb73b0dbab4e859e_6a509919914f1.pdf,02,"[{""id"": ""11809"", ""description"": ""Eureka _ UNjha Nabl Certificate"", ""link"": ""https://erp.tpci.in//frontend/exhibitor/a0d4986694cc9528d95709115a15cf9d_6a5098559b4d5.pdf""}, {""id"": ""11810"", ""description"": ""Eureka_BLr Nabl Ceritficate"", ""link"": ""https://erp.tpci.in//frontend/exhibitor/4ed564dbce07be460eacc63503089184_6a50986b58ad0.pdf""}]",,[]
MDM1Mjk1ODZhY2M3OTk5NDphNTEzZjNlMGU1ZDA5YzA4MTI1NGNkNzZlYTJlYjAzMGFiMGVhNGJjOmVYLzFwQklsUVJKdkRrSS9aUEdiaVE9PQ==,Farmton Foods Private Limited,Private Limited,DEBASHIS MISHRA,Manufacturer,Food & Agri Products,"{""Frozen, Ready to Eat & Ready to Cook Food"": [""Frozen, Ready to Eat & Ready to Cook Food""]}",[],"{""Frozen, Ready to Eat & Ready to Cook Food"": [""Frozen, Ready to Eat & Ready to Cook Food""]}",A-54,2,https://farmtonfoods.com/,"OFIICE NO. A€31, A€32, AND A€33, MONEY PLANT HIGH STREET, NEAR BSNL OF,I@, JAGAHUR ROAD, SG HIGHMY, GOTA",AHMEDABAD,Gujarat,India,382470,AAFCF5920L,+917827751998,https://www.facebook.com/,https://www.linkedin.com/home?originalSubdomain=in,https://www.twitter.com/,https://www.youtube.com/,https://www.twitter.com/,1000,"Distributor,importer,jv",FARMTON FOODS PRIVATE LIMITED,https://erp.tpci.in/images/upload/company_logo/Exhibitor-Logo-6625.jpeg?rand=828,https://erp.tpci.in/uploads/ex_docs/6625/Farmton Foods_ Brochure_Final-02.06.26.pdfa27244d93c97be852638517b114f0400_6a5d1c701059c.pdf,0,[],,[]
OWZkMjAxMzhhZjgyMWE5OTpmMDY2MjdjMGJhMGQxZTMwZWVmNTg5ZmM2YjIxOWU2YzYxNDI4NmNiOjlKS1QrVkF4ZldqTkRlcHV3TzBncEE9PQ==,Federation Of Indian Spices Stakeholders (fiss),Private Limited,GANESHAN,Service Provider,Service Sector,"{""Service, Associations & Trade Support"": [""Service, Associations & Trade Support""]}",[],"{""Service, Associations & Trade Support"": [""Service, Associations & Trade Support""]}",E-10,2,https://www.fissh.org/,"SF-210, Shoolin Square, Vishnagar Road, Unjha, North Gujarat",UNJHA,Gujarat,,384170,9632587410,+917827751998,https://www.facebook.com/,https://www.linkedin.com/home?originalSubdomain=in,https://www.twitter.com/,https://www.youtube.com/,https://www.twitter.com/,,Exporter,FEDERATION OF INDIAN SPICES STAKEHOLDERS (FISS),https://erp.tpci.in/images/upload/company_logo/Exhibitor-Logo-6795_6a5b68b200bea.png?rand=93254,,0,[],,[]
MTk2MjAxNDk3MDkxNTYyNjpkMmE1NGM3NjhmNGRjODMxMDM1ZjNlYmY4MWVhOWM2YjY2Y2VkY2JmOmR3ZnRZcVk3MUNFODFsUmEzY1hLMEE9PQ==,Fillpack Technology Pvt Ltd,Private Limited,PRATIKSHA DHURANDHAR,Manufacturer Exporter,Printing & Packaging Products & Machinery,"{""Beverage & Hot Drinks"": [""Beverage & Hot Drinks""], ""Dairy"": [""Dairy""], ""Private Label"": [""Private Label""], ""Service, Associations & Trade Support"": [""Service, Associations & Trade Support""]}",[],"{""Beverage & Hot Drinks"": [""Beverage & Hot Drinks""], ""Dairy"": [""Dairy""], ""Private Label"": [""Private Label""], ""Service, Associations & Trade Support"": [""Service, Associations & Trade Support""]}",D-18,2,https://www.fillpacktechnology.com/,"PLOT NO. D 26/6, ANAND NAGAR, ADDITIONAL MIDC, AMBERNATH (E) 421 506, MUMBAI, MAHARASHTRA, INDIA",THANE,Maharashtra,India,421506,AAGCF2914B,+917827751998,https://www.facebook.com/,https://www.linkedin.com/home?originalSubdomain=in,https://www.twitter.com/,https://www.youtube.com/,https://www.twitter.com/,1000,"Distributor,exporter",FILLPACK TECHNOLOGY PVT LTD,https://erp.tpci.in/images/upload/company_logo/Exhibitor-Logo-6769_6a5b556d672dd.png?rand=8699,,0,[],,[]
MDNjZDIxMWMxZTdjODQzNzpmNDMyMTY3YmY0MDg4NzY3NzI0ODcxYjE1MDQwMjgyNTQ0ZWJlNzY0OkVZTXlVSm1WQWtXZEdzL3RNVEFsNVE9PQ==,Fishfa Agri World Limited,Public Limited,MALAY BAVARIA,Manufacturer Exporter,Food & Agri Products,"{""Fats & Oils"": [""Fats & Oils""], ""Food Ingredients"": [""Food Ingredients""], ""Rice, Pulses, Grains, Spices and Commodities"": [""Rice, Pulses, Grains, Spices and Commodities""]}","[{""productName"": ""Bold Peanut Kernel "", ""description"": ""Peanuts of the bold variety have a reddish-brown skin and an oblong shape. Bold-type peanut kernels are thicker and larger than other varieties of peanut kernels. These nuts are superfoods when it comes to their health benefits. They are also good sources of energy and help to increase the metabolic"", ""productImage"": ""https://erp.tpci.in/frontend/exhibitor/product-178472544959692675.jpg?87.04486404270386""}]","{""Fats & Oils"": [""Fats & Oils""], ""Food Ingredients"": [""Food Ingredients""], ""Rice, Pulses, Grains, Spices and Commodities"": [""Rice, Pulses, Grains, Spices and Commodities""]}",F-28,2,https://fishfaagri.com/,"KUVADVA WANKANER HIGHWAY, AT SURYA RAMPARA, POST SANOSARA",RAJKOT,Gujarat,India,360003,AACCF1776D,7043407005,https://www.facebook.com/,https://www.linkedin.com/home?originalSubdomain=in,https://www.twitter.com/,http://www.youtube.com//@Peanutji,https://www.twitter.com/,100,"Distributor,exporter",FISHFA AGRI WORLD LIMITED,https://erp.tpci.in/images/upload/company_logo/Exhibitor-Logo-6760.png?rand=26198,https://erp.tpci.in/uploads/ex_docs/6760/Fishfa Agril World Ltd-new_compressed.pdf84e22b047fbbbe661cf720e59905bc0b_6a60bdcecf289.pdf,0,[],,[]
MzMzYzhhNjllN2MyZTNmOTowMzI1Y2Y5NzJhYTk2MTkwYzhkOWM3NGJhMDdhNDlkNGYxYzM2NmQ5Onh2Sm04NE1SNVdhMHFGNzJ3aWM2V0E9PQ==,Foodoko World Private Limited,Private Limited,RAHUL SAVLANI,Manufacturer Exporter,Food & Agri Products,"{""Beverage & Hot Drinks"": [""Beverage & Hot Drinks""], ""Food Ingredients"": [""Food Ingredients""], ""Grocery, Staple & Dry Foods"": [""Grocery, Staple & Dry Foods""], ""Indian Ethnic Food"": [""Indian Ethnic Food""], ""Private Label"": [""Private Label""], ""Rice, Pulses, Grains, Spices and Commodities"": [""Rice, Pulses, Grains, Spices and Commodities""], ""Snacks & On the Go Foods"": [""Snacks & On the Go Foods""]}","[{""productName"": ""Turmeric Powder"", ""description"": ""100gm,200gm,500gm,1kg upto 5kg & 20kg Bulk packing"", ""productImage"": ""https://erp.tpci.in/frontend/exhibitor/product-178461255069465103.jpg?25.12888864160412""}, {""productName"": ""Coriander Powder"", ""description"": ""100gm,200gm,500gm,1kg upto 5kg & 20kg Bulk packing"", ""productImage"": ""https://erp.tpci.in/frontend/exhibitor/product-178461255053579054.jpg?23.940968349521018""}, {""productName"": ""Kashmiri Chilli Powder"", ""description"": ""100gm,200gm,500gm,1kg upto 5kg & 20kg Bulk packing"", ""productImage"": ""https://erp.tpci.in/frontend/exhibitor/product-178461255052415916.jpg?44.31817889615724""}, {""productName"": ""Chilli Powder (Mild, Hot & Ext Hot)"", ""description"": ""100gm,200gm,500gm,1kg upto 5kg & 20kg Bulk packing"", ""productImage"": ""https://erp.tpci.in/frontend/exhibitor/product-178461255065889862.jpg?49.767992505587635""}]","{""Beverage & Hot Drinks"": [""Beverage & Hot Drinks""], ""Food Ingredients"": [""Food Ingredients""], ""Grocery, Staple & Dry Foods"": [""Grocery, Staple & Dry Foods""], ""Indian Ethnic Food"": [""Indian Ethnic Food""], ""Private Label"": [""Private Label""], ""Rice, Pulses, Grains, Spices and Commodities"": [""Rice, Pulses, Grains, Spices and Commodities""], ""Snacks & On the Go Foods"": [""Snacks & On the Go Foods""]}",F-03,2,https://www.foodoko.in/,"PLOT NO 159,160,160/A ,SHIV SHAKTI INDU. EST,B/H R.K. TRIPATHI SCHOOL ,AHMEDABAD",AHMEDABAD,Gujarat,,382340,AAGCF2019M,+917827751998,https://www.facebook.com/,https://www.linkedin.com/home?originalSubdomain=in,https://www.twitter.com/,https://www.youtube.com/,https://www.twitter.com/,1000,"Distributor,exporter,importer",FOODOKO PRODUCTS PRIVATE LIMITED,https://erp.tpci.in/images/upload/company_logo/Exhibitor-Logo-6700_6a5f051819cf7.png?rand=85116,https://erp.tpci.in/uploads/ex_docs/6700/Foodoko Corporate Profile_ENG-2.pdf16ad3c5b84d27e946e6f3b49c51bb1a1_6a54cc2a493d1.pdf,01,"[{""id"": ""11868"", ""description"": ""IEC certificate"", ""link"": ""https://erp.tpci.in//frontend/exhibitor/10979227ed5e520988edbdbcfe1b7459_6a5622c02744c.pdf""}]",,[]
ODgxYTY5YWQyMGJhNGVmNDpjOTIwNjRhZjdlODA0MDZjODM0NzQ5NTdkMTI4ODRkZDMxNTFjZDYyOmxLcWtrc3FobnR3Z3hyc1hsWHo1NWc9PQ==,Foodtechbiz (opc) Private Limited,Private Limited,MANDEEP KAUR,Service Provider,Others,"{""Service, Associations & Trade Support"": [""Service, Associations & Trade Support""]}",[],"{""Service, Associations & Trade Support"": [""Service, Associations & Trade Support""]}",F-13B,2,https://www.foodtechbiz.com/,"#O-1003, AJNARA DAFFODILS, SECTOR-137, NOIDA - 201305",NOIDA,Uttar Pradesh,India,201305,AAECF6398M,+917827751998,https://www.facebook.com/,https://www.linkedin.com/home?originalSubdomain=in,https://www.twitter.com/,https://www.youtube.com/,https://www.twitter.com/,1000,"Distributor,exporter",FOODTECHBIZ (OPC) PRIVATE LIMITED,https://erp.tpci.in/images/upload/company_logo/Exhibitor-Logo-6770.png?rand=44050,,0,[],,[]
NzYyMmFiOGM5ZDZkN2JmZToyMzg4MDgzYmIzMWFkY2YyZmYzYjQ1ZGY1NjUxMGI0ZTk2MGNjZDU2OncvdGpkbVVERXFSSUlwdzJ4bUdXU2c9PQ==,Fourteen Foods Private Limited,Private Limited,GAZIABBAS MINSARIYA,Manufacturer,Food & Agri Products,"{""Food Ingredients"": [""Food Ingredients""]}",[],"{""Food Ingredients"": [""Food Ingredients""]}",,,https://14foods.in/,MAHUVA,MAHUVA,Gujarat,India,364290,AAFCF1547H,+917827751998,https://www.facebook.com/,https://www.linkedin.com/home?originalSubdomain=in,https://www.twitter.com/,https://www.youtube.com/,https://www.twitter.com/,80000,"Distributor,exporter",OUR COMPANY NAME IS FOURTEEN FOODS PVT LTD . WE ARE MANUFACTURER OF DEHYDRATED ONION & GARLIC PRODUCTS,https://erp.tpci.in/images/upload/company_logo/Exhibitor-Logo-6570_6a251ad6216a7.png?rand=69774,,0,[],,[]
Y2IzYzgwY2JmYTQzY2FiNDo0YmM1NjA3NTRjMzVhNWFlY2QwYTA3MDAyMDM1ZDUzNGRmYTExMmRhOnBQTkJpOUdSV3FBcFBlUThzcngvRXc9PQ==,Freeze Drying Systems Private Limited,Private Limited,SIJU AVIRAH CHANDY,Manufacturer,Food & Agri Processing Machinery,"{""Food Processing & Packaging Machinery"": [""Food Processing & Packaging Machinery""], ""Frozen, Ready to Eat & Ready to Cook Food"": [""Frozen, Ready to Eat & Ready to Cook Food""]}","[{""productName"": ""60 KGS FOOD FREEZE DRYER"", ""description"": ""60 KGS FOOD FREEZE DRYER CAPACITY PER DAY (20 KGS OF BATCH EACH OF 08/09 HOURS) "", ""productImage"": ""https://erp.tpci.in/frontend/exhibitor/product-178306820215286267.jpg?53.62830921414151""}]","{""Food Processing & Packaging Machinery"": [""Food Processing & Packaging Machinery""], ""Frozen, Ready to Eat & Ready to Cook Food"": [""Frozen, Ready to Eat & Ready to Cook Food""]}",B-39,2,https://www.freezedryingsystems.com/,"505/506, GIDC, SAVLI MANJUSAR ROAD, SAVLI",VADODARA,Gujarat,India,391775,AACCF0465B,7600134824,https://www.facebook.com/,https://www.linkedin.com/home?originalSubdomain=in,https://www.twitter.com/,https://www.youtube.com/,https://www.twitter.com/,"15,00,000","Distributor,importer","WE ARE OFFERING THE BEST QUALITY IN FOOD PRESERVING DRYER, INDUSTRIAL LYOPHILIZER, COMMERCIAL LYOPHILIZER, LABORATORY FREEZE DRYERS, VACUUM FOOD FREEZE DRYERS, COMMERCIAL FOOD FREEZE DRYER, FOOD DRYING MACHINE AND MANY MORE.",https://erp.tpci.in/images/upload/company_logo/Exhibitor-Logo-6577.png?rand=91563,https://erp.tpci.in/uploads/ex_docs/6577/1. Brochure.pdf9db634f430733964a6bb22b5444fb07a_6a33ccc8a8c23.pdf,01,"[{""id"": ""11759"", ""description"": ""FREEZE DRYING SYSTEMS PVT LTD"", ""link"": ""https://erp.tpci.in//frontend/exhibitor/ffe887ba270e29ee1c2e15a7ba96ee68_6a4c9f78de7c7.pdf""}]",,"[{""type"": ""youtube"", ""video_url"": ""https://youtu.be/sce84yzBtas?si=t7UB9lpO5C9THRs5"", ""title"": ""Export of Freeze Dried Product and Opportunities | Export Game Changer | KDSushma""}]"
ZDAyY2Q1ODdiMDBmODU2NTpjMjA5YmZiNDY0ZTNmYzFlMzNjY2Q5YmZjZjc4ZTRiNDAyYjIyNTE0OmlmWEx5MGRPMU9RTWdyMzhPbTdMT2c9PQ==,Frocare Retails Private Limited,Private Limited,SHUBHANGI SINGH,Manufacturer,Food & Agri Products,"{""Beverage & Hot Drinks"": [""Beverage & Hot Drinks""]}",[],"{""Beverage & Hot Drinks"": [""Beverage & Hot Drinks""]}",,,http://www.cocohigh.com,"204 SN8 ELA NON BE SHWSRE BESIDE RELIANCER MOO MALL, VESU",SURAT,Gujarat,India,195007,AAFCE7557A,+917827751998,https://www.facebook.com/,https://www.linkedin.com/home?originalSubdomain=in,https://www.twitter.com/,https://www.youtube.com/,https://www.twitter.com/,1000,"Distributor,exporter,importer",FROCARE RETAILS PRIVATE LIMITED,https://erp.tpci.in/images/upload/company_logo/Exhibitor-Logo-6683.png?rand=2785,,0,[],,[]
YjU0YTY3ZjZhZTRkMzNkNDo5ODdlOTQyZWQxZTMxYTkxODBkZWJhZmVmOTcwYjdhOThjMGU2YTFiOjRWazhlcFV1YnNVRFBweWNrS2hYRFE9PQ==,Frontline Info Media,Proprietor,KAMLAKAR DHALE,Service Provider,Others,"{""Food Processing & Packaging Machinery"": [""Food Processing & Packaging Machinery""]}",[],"{""Food Processing & Packaging Machinery"": [""Food Processing & Packaging Machinery""]}",F-16,2,www.frontlineinfomedia.com,"RZ- 139/140, R BLOCK, CHANAKYA PLACE PART 2, UTTAM NAGAR, NEW DELHI",NEW DELHI,Delhi,India,110059,ALMPD7286L,+917827751998,https://www.facebook.com/,https://www.linkedin.com/home?originalSubdomain=in,https://www.twitter.com/,https://www.youtube.com/,https://www.twitter.com/,NA,"Distributor,exporter","PUBLISHERS OF B2B MAGAZINES - ""FOOD PROCESSING & HOSPITALITY INDIA"", ""PLAST-O-PRINT PACK INDIA"" AND ""ELECTRICAL & LEDTRONICS INDIA"" CIRCULATED IN PAN INDIA.
WE ALSO PRODUCE & PROVIDE INDUSTRIAL DATABASE RELATED TO VARIOUS INDUSTRY SEGMENTS IN EXCEL FORMAT",https://erp.tpci.in/images/upload/company_logo/Exhibitor-Logo-6776.png?rand=58448,,0,[],,[]
OTA1NmEzMDZlZjFiYzEyMTo2MDMxNTRhNDk4MzQxYWFhZjVjNzE5YTI0ZTg3MmQ1ODg1NzdhNGYxOlY0NnNXSHphcFNkWlA4TExMZ3M5YXc9PQ==,G.m Overseas,Partnership,ABHIMANYU PRAKASH,Manufacturer Exporter,Home & Personal Care,"{""Beverage & Hot Drinks"": [""Beverage & Hot Drinks""], ""Dairy"": [""Dairy""], ""Dry Fruits & Nuts"": [""Dry Fruits & Nuts""], ""Fats & Oils"": [""Fats & Oils""], ""Food Ingredients"": [""Food Ingredients""], ""Organic, Natural & Ethical Foods"": [""Organic, Natural & Ethical Foods""], ""Packaging Material"": [""Packaging Material""], ""Rice, Pulses, Grains, Spices and Commodities"": [""Rice, Pulses, Grains, Spices and Commodities""], ""Wines & Spirits"": [""Wines & Spirits""]}","[{""productName"": ""Food Packaging Empty Glass Bottles"", ""description"": ""We are Offering a Wide Range of Food Packaging Empty Glass Bottles to our Clients.\r\nUsage : Packaging of Oil, Syrups, Kombucha, Milk, Water, Etc"", ""productImage"": ""https://erp.tpci.in/frontend/exhibitor/product-178419216510732172.jpg?20.174524858756477""}, {""productName"": ""Food Packaging Empty Glass Jars"", ""description"": ""We are Offering a Wide Range of Food Packaging Empty Glass Jars to our Clients.\r\nUsage : Packaging of Honey, Jam, Pickles, Olive, Paste, Ghee, Coffee, Etc"", ""productImage"": ""https://erp.tpci.in/frontend/exhibitor/product-178419216586800679.jpg?76.31723738863808""}]","{""Beverage & Hot Drinks"": [""Beverage & Hot Drinks""], ""Dairy"": [""Dairy""], ""Dry Fruits & Nuts"": [""Dry Fruits & Nuts""], ""Fats & Oils"": [""Fats & Oils""], ""Food Ingredients"": [""Food Ingredients""], ""Organic, Natural & Ethical Foods"": [""Organic, Natural & Ethical Foods""], ""Packaging Material"": [""Packaging Material""], ""Rice, Pulses, Grains, Spices and Commodities"": [""Rice, Pulses, Grains, Spices and Commodities""], ""Wines & Spirits"": [""Wines & Spirits""]}",D-15,2,https://www.google.com,"48 KHANJAPUR, AGRA ROAD",FIROZABAD,Uttar Pradesh,,283203,AAJFG1263C,7409800056,https://www.facebook.com/,https://www.linkedin.com/home?originalSubdomain=in,https://www.twitter.com/,http://www.youtube.com/@glassmenabhimanyu7361/videos,https://www.twitter.com/,1000000,"Distributor,exporter,importer",G.M OVERSEAS [GLASSMEN],https://erp.tpci.in/images/upload/company_logo/Exhibitor-Logo-6601_6a589de88a1cf.jpg?rand=10459,https://erp.tpci.in/uploads/ex_docs/6601/GMO Brochure GMO.pdf992f0fdfc8215f17e26e18b6b77cb4f4_6a58998061dd3.pdf,01,"[{""id"": ""11908"", ""description"": ""ISO 9001 : 2015"", ""link"": ""https://erp.tpci.in//frontend/exhibitor/8fe33461018c817f78a6ea5f0af54a48_6a5899c28734a.pdf""}]",,"[{""type"": ""youtube"", ""video_url"": ""https://youtu.be/jcmhZOe122I?si=VbU_6agyubrkMQl9"", ""title"": ""GM Overseas Factory Introduction Video"", ""description"": ""Manufacturer & Exporter of Empty Glass Bottles , Jars & Promotional Glasses""}]"
MmZjNGU0OGNiMmRlMjg1Yjo5NmZlZmE0M2Y0YTkyM2I0NTRkM2EwYzE2YWE0ODBlNjNmYjk2NDY2OnVJaEtjNkFOcHFwUm1vOVAxUmRCTFE9PQ==,Gajanand Foods Pvt. Ltd.,Private Limited,SAMIR PATEL,Manufacturer Exporter,Food & Agri Products,"{""Beverage & Hot Drinks"": [""Beverage & Hot Drinks""], ""Dry Fruits & Nuts"": [""Dry Fruits & Nuts""], ""Food Ingredients"": [""Food Ingredients""], ""Grocery, Staple & Dry Foods"": [""Grocery, Staple & Dry Foods""], ""Halal Food"": [""Halal Food""], ""Rice, Pulses, Grains, Spices and Commodities"": [""Rice, Pulses, Grains, Spices and Commodities""]}","[{""productName"": ""Chilli Powder"", ""description"": ""We are the manufacturer of different types of Chilli Powder that includes Kashmiri Chilli Powder, Reshamlaal Chilli Powder (Blend of Kashmiri & Reshampatti), Premium Chilli Powder, Tejalal Chilli Powder. Available in all Pack Sizes including 5kg Packs for Instituitional Uses."", ""productImage"": ""https://erp.tpci.in/frontend/exhibitor/product-178247222730178589.jpg?2.2954185514668173""}, {""productName"": ""Turmeric Powder"", ""description"": ""We are the manufacturer of different types of Turmeric Powder that includes Selam Turmeric Powder, Curcuveda Turmeric Powder (Blend of Selam & Waigaon Turmeric. Available in all Pack Sizes including 5kg Packs for Instituitional Uses."", ""productImage"": ""https://erp.tpci.in/frontend/exhibitor/product-178247222734758003.jpg?95.6706492189976""}, {""productName"": ""Coriander & Coriander-Cumin Powder"", ""description"": ""We are the manufacturer of Coriander Powder as wells as Coriander-Cumin Powder. Products are Available in all Pack Sizes including 5kg Packs for Instituitional Uses."", ""productImage"": ""https://erp.tpci.in/frontend/exhibitor/product-178247222772359693.jpg?71.466993513952""}, {""productName"": ""Strong Hing"", ""description"": ""We are the manufacturer of Strong Hing (Compounded Asafoetida). Available in various Blends & in Different Pack sizes."", ""productImage"": ""https://erp.tpci.in/frontend/exhibitor/product-178247222788584530.jpg?70.32302298613175""}, {""productName"": ""Blended Spices"", ""description"": ""We are manufacturers of varieties of Blended spices that gives the authentic taste of its recipe. The most preferred products are Rajwadi Garam Masala, Chhole Masala, Chat Masala, Kitchen King Masala, Buttermilk Masala & many more. Available in various Pack Sizes including 500g Instituitional Packs."", ""productImage"": ""https://erp.tpci.in/frontend/exhibitor/product-1782472227973124.jpg?37.214137462167194""}]","{""Beverage & Hot Drinks"": [""Beverage & Hot Drinks""], ""Dry Fruits & Nuts"": [""Dry Fruits & Nuts""], ""Food Ingredients"": [""Food Ingredients""], ""Grocery, Staple & Dry Foods"": [""Grocery, Staple & Dry Foods""], ""Halal Food"": [""Halal Food""], ""Rice, Pulses, Grains, Spices and Commodities"": [""Rice, Pulses, Grains, Spices and Commodities""]}",A-51,2,https://www.gajanand.com,"814, KOTHARI CROSS ROAD, SANTEJ, TA. KALOL",GANDHINAGAR,Gujarat,,382721,AAACG7007N,+917827751998,https://www.facebook.com/,https://www.linkedin.com/home?originalSubdomain=in,https://www.twitter.com/,https://www.youtube.com/,https://www.twitter.com/,1000,"Distributor,importer",GAJANAND FOODS PVT. LTD.,https://erp.tpci.in/images/upload/company_logo/Exhibitor-Logo-6560_6a4778551cf65.jpg?rand=83815,https://erp.tpci.in/uploads/ex_docs/6560/Export Brochure (2).pdfd14147ad1fa6a0d70e3c7039df0af08d_6a4504ca3450e.pdf,07,"[{""id"": ""11748"", ""description"": ""FSSAI Certificate"", ""link"": ""https://erp.tpci.in//frontend/exhibitor/7c7c04d046529e107e25390dfa9e9e13_6a45008dc9cf3.pdf""}, {""id"": ""11749"", ""description"": ""ISO Certificate"", ""link"": ""https://erp.tpci.in//frontend/exhibitor/5deb1e6fa8b3ff37eaae45e911af8422_6a4500b705bdf.pdf""}, {""id"": ""11750"", ""description"": ""IMPORT EXPORT CERTIFICATE"", ""link"": ""https://erp.tpci.in//frontend/exhibitor/ef34a88f4c9cca1553ce47e619d891be_6a4500e4bd84b.pdf""}, {""id"": ""11751"", ""description"": ""USFDA Certificate"", ""link"": ""https://erp.tpci.in//frontend/exhibitor/786d3a8d5a78ebebfe98a521e2bbf0e3_6a4500ff96b92.pdf""}, {""id"": ""11752"", ""description"": ""DUNS Certificate"", ""link"": ""https://erp.tpci.in//frontend/exhibitor/cebe40456e38f02824f13cf085cedb13_6a45012cc5863.pdf""}, {""id"": ""11753"", ""description"": ""APEDA"", ""link"": ""https://erp.tpci.in//frontend/exhibitor/c8253dd8f4e0a56db20f39e66646d806_6a450160de400.pdf""}, {""id"": ""11754"", ""description"": ""Tea Board"", ""link"": ""https://erp.tpci.in//frontend/exhibitor/62891b2559cd5a1a1a0019a2f4c6f8d7_6a450211b93bc.pdf""}]",,[]
ZmQwODY3Y2YyNzVhZDA4YTpmODkyMDQ2YjU1NjFhMDkxNTVjZTNkZTA4MDliZTRkYmJlZjA2M2Q3OklNVEpxUllBR2NDbXkydjZLbWNUbkE9PQ==,Galaxy Sivtek Private Limited,Private Limited,RAHUL SETHI,Manufacturer,Food & Agri Products,"{""Beverage & Hot Drinks"": [""Beverage & Hot Drinks""], ""Dairy"": [""Dairy""], ""Rice, Pulses, Grains, Spices and Commodities"": [""Rice, Pulses, Grains, Spices and Commodities""]}",[],"{""Beverage & Hot Drinks"": [""Beverage & Hot Drinks""], ""Dairy"": [""Dairy""], ""Rice, Pulses, Grains, Spices and Commodities"": [""Rice, Pulses, Grains, Spices and Commodities""]}",A-02,2,https://www.galaxysivteck.com,"PLOT NO. 2, SIDDHI INDUSTRIAL INFRA PARK, WAGHODIA",VADODARA,Gujarat,India,391760,AACCG61TOG,+917827751998,https://www.facebook.com/,https://www.linkedin.com/home?originalSubdomain=in,https://www.twitter.com/,https://www.youtube.com/,https://www.twitter.com/,1000,"Distributor,importer",REDEFINING THE FILTRATION AND SCREENING EXPERIENCE FOR THE FOOD & BEVERAGE INDUSTRY,https://erp.tpci.in/images/upload/company_logo/Exhibitor-Logo-6564_6a4f68b6dfdbb.jpeg?rand=27041,,0,[],,[]
Yzg5ZmU4NGRhNDg2YWY1YjpkOTdmNmY2NmMwZmE2OWM3NjZkNjExMTdhZGM4MGE1MDQxNTY0NjQwOmtOSHlLeEhWYTVpdXN3OEJpZ1FFTWc9PQ==,Garima Dehydrated Food Llp,Partnership,TANMAY JAIN,Manufacturer Exporter,Food & Agri Products,"{""Dry Fruits & Nuts"": [""Dry Fruits & Nuts""]}",[],"{""Dry Fruits & Nuts"": [""Dry Fruits & Nuts""]}",D-11,2,https://garimafoods.co.in/,"7/8 KHERI JASANA ROAD, GREATER FARIDABAD",FARIDABAD,Haryana,India,121101,ABBFG1127C,+917827751998,https://www.facebook.com/,https://www.linkedin.com/home?originalSubdomain=in,https://www.twitter.com/,https://www.youtube.com/,https://www.twitter.com/,1000,"Distributor,exporter","DRAPPLE PREMIUM DRY FRUITS STRONG WORLD TO DISCOVER AND PROCURE THE VERY BEST NUTS & DRY FRUITS, EACH REGION HAS TO OFFER - WITH THE SIGNIFICANT QUALITIES OF EACH REGION. DRAPPLE PREMIUM DRY FRUIT'S STRONG WORLDWIDE NETWORK OF PROCESSORS AND PARTNERS ENABLE US TO OFFER GOOD QUALITY, EFFICIENT SERVICE AND COMPETITIVE PRICES. HONESTY, INTEGRITY AND COMMITMENT ARE VALUES WE HOLD AS KEY PRINCIPLES.",https://erp.tpci.in/images/upload/company_logo/Exhibitor-Logo-6668_6a563901a3f8e.png?rand=6951,,0,[],,[]
YzczZjg2OGY5ZmVlYTA1Mjo5NWFhZDg3MjA3ZWE1ZmI1OTBhZTNmYWFmYzdhNjE1YTZkOGIzOGE1Oi9wa3NDL2tHdGtQWlZWNjNKV3Rmb3c9PQ==,Gawdee Organic Pvt Ltd,Private Limited,NAVAZ KADIVAR,Manufacturer,Food & Agri Products,"{""Dairy"": [""Dairy""], ""Organic, Natural & Ethical Foods"": [""Organic, Natural & Ethical Foods""]}","[{""productName"": ""Gawdee Gir Cow A2 Ghee "", ""description"": ""Curd-Churned Bilona | Slow Prepared | Grainy Texture | Daily Use\r\n\r\nPrepared using the traditional Bilona method, this ghee is made from curd derived from Gir Cow A2 milk. The process includes churning and slow cooking, resulting in a naturally aromatic and grainy-textured ghee. It contains no preserv"", ""productImage"": ""https://erp.tpci.in/frontend/exhibitor/product-17841965537483479.jpg?7.122827327924621""}, {""productName"": ""Gawdee Mixme Choco Nutrition Powder"", ""description"": ""Gawdee MixMe is thoughtfully crafted using a premium blend of roasted nuts, wholesome grains, seeds, natural sweeteners, and 8 carefully selected Ayurvedic herbs. Each ingredient is hygienically processed, finely milled, and blended to ensure smooth texture, delicious taste, and consistent quality i"", ""productImage"": ""https://erp.tpci.in/frontend/exhibitor/product-178419655383840074.jpg?66.18716648424711""}, {""productName"": ""Gawdee Moriinga Powder "", ""description"": ""GAWDEE Moringa Powder is made from carefully selected moringa leaves, dried and powdered to retain natural green colour, earthy aroma, and plant-based nutrition. It is a simple daily wellness superfood that can be added to water, juices, smoothies, soups, salads, or regular meals.\r\n\r\n"", ""productImage"": ""https://erp.tpci.in/frontend/exhibitor/product-178419655343304433.jpg?9.567353510826223""}, {""productName"": ""Gawdee Raw Forest Honey "", ""description"": ""Collected from forest regions across India where bees gather nectar from a wide variety of wild flowers. Carefully filtered to remove impurities while preserving natural nutritional value, aroma, and thickness."", ""productImage"": ""https://erp.tpci.in/frontend/exhibitor/product-178419655335232474.jpg?49.27527117475427""}]","{""Dairy"": [""Dairy""], ""Organic, Natural & Ethical Foods"": [""Organic, Natural & Ethical Foods""]}",B-21,2,https://gawdee.com/,"PROPERTY NO 113, VILLAGE - LIMBALA, TA - WANKANER, MORBI - 363621 (GUJARAT)",WANKANER,Gujarat,India,363621,AAJCG6632L,+917827751998,https://www.facebook.com/,https://www.linkedin.com/home?originalSubdomain=in,https://www.twitter.com/,https://www.youtube.com/,https://www.twitter.com/,1000,"Distributor,exporter",GAWDEE ORGANIC PVT LTD,https://erp.tpci.in/images/upload/company_logo/Exhibitor-Logo-6659.png?rand=92774,https://erp.tpci.in/uploads/ex_docs/6659/Gawdee Tri Fold Brochure group.pdf1271582f78f0436aca7b3077951c1057_6a586e265aed1.pdf,03,"[{""id"": ""11902"", ""description"": ""Fssai Licence "", ""link"": ""https://erp.tpci.in//frontend/exhibitor/a270d6bf7923f4bebae5072dd078da33_6a586f26e8fbd.pdf""}, {""id"": ""11903"", ""description"": ""Gst Certificate "", ""link"": ""https://erp.tpci.in//frontend/exhibitor/8abab01fd6cf35cb0978124afeaed43e_6a586f5de9f5f.pdf""}, {""id"": ""11904"", ""description"": ""Start Up India Certificate "", ""link"": ""https://erp.tpci.in//frontend/exhibitor/1bca6f4ec854c7385c2b808c827d1675_6a586f811c691.pdf""}]",,"[{""type"": ""youtube"", ""video_url"": ""https://youtu.be/vZeFo86JXAU"", ""title"": ""https://youtu.be/vZeFo86JXAU""}, {""type"": ""youtube"", ""video_url"": ""https://youtu.be/vhiGJO081Sk"", ""title"": ""✨ Should humans drink cow’s milk before the calf""}, {""type"": ""youtube"", ""video_url"": ""https://youtu.be/mMKVjFh4JaA"", ""title"": ""12,000 Milk Samples FAIL"", ""description"": ""ndia me hazaron milk samples testing me fail ho chuke hain.\n\nReports ke according 33,000+ milk samples test hue aur 12,000 se zyada non-conforming mile.\n\nMilk adulteration ek serious issue hai.\n\nNext video me bataunga ghar pe doodh kaise check kare.\n\nShare this video to spread awareness.""}, {""type"": ""youtube"", ""video_url"": ""https://www.youtube.com/watch?v=03Y26aqbla4a4"", ""title"": ""Welcome to our Gawdee Gaushala"", ""description"": ""Gawdee Gaushala | Home of Love, Purity & Divine Energy ?\n\nWelcome to Gawdee Gaushala, where sacred Gir cows are nurtured with care, compassion, and devotion. Every cow here is a part of our family – their well-being is our priority, and their blessings help us craft the purest A2 Gir Cow Ghee using the ancient Bilona method.\n\nThis isn’t just a shelter — it’s a sanctuary of Gau Seva, where tradition meets purpose and nature heals.""}]"
ZjNkOTBhMzNhNmQ0ZTdlYTo3NTA2MTAwOTg5MTEzYjVhNzVkNTM1Zjk2MWJiMjc5NjNjNTkxZDYwOlcwcnFtK0J3L05NTG8rMU9oRHFTWlE9PQ==,Gayatri Magnet,Proprietor,GIRISH YADAV,Manufacturer Exporter,Food & Agri Processing Machinery,"{""Digital FoodTech, Traceability & AI"": [""Digital FoodTech, Traceability & AI""]}",[],"{""Digital FoodTech, Traceability & AI"": [""Digital FoodTech, Traceability & AI""]}",F-05,2,https://www.gayatrimagnets.com/,A/6 ANMOL COMLEX RABARI COLONY CROSS ROAD NHNO8 AMRAIWADI,AHMEDABAD,Gujarat,India,380026,AAMPY8505G,9898462210,https://www.facebook.com/,https://www.linkedin.com/home?originalSubdomain=in,https://www.twitter.com/,https://www.youtube.com/,https://www.twitter.com/,1000,"Distributor,exporter",GAYATRI MAGNET,https://erp.tpci.in/images/upload/company_logo/Exhibitor-Logo-6766.jpeg?rand=72231,,0,[],,[]
Y2Q0MGU3NGQ2NTllNmY1MDo3YzRlYzkwZDJmOTI3YzdmMjMzYmQzODdjNzVjYzFlZDk5OTg2MTA3OkJSdmpWNjkrNGpIZ0NpWldjSytUWWc9PQ==,Geebees Foods & Beverages Pvt Ltd.,Private Limited,SANJAY DEKHTAWALA,Manufacturer Exporter,Food & Agri Products,"{""Beverage & Hot Drinks"": [""Beverage & Hot Drinks""]}","[{""productName"": ""Masala Chai Sweetened - Premix (3 In 1) Tea"", ""description"": ""Masala Chai contains tea, cloves, cinnamon which helps in reducing sugar, cardamom helps in lowering bad cholesterol and increase good cholesterol, ginger helps in common cold, digestion, strengthening immunity, blood circulation, and nausea relieving. Our pack contains 10 single serving sachets."", ""productImage"": ""https://erp.tpci.in/frontend/exhibitor/product-178461937774663907.jpg?46.77916080390956""}, {""productName"": ""Cardamom (Elaichi) Chai - Premix (3 In 1) Tea"", ""description"": ""Cardamom is rich in riboflavin, vitamins A, B, C, which are very much essential for our body. It has natural anti-depressant, good stimulant, enhances appetite, helpful in reducing inflammation of lungs and airway path, excellent detoxifying agent. Our pack contains 10 single serving sachets."", ""productImage"": ""https://erp.tpci.in/frontend/exhibitor/product-178461937794297937.jpg?59.726606178774134""}, {""productName"": ""Ginger Chai - Premix (3 In 1) Tea"", ""description"": ""Enjoy hot cup of instant Ginger. Ginger is helpful in common cold, digestion, strengthen immunity, improves blood circulation, stress and nausea reliving and more. This Instant Premix Tea Pack contains 10 single serving sachets of, rich in taste ready to drink authentic Indian ginger sweetened tea."", ""productImage"": ""https://erp.tpci.in/frontend/exhibitor/product-178461937736723082.jpg?58.295551555506464""}, {""productName"": ""Lemon Grass Chai - Premix (3 In 1) Tea"", ""description"": ""Lemon Grass chai is a very unique flavor with brilliant appeal to your senses. All mix is ready, just put hot water and its ready to go!"", ""productImage"": ""https://erp.tpci.in/frontend/exhibitor/product-17846193776457.jpg?12.29794231457444""}, {""productName"": ""French Vanilla Chai - Premix (3 In 1) Tea"", ""description"": ""Enjoy our premium French Vanilla chai anywhere you go! This chai will make you feel as if you were sitting in a local cafe in Paris sipping on amazing tea. A true delight."", ""productImage"": ""https://erp.tpci.in/frontend/exhibitor/product-178461937790957870.jpg?86.6030599797173""}, {""productName"": ""Original (Plain) Chai - Premix (3 In 1) Tea"", ""description"": ""This Instant Premix Tea Pack contains 10 single serving sachets of rich in taste and ready to drink authentic Indian Classic Plain sweetened tea"", ""productImage"": ""https://erp.tpci.in/frontend/exhibitor/product-17846193776304219.jpg?96.12147602822769""}, {""productName"": ""Classic Coffee - Premix (3 In 1) Coffee Blend"", ""description"": ""Coffee Gold which comes with blend of chicory. It has natural sedative which boosts immune systems, along which, world of health benefits such as, preventing kidney stones, heart disease, and bacterial infections, detoxify gallbladder, and liver. Our pack contains 10 single serving sachets"", ""productImage"": ""https://erp.tpci.in/frontend/exhibitor/product-178461937763030132.jpg?20.798203275351042""}, {""productName"": ""Madras Coffee - Premix (3 In 1) Coffee Blend"", ""description"": ""Madras Coffee Gold which comes with blend Pure coffee. It has natural sedative which boosts immune systems, along which, world of health benefits such as, preventing kidney stones, heart disease, and bacterial infections, detoxify gallbladder, and liver. Our pack contains 10 single serving sachets"", ""productImage"": ""https://erp.tpci.in/frontend/exhibitor/product-178461937762696562.jpg?15.626591365436642""}, {""productName"": ""Instant Tea And Coffee Vending Machine - Domestic And Export Compatibility"", ""description"": ""Our Instant Tea and Coffee vending machine has up to 4 options and can be used anywhere such as, coffee shop, restaurant, grocery store, events, catering and so on. Top Quality Machine with superior backup from Geebees Beverages."", ""productImage"": ""https://erp.tpci.in/frontend/exhibitor/product-178461937789872292.jpg?15.738350074494583""}]","{""Beverage & Hot Drinks"": [""Beverage & Hot Drinks""]}",C-32,2,https://geebeesbeverages.com/,"101,JIVDANI INDUSTRIAL ESTATE NO.2,K.N.DHUMAL NAGAR,",MUMBAI,Maharashtra,,401208,AACCG4562G,+917827751998,https://www.facebook.com/,https://www.linkedin.com/home?originalSubdomain=in,https://www.twitter.com/,https://www.youtube.com/,https://www.twitter.com/,1000,"Distributor,exporter,jv,technology Transfer",GEEBEES FOODS & BEVERAGES PVT LTD.,https://erp.tpci.in/images/upload/company_logo/Exhibitor-Logo-6638_6a5f1e29d59f6.jpg?rand=56647,https://erp.tpci.in/uploads/ex_docs/6638/Catalog - Geebees.pdfd8ea49b7d7bab1e065e19979247de8a0_6a5f24bb8b1cb.pdf,05,"[{""id"": ""11976"", ""description"": ""ISO 9001"", ""link"": ""https://erp.tpci.in//frontend/exhibitor/7af8f45f613b9c58cb2036f6b353eb1d_6a5f253eb7105.pdf""}, {""id"": ""11977"", ""description"": ""iso 22000"", ""link"": ""https://erp.tpci.in//frontend/exhibitor/8e820d4a98cf597b97aa925f17fb27e4_6a5f254e20131.pdf""}, {""id"": ""11978"", ""description"": ""Tea board"", ""link"": ""https://erp.tpci.in//frontend/exhibitor/1f99c1c6df0239dae04e77e33fea518a_6a5f258c4a39e.pdf""}, {""id"": ""11979"", ""description"": ""IEC"", ""link"": ""https://erp.tpci.in//frontend/exhibitor/428d1dc9e3efd6d83749add70107b147_6a5f2598d227e.pdf""}, {""id"": ""11980"", ""description"": ""FSSAI"", ""link"": ""https://erp.tpci.in//frontend/exhibitor/1646556687d04a121ead0044d464dce1_6a5f25a9cc153.pdf""}]",,[]
YWRmZDlmMGIyYWY0NTg0MzpmMWE1ODRmNmZhOTQ3MTYzOGFlZDUwYzdlYjhhZTlmMmFlMzdkNDY1OjI0NUpuZ00vTDc5Z3NibkMvSjRvS1E9PQ==,Globriddge International Private Limited,Private Limited,VALLABH GULVE,Merchant Exporter,Food & Agri Products,"{""Bakery & Breads"": [""Bakery & Breads""], ""Beverage & Hot Drinks"": [""Beverage & Hot Drinks""], ""Dairy"": [""Dairy""], ""Dry Fruits & Nuts"": [""Dry Fruits & Nuts""], ""Fats & Oils"": [""Fats & Oils""], ""Fine Food"": [""Fine Food""], ""Food Ingredients"": [""Food Ingredients""], ""Fresh Produce"": [""Fresh Produce""], ""Frozen, Ready to Eat & Ready to Cook Food"": [""Frozen, Ready to Eat & Ready to Cook Food""], ""Grocery, Staple & Dry Foods"": [""Grocery, Staple & Dry Foods""], ""Halal Food"": [""Halal Food""], ""Health Food, Free From & Super Food"": [""Health Food, Free From & Super Food""], ""Indian Ethnic Food"": [""Indian Ethnic Food""], ""Ingredients, Additives & Raw Material"": [""Ingredients, Additives & Raw Material""], ""Organic, Natural & Ethical Foods"": [""Organic, Natural & Ethical Foods""], ""Pet Food & Animal Nutrition"": [""Pet Food & Animal Nutrition""], ""Plant Based & Alternative Proteins"": [""Plant Based & Alternative Proteins""], ""Private Label"": [""Private Label""], ""Rice, Pulses, Grains, Spices and Commodities"": [""Rice, Pulses, Grains, Spices and Commodities""], ""Snacks & On the Go Foods"": [""Snacks & On the Go Foods""], ""Sweets & Confectionery"": [""Sweets & Confectionery""], ""Wines & Spirits"": [""Wines & Spirits""]}","[{""productName"": ""Sella Basmati "", ""description"": ""1121"", ""productImage"": ""https://erp.tpci.in/frontend/exhibitor/product-178464511369261518.jpg?91.51712487593025""}, {""productName"": ""Black Pepper"", ""description"": ""GL 560"", ""productImage"": ""https://erp.tpci.in/frontend/exhibitor/product-178464511335399130.jpg?60.78557293935266""}, {""productName"": ""Sugar"", ""description"": ""M130"", ""productImage"": ""https://erp.tpci.in/frontend/exhibitor/product-178464511361194073.jpg?29.37649314233707""}]","{""Bakery & Breads"": [""Bakery & Breads""], ""Beverage & Hot Drinks"": [""Beverage & Hot Drinks""], ""Dairy"": [""Dairy""], ""Dry Fruits & Nuts"": [""Dry Fruits & Nuts""], ""Fats & Oils"": [""Fats & Oils""], ""Fine Food"": [""Fine Food""], ""Food Ingredients"": [""Food Ingredients""], ""Fresh Produce"": [""Fresh Produce""], ""Frozen, Ready to Eat & Ready to Cook Food"": [""Frozen, Ready to Eat & Ready to Cook Food""], ""Grocery, Staple & Dry Foods"": [""Grocery, Staple & Dry Foods""], ""Halal Food"": [""Halal Food""], ""Health Food, Free From & Super Food"": [""Health Food, Free From & Super Food""], ""Indian Ethnic Food"": [""Indian Ethnic Food""], ""Ingredients, Additives & Raw Material"": [""Ingredients, Additives & Raw Material""], ""Organic, Natural & Ethical Foods"": [""Organic, Natural & Ethical Foods""], ""Pet Food & Animal Nutrition"": [""Pet Food & Animal Nutrition""], ""Plant Based & Alternative Proteins"": [""Plant Based & Alternative Proteins""], ""Private Label"": [""Private Label""], ""Rice, Pulses, Grains, Spices and Commodities"": [""Rice, Pulses, Grains, Spices and Commodities""], ""Snacks & On the Go Foods"": [""Snacks & On the Go Foods""], ""Sweets & Confectionery"": [""Sweets & Confectionery""], ""Wines & Spirits"": [""Wines & Spirits""]}",C-04A,2,https://globriddge.com,OFFICE NO 10 SURVEY NO 28,PUNE,Maharashtra,India,411014,AAMCG0721B,+917827751998,http://www.facebook.com/people/Globriddge-International-Private-Limited/61585944181801/,http://www.linkedin.com/https://www.linkedin.com/company/globriddge/posts/?feedView=all,https://www.twitter.com/,http://www.youtube.com/https://www.youtube.com/@GlobriddgeInternational,http://www.instagram.com/https://www.instagram.com/globriddge/,250000,"Distributor,exporter,importer",GLOBRIDDGE INTERNATIONAL PRIVATE LIMITED,https://erp.tpci.in/images/upload/company_logo/Exhibitor-Logo-6820_6a60c1d8bba76.png?rand=88492,https://erp.tpci.in/uploads/ex_docs/6820/Glob-Brochure-compressed.pdf4dba7de6bf678bb4c8239a325160d849_6a5f84b81b8a9.pdf,02,"[{""id"": ""11994"", ""description"": ""gst"", ""link"": ""https://erp.tpci.in//frontend/exhibitor/56f36dc92105276b02079d06a5e53750_6a5f81989d7a7.pdf""}, {""id"": ""11995"", ""description"": ""pan"", ""link"": ""https://erp.tpci.in//frontend/exhibitor/e54bcedd01e5f5bde2982194cef0bddc_6a5f81c2a45bb.pdf""}]",,[]
YjgxZjViNDIxOGE3N2UzODo4ODZiMWZlMzM0OWUwZGZkMTI2ZDE2YzU4NDhiMTlhOWIzZmIwYjg2OkVGa09XOXUyVCtPZlFVRlZsMVllVVE9PQ==,Goma Process Technologies Pvt Ltd,Private Limited,SURYA,Manufacturer,Food & Agri Products,"{""Beverage & Hot Drinks"": [""Beverage & Hot Drinks""], ""Dairy"": [""Dairy""]}",[],"{""Beverage & Hot Drinks"": [""Beverage & Hot Drinks""], ""Dairy"": [""Dairy""]}",C-27,2,https://goma.co.in/,"SURVEY NO.558, VILLAGE- SARONDA
TALUKA- UMBERGAON,DIST- VALSAD, GUJARAT 396135",VALSAD,Gujarat,India,396135,AAGCG3162J,+917827751998,https://www.facebook.com/,https://www.linkedin.com/home?originalSubdomain=in,https://www.twitter.com/,https://www.youtube.com/,https://www.twitter.com/,12500000,"Distributor,exporter,importer","GOMA GROUP OF COMPANIES IS A 40+ YEAR OLD COMPANY DEALING IN PROCESS TECHNOLOGY EQUIPMENT & HIGH-PRESSURE PUMPS. WE PRIORITIZE DELIVERING HIGH-QUALITY PRODUCTS AND SERVICES TO OUR CLIENTS.
WE STRIVE FOR CONTINUOUS IMPROVEMENT AND THE DEVELOPMENT OF NEW SOLUTIONS FOR THE DAIRY & BEVERAGE INDUSTRIES. WE PRIORITIZE DELIVERING HIGH-QUALITY PRODUCTS AND SERVICES TO OUR CLIENTS.
WE PROVIDE TURNKEY SOLUTIONS FOR,
MILK WITH BY PRODUCT ( CURD, LASSI, BUTTER MILK, PANEER ETC.), ICE CREAM, RTS BEVERAGE, CARBONATED SOFT DRINKS, ASEPTIC BEVERAGE ETC.CIP SYSTEMS, UHT SYSTEM, SANITARY PUMP.",https://erp.tpci.in/images/upload/company_logo/Exhibitor-Logo-6667.jpg?rand=31950,,0,[],,[]
YjQ3NDk2NDk5MGRlMGM4ZToxZDZiNmRiNTEyMTg0YjNmMWI3ZjgzZTZjNzJjNjUyMzI3NzBmMzkzOk12WHV5STBsRE81RmZVSkRqUE9NRFE9PQ==,Good Fettle Private Limited,Private Limited,AKHIL GUPTA,Manufacturer Exporter,Food & Agri Products,"{""Plant Based & Alternative Proteins"": [""Plant Based & Alternative Proteins""]}","[{""productName"": ""Protein masala chaas"", ""description"": ""Ready to make buttermilk with protein"", ""productImage"": ""https://erp.tpci.in/frontend/exhibitor/product-178445564963647814.jpg?90.83409038450019""}]","{""Plant Based & Alternative Proteins"": [""Plant Based & Alternative Proteins""]}",D-20,2,https://podnutrition.in/,"10, MANOJ KUNJ, S.B. MARG, MATUNGA WEST,",MUMBAI,Maharashtra,India,400016,AAICG0586E,+917827751998,https://www.facebook.com/,https://www.linkedin.com/home?originalSubdomain=in,https://www.twitter.com/,https://www.youtube.com/,https://www.twitter.com/,1000,"Distributor,importer","WE HAVE BEEN BUSINESS PARTNERS FOR THE LAST 8 YEARS AND SPENT MOST OF THAT TIME RESEARCHING, FORMULATING AND LAUNCHING PRODUCTS THAT ARE BETTER FOR YOU.",https://erp.tpci.in/images/upload/company_logo/Exhibitor-Logo-6616.png?rand=70069,,0,[],,[]
MzEwYzA0ZTcxZDZiZWI0ODpmZWRlNzRkMTczNzk3NGNiZDI4YjVjOTU0NjljNDI4MjdjOGRmMDZhOlZaajRwMXZJdzIrcDdPKytDK0JKSEE9PQ==,Gooddot Spices  Pvt.ltd.,Private Limited,HARISH JOSHI,Manufacturer,Food & Agri Products,"{""Ingredients, Additives & Raw Material"": [""Ingredients, Additives & Raw Material""], ""Plant Based & Alternative Proteins"": [""Plant Based & Alternative Proteins""]}",[],"{""Ingredients, Additives & Raw Material"": [""Ingredients, Additives & Raw Material""], ""Plant Based & Alternative Proteins"": [""Plant Based & Alternative Proteins""]}",,,www.mysecretspices.com,"2ND FLOOR, CROSSWAY BUILDING, NEAR FORUM CELEBRATION MALL, UADIPUR",UADIPUR,Rajasthan,India,313001,AAHCG607D1,+917827751998,https://www.facebook.com/,https://www.linkedin.com/home?originalSubdomain=in,https://www.twitter.com/,https://www.youtube.com/,https://www.twitter.com/,NA,"Distributor,importer,market Servey","FOUNDED IN 2017 AS GOODDOT SPICES PVT. LTD, WE BRING YOU PURE , CHEMICAL- FREE STERILISED SPICES AND BLENDS UNDER THE BRAND MY SECRET SPICES. CRAFTED FROM INDIA 'S FINEST FARM , OUR PRODUCT DELIVER FRESHNESS , FLAVOUR, AND TRADITION IN EVERY PINCH , WHILE EMPOWERING WOMEN IN RURAL UADIPUR THROUGH SPICE - MAKING .",https://erp.tpci.in/images/upload/company_logo/Exhibitor-Logo-6675_6a44c6d693f7f.jpg?rand=76100,,0,[],,[]
OTIxZmI5YzhiOTUzZGRlYjo1NzQxNWZlMzE3ZTYzMmZiNGFlOGJhZmEzZGI5YjJlMDE2MDVlMDYwOklFdHNlajZSa09mY0VheUZ2cnJFS0E9PQ==,Gooddot Spices Private Limited,Private Limited,HARISH JOSHI,Manufacturer,Food & Agri Products,"{""Rice, Pulses, Grains, Spices and Commodities"": [""Rice, Pulses, Grains, Spices and Commodities""]}","[{""productName"": ""Seasonings, Marinades, Sprinklers, Pure Spices, and Blended Spices,"", ""description"": ""Trusted B2B Partner for Premium Spices, Seasonings &\r\nCustom Food Ingredient Solutions"", ""productImage"": ""https://erp.tpci.in/frontend/exhibitor/product-178359890419371174.jpg?87.21636821256612""}]","{""Rice, Pulses, Grains, Spices and Commodities"": [""Rice, Pulses, Grains, Spices and Commodities""]}",A-34,2,https://www.gooddot.in,"G-155, RIICO INDUSTRIAL AREA, GOOLI, UDAIPOR",UDAIPOR,Rajasthan,India,313024,AAHCG0760D,9773358069,https://www.facebook.com/,http://www.linkedin.com/https://www.linkedin.com/in/harishjoshi-global?utm_source=share_via,https://www.twitter.com/,https://www.youtube.com/,http://www.instagram.com/https://www.instagram.com/mysecretspices?igsh=cW1tczM3bmF4OTdk,1000,"Distributor,exporter,importer",GOODDOT SPICES,https://erp.tpci.in/images/upload/company_logo/Exhibitor-Logo-6680_6a4f46782ab53.png?rand=60605,https://erp.tpci.in/uploads/ex_docs/6680/Draft Catalague 2_compressed.pdf4b366c392b94469cfb93162acaa9dca1_6a4f8d505b680.pdf,04,"[{""id"": ""11779"", ""description"": ""fssai license"", ""link"": ""https://erp.tpci.in//frontend/exhibitor/52aeb24701c19cff7d4e2a196343fc3d_6a4f657970098.pdf""}, {""id"": ""11780"", ""description"": ""GSPL Spices Board Certificate RCMC 2024"", ""link"": ""https://erp.tpci.in//frontend/exhibitor/52aeb24701c19cff7d4e2a196343fc3d_6a4f65797a1e5.pdf""}, {""id"": ""11781"", ""description"": ""gooddot fsms"", ""link"": ""https://erp.tpci.in//frontend/exhibitor/02f9aa8a4fbe54e7bad37729e1893263_6a4f65eeed2ea.pdf""}, {""id"": ""11782"", ""description"": ""certificate of incorporation"", ""link"": ""https://erp.tpci.in//frontend/exhibitor/02f9aa8a4fbe54e7bad37729e1893263_6a4f65ef03064.pdf""}]",,[]
N2E1ZTM3ODZkZjI1OTFmZDo3NGFjYmRkYTg4MWY3NTk2NzIwMGIxOTJlNjM4ODZhMTk4NDFjZjE4OnpsS3REbVpBall1M0VSZ1Jxbzd6RkE9PQ==,Grainiq Innovations Pvt Ltd,Private Limited,MR. MRIGANKA SAHA,Manufacturer,"Engineering, Machine & Machine Tools","{""Quality Control, Testing & Compliance"": [""Quality Control, Testing & Compliance""]}","[{""productName"": ""InstaGrainX 3D"", ""description"": ""InstaGrainX 3D is a comprehensive hardware and software solution built on AI and computer vision that offers a detailed, three-dimensional perspective of individual grains.\r\n"", ""productImage"": ""https://erp.tpci.in/frontend/exhibitor/product-178464640576268724.jpg?65.67879809595533""}, {""productName"": ""InstaGrainX Live"", ""description"": ""InstaGrainX Live is a scalable, low-cost mobile app platform that leverages AI and computer vision to deliver real-time analysis directly to field personnel."", ""productImage"": ""https://erp.tpci.in/frontend/exhibitor/product-178464640581859833.jpg?50.97274887466128""}, {""productName"": ""InstaGrainX Local"", ""description"": ""InstaGrainX Local is a revolutionary, cutting-edge scanner based digital assaying technology stack. Legacy offline platform, a proven product used by all major rice processing companies for 5 years. It is suitable for rice millers, exporters and traders. "", ""productImage"": ""https://erp.tpci.in/frontend/exhibitor/product-178464640514486592.jpg?57.82735315880492""}]","{""Quality Control, Testing & Compliance"": [""Quality Control, Testing & Compliance""]}",D-33B,2,https://www.grainiq.in/,"PLOT# 4, MINARCH TOWERS, SECTOR-44,",GURGAON,Haryana,India,122003,AAMCG3785F,+917827751998,https://www.facebook.com/,https://www.linkedin.com/home?originalSubdomain=in,https://www.twitter.com/,https://www.youtube.com/,https://www.twitter.com/,1000,"Distributor,exporter",GRAINIQ INNOVATIONS PVT LTD,https://erp.tpci.in/images/upload/company_logo/Exhibitor-Logo-6765.jpeg?rand=51414,https://erp.tpci.in/uploads/ex_docs/6765/GrainIQ- Customer Pitch.pdf2809aecf00e92dd37b55ff8544c7ae27_6a5f8dcc014f4.pdf,01,"[{""id"": ""11996"", ""description"": ""ISO 22000"", ""link"": ""https://erp.tpci.in//frontend/exhibitor/a84fe57d42409f5b2ffe65125157f3fb_6a5f8e52c0114.pdf""}]",,[]
ZjI5YTY4YTgxZTQ4YWMzMjo1OGVlZDBiNGI5NjdhNWFiNDkxMTEwYWRjOTYxZjFmNGEyZGM5YjkxOjJaOUFBbDN4VnM4cXJrS1hLcXlzZFE9PQ==,Green Haven Llp,Proprietor,NAMRITA KABRA,Manufacturer,Food & Agri Products,"{""Fats & Oils"": [""Fats & Oils""], ""Service, Associations & Trade Support"": [""Service, Associations & Trade Support""]}",[],"{""Fats & Oils"": [""Fats & Oils""], ""Service, Associations & Trade Support"": [""Service, Associations & Trade Support""]}",B-30A,2,https://www.greenhavendevelopers.com/,"1ST FLOOR, A 16, NARAYAN PLAZA, OFF SAKI VIHAR ROAD, ANDHERI EAST, SAKINAKA, BOOMERANG COOPERATIVE PREMISES SOCIETY LTD, CHANDIVALI",MUMBAI,Maharashtra,India,400072,ABEFG0534C,+917827751998,https://www.facebook.com/,https://www.linkedin.com/home?originalSubdomain=in,https://www.twitter.com/,https://www.youtube.com/,https://www.twitter.com/,1000,"Distributor,exporter,importer",GREEN HAVEN LLP,https://erp.tpci.in/images/upload/company_logo/Exhibitor-Logo-6696.jpeg?rand=74863,,0,[],,[]
YjU4MDEwMGQzNTFiY2NhMTpiZTA3YTE1MDgxNzJmNDM2OTkxYjIyYTdlYzQzODY2YWQxN2I2MGNjOlBqSjZiV0V3RUZ3Z09xNGpmRWEzbHc9PQ==,Gsy International Trade Private Limited,Private Limited,EDWIN ZAVIYAR,Manufacturer Exporter,Food & Agri Products,"{""Dry Fruits & Nuts"": [""Dry Fruits & Nuts""], ""Grocery, Staple & Dry Foods"": [""Grocery, Staple & Dry Foods""], ""Rice, Pulses, Grains, Spices and Commodities"": [""Rice, Pulses, Grains, Spices and Commodities""]}","[{""productName"": ""Noor Al Arab Steam Basmati Rice"", ""description"": ""Steam Basmati rice is long-grain basmati that has been steam-treated (parboiled) before milling. This process strengthens the grain, improves cooking performance, and keeps the rice extra long, fluffy, and non-sticky after cooking."", ""productImage"": ""https://erp.tpci.in/frontend/exhibitor/product-178358951473123105.jpg?7.068400743481145""}, {""productName"": ""Noor Al Arab Sella Basmati Rice"", ""description"": ""Sella Basmati rice is premium long-grain basmati that is parboiled in the husk before milling. This process gives the grains a golden/yellow tint, extra strength, and excellent cooking performance especially for biryani."", ""productImage"": ""https://erp.tpci.in/frontend/exhibitor/product-178358951434853311.jpg?97.18414442351474""}, {""productName"": ""Noor Al Arab Cooking Oil"", ""description"": ""High-quality cooking oil with a light texture, excellent frying performance, and consistent quality for households, restaurants, and catering businesses."", ""productImage"": ""https://erp.tpci.in/frontend/exhibitor/product-178358951472464155.jpg?64.71552296049477""}, {""productName"": ""Noor Al Arab Sunflower Oil"", ""description"": ""Premium refined sunflower oil offering excellent quality, light flavor, and reliable performance for households, restaurants, catering, and foodservice operations."", ""productImage"": ""https://erp.tpci.in/frontend/exhibitor/product-178358951412171328.jpg?32.02518460529408""}, {""productName"": ""Noor Al Arab Corn Oil"", ""description"": ""Premium refined corn oil offering superior quality, light flavor, and consistent performance for households, restaurants, catering, and foodservice operations."", ""productImage"": ""https://erp.tpci.in/frontend/exhibitor/product-178358951438094028.jpg?65.97935721835061""}, {""productName"": ""Noor Al Arab Sona Masoori"", ""description"": ""Sona Masoori is a medium-grain, lightweight, aromatic rice widely grown and consumed in South India. It is known for its soft texture, mild aroma, and low starch content, making it easy to digest and ideal for daily meals."", ""productImage"": ""https://erp.tpci.in/frontend/exhibitor/product-178358951447509239.jpg?33.821235349235344""}, {""productName"": ""Noor Al Arab Matta Rice"", ""description"": ""Matta rice is a parboiled, red-husked, coarse-grain rice traditionally grown in Kerala. It is famous for its distinct reddish color, earthy flavor, and high nutritional value due to the retention of bran during processing."", ""productImage"": ""https://erp.tpci.in/frontend/exhibitor/product-178358951467071115.jpg?71.16810816448937""}, {""productName"": ""Noor Al Arab Jeerakasala"", ""description"": ""Jeerakasala is a premium, small-grain, aromatic rice native to Kerala, prized for its rich fragrance, soft texture, and ability to absorb flavors. The grains resemble cumin seeds (jeera), which is how the rice gets its name."", ""productImage"": ""https://erp.tpci.in/frontend/exhibitor/product-178358951457387589.jpg?54.37683784810532""}, {""productName"": ""Noor Al Arab Idly Rice"", ""description"": ""Idly Rice is a short-grain, parboiled white rice specially processed for making soft and fluffy South Indian steamed foods like idly and dosa."", ""productImage"": ""https://erp.tpci.in/frontend/exhibitor/product-178358951491843601.jpg?58.37986782042297""}, {""productName"": ""Noor Al Arab Ponni Rice"", ""description"": ""Ponni rice is a popular South Indian variety of medium-grain rice, widely grown along the banks of the Kaveri River. It is commonly available in both raw and parboiled forms and is a staple for daily meals in Tamil Nadu and nearby regions."", ""productImage"": ""https://erp.tpci.in/frontend/exhibitor/product-178358951494753165.jpg?28.76882863116342""}, {""productName"": ""Noor Al Arab Masoor Dal"", ""description"": ""Masoor dal is a popular red lentil that is split and skinned, known for its quick cooking time, soft texture, and mild earthy flavor. It is widely used in Indian, Middle Eastern, and South Asian home cooking."", ""productImage"": ""https://erp.tpci.in/frontend/exhibitor/product-178358951453021260.jpg?68.70454276791266""}, {""productName"": ""Noor Al Arab Toor Dal"", ""description"": ""A split yellow pigeon pea lentil, commonly used in South Indian and North Indian cooking. It has a mild nutty flavor, cooks to a soft texture, and is mainly used for sambar and dal curry."", ""productImage"": ""https://erp.tpci.in/frontend/exhibitor/product-17835895142573872.jpg?57.21623101943752""}, {""productName"": ""Noor Al Arab Moong Dal"", ""description"": ""A light, easily digestible split yellow lentil. It cooks quickly and turns soft and creamy, widely used for khichdi, soups, and simple dal dishes."", ""productImage"": ""https://erp.tpci.in/frontend/exhibitor/product-178358951439554845.jpg?79.96752986681417""}, {""productName"": ""Noor Al Arab Urad Dal"", ""description"": ""A rich, protein-heavy split white lentil with a slightly sticky texture when cooked. It is essential for idly, dosa batter, and thick North Indian dals."", ""productImage"": ""https://erp.tpci.in/frontend/exhibitor/product-178358951414003436.jpg?28.188959349122793""}, {""productName"": ""Noor Al Arab Black Channa"", ""description"": ""A small, dark brown chickpea with a firm texture and earthy taste. It is high in protein and used in curries, salads, and sprouts."", ""productImage"": ""https://erp.tpci.in/frontend/exhibitor/product-178358951492358181.jpg?1.042210218535932""}, {""productName"": ""Noor Al Arab Sugar"", ""description"": ""A sweet crystalline ingredient made from sugarcane or sugar beet. It is used in beverages, desserts, bakery items, and cooking."", ""productImage"": ""https://erp.tpci.in/frontend/exhibitor/product-178358951449232124.jpg?20.644176118675784""}, {""productName"": ""Noor Al Arab Salt"", ""description"": ""A basic seasoning mineral composed mainly of sodium chloride. It enhances flavor in all types of food and is essential in daily cooking."", ""productImage"": ""https://erp.tpci.in/frontend/exhibitor/product-178358951435178381.jpg?0.09425301113562007""}, {""productName"": ""Noor Al Arab Cummin Powder"", ""description"": ""A finely ground spice made from roasted cumin seeds. It has a warm, earthy, slightly nutty flavor and is commonly used in curries, dals, and seasoning blends."", ""productImage"": ""https://erp.tpci.in/frontend/exhibitor/product-178358951410406360.jpg?38.53873977301525""}, {""productName"": ""Noor Al Arab Chilli Powder"", ""description"": ""A spicy red powder made from dried chillies. It adds heat, color, and flavor to Indian dishes, curries, and marinades."", ""productImage"": ""https://erp.tpci.in/frontend/exhibitor/product-178358951482560943.jpg?92.41094290503389""}, {""productName"": ""Noor Al Arab Pepper Powder"", ""description"": ""A sharp, pungent spice made from dried black pepper seeds. It adds heat and strong aroma to soups, meats, and vegetable dishes."", ""productImage"": ""https://erp.tpci.in/frontend/exhibitor/product-178358951441821207.jpg?46.43849827948818""}, {""productName"": ""Noor Al Arab Turmeric Powder"", ""description"": ""A bright yellow spice known for its earthy flavor and natural color. It is widely used in curries and has strong medicinal properties."", ""productImage"": ""https://erp.tpci.in/frontend/exhibitor/product-178358951465907331.jpg?54.95966575570373""}, {""productName"": ""Noor Al Arab Coriander Powder"", ""description"": ""A mild, citrusy-flavored spice made from dried coriander seeds. It is commonly used as a base spice in gravies and curries."", ""productImage"": ""https://erp.tpci.in/frontend/exhibitor/product-178358951433907730.jpg?35.48283701341863""}, {""productName"": ""Noor Al Arab Kashmiri Chilli Powder"", ""description"": ""Kashmiri chili powder is a vibrant red spice blend originating from the Kashmir region of India. It's made from dried Kashmiri chilies, which are known for their mild heat and rich color."", ""productImage"": ""https://erp.tpci.in/frontend/exhibitor/product-178358951489913846.jpg?12.535190873346469""}]","{""Dry Fruits & Nuts"": [""Dry Fruits & Nuts""], ""Grocery, Staple & Dry Foods"": [""Grocery, Staple & Dry Foods""], ""Rice, Pulses, Grains, Spices and Commodities"": [""Rice, Pulses, Grains, Spices and Commodities""]}",D-34,2,https://gsyinternationalgroup.com/,"GSY INTERNATIONAL TRADE PVT LTD, GROUND FLOOR, SRI DEVI APARTMENT, NO.3, G-7, LAKSHMIKANTHAN ST, PONDY BAZAAR, T. NAGAR, CHENNAI, TAMIL NADU 600017",CHENNAI,Tamil Nadu,India,600017,AAMCG3810B,9025795155,http://www.facebook.com/profile.php?id=61579747550514,http://www.linkedin.com/company/94790638/admin/dashboard/,https://www.twitter.com/,https://www.youtube.com/,http://www.instagram.com/gsy_groups/,1000,"Distributor,exporter,importer",GSY INTERNATIONAL TRADE PRIVATE LIMITED,https://erp.tpci.in/images/upload/company_logo/Exhibitor-Logo-6677.jpeg?rand=19030,https://erp.tpci.in/uploads/ex_docs/6677/GSY Profile_compressed.pdfe7f8a07701e382cc8c1b8acf0f38775d_6a4b7b0a7b703.pdf,05,"[{""id"": ""11756"", ""description"": ""Noor Al Arab For Foodstuff"", ""link"": ""https://erp.tpci.in//frontend/exhibitor/4de262d6eb88707456e05ef67485073f_6a4b7e05bd63e.pdf""}, {""id"": ""11822"", ""description"": ""GSY"", ""link"": ""https://erp.tpci.in//frontend/exhibitor/95ac4a38b907b05563d21b9a4803b848_6a50ec48d8c60.pdf""}, {""id"": ""11823"", ""description"": ""GSY_L"", ""link"": ""https://erp.tpci.in//frontend/exhibitor/df60739fdb54747290ec4e52f7daa39f_6a50ec5d7889b.pdf""}, {""id"": ""11824"", ""description"": ""GSY Membership"", ""link"": ""https://erp.tpci.in//frontend/exhibitor/1e48e45f73fa8e661d7330f28a32e98d_6a50ec6d928ad.pdf""}, {""id"": ""11825"", ""description"": ""HACCP"", ""link"": ""https://erp.tpci.in//frontend/exhibitor/c34a7d75639a88a2b9ed5fd4808e3356_6a50ecb8b457f.pdf""}]",,[]
ZDY0M2E2MWIwYWMyMTMwZDplMTQ0OGY5MGEwMDM0YmE5MGRkNjY0ZTZmODMzZDFlYTU0ZDUxZWFjOks0MElmUE8rbUhVcnhOTTdsSzZVcFE9PQ==,Gujarat State Plastic Manufacturers Association,Society,ANISH PATEL,Service Provider,Others,"{""Service, Associations & Trade Support"": [""Service, Associations & Trade Support""]}",[],"{""Service, Associations & Trade Support"": [""Service, Associations & Trade Support""]}",D-30A,2,www.gspma.in,"7TH FLOOR, SPAN TRADE CENTRE, OPP. KOCHRAB ASHRAM, PALDI, ELLISBRIDGE,",AHMEDA BAD,Gujarat,,380006,AAATG3563A,+917827751998,https://www.facebook.com/,https://www.linkedin.com/home?originalSubdomain=in,https://www.twitter.com/,https://www.youtube.com/,https://www.twitter.com/,NA,Market Servey,"GUJARAT STATE PLASTIC MANUFACTURERS ASSOCIATION IS ONE OF THE LEADING ASSOCIATIONS IN THE COUNTRY, HAVING LARGE NUMBER OF MEMBERS, REPRESENTING & WORKING FOR THE CAUSE OF PLASTIC INDUSTRY SINCE 1970. IT HAS BEEN CONSTANTLY ENGAGED IN THE DEVELOPMENT OF PLASTIC INDUSTRY SINCE 1970. GSPMA IS ONE OF THE FOUNDER MEMBERS OF PLASTINDIA FOUNDATION. GSPMA ALSO ORGANIZED INTERNATIONAL PLASTIC EXHIBITION PLEXPOINDIA IN GUJARAT. THE 10TH EDITION WILL TAKE PLACE AT GANDHINAGAR (GUJRAT) DURING 17TH TO 20TH SEPTEMBER 2027.  FIRST-EVER PLASTIC INDUSTRY EXHIBITION ORGANIZED BY GSPMA IN 1979 @ AHMEDABAD.",https://erp.tpci.in/images/upload/company_logo/Exhibitor-Logo-6732_6a59f9bcafaaa.jpg?rand=31539,,0,[],,[]
OTQwODA4MjJlZWY4YjVlNjo3NWI4YWM2NjY4NTA5NzhiYWMxNDNiMjA5YWVlM2E2OWU4OWM4YTZjOi9OcVU0VERMN2xXOFlwaEtSdlJFa0E9PQ==,Gut Feeling,Proprietor,NEEL SHAH,Trader,Vegan Foods,"{""Indian Ethnic Food"": [""Indian Ethnic Food""]}",[],"{""Indian Ethnic Food"": [""Indian Ethnic Food""]}",,,www.pasandfoods.com,"VASNA BHAYLI ROAD,",VADODARA,Gujarat,,391410,BSEPS2166N,+917827751998,https://www.facebook.com/,https://www.linkedin.com/home?originalSubdomain=in,https://www.twitter.com/,https://www.youtube.com/,https://www.twitter.com/,NIL,"Distributor,importer","PASAND IS AN EXCITING RANGE OF PREMIUM QUALITY FOOD PRODUCTS.
WE HAVE AN ENTICING BASKET OF PICKLES AND CHUTNEYS.
PASAND PICKLES ARE A SUPERIOR QUALITY FRUIT AND VEGETABLE PRODUCTS WITH HIGH SHELF LIFE MANUFACTURED UNDER STRINGENT PROTOCOLS OF HYGIENE AND SAFETY.
PASAND PICKLES AND CHUTNEYS ARE HAND CRAFTED GOURMET RECIPES MADE WITH THE FINEST INGREDIENTS AND UTMOST CARE.
THE AUTHENTIC FORMULATIONS ARE A TRIBUTE TO THE HIGHEST CULINARY TRADITIONS AND APPEAL TO EVERYONE EQUALLY. QUALITY, ORIGINALITY AND TASTE ARE AT THE CORE OF ITS PROCESS.
THE RICHNESS OF THE PRODUCTS BRING ULTIMATE EPICUREA",https://erp.tpci.in/images/upload/company_logo/Exhibitor-Logo-6657_6a3dff57b1672.png?rand=60251,,0,[],,[]
MThlYTQwYWU4MDI4MzAxNDo5YTg4N2JjZDAyYjk0ODY2YjU1NjY2YjJlMzhkNDkxY2VhYzA1ZDE4OlVGQlZKQVpDRGpTUnEvTW9vV0JLUFE9PQ==,H.r. Exports Private Limited,Private Limited,MOHIT GUPTA,Manufacturer Exporter,Food & Agri Products,"{""Rice, Pulses, Grains, Spices and Commodities"": [""Rice, Pulses, Grains, Spices and Commodities""]}",[],"{""Rice, Pulses, Grains, Spices and Commodities"": [""Rice, Pulses, Grains, Spices and Commodities""]}",B-40,2,https://www.shaziarice.com/,"2646, 1ST FLOOR,GALI RAGHUNANDAN, , NAYA BAZAR",NEW DELHI,Delhi,India,110034,AACCH3738H,+917827751998,https://www.facebook.com/,https://www.linkedin.com/home?originalSubdomain=in,https://www.twitter.com/,https://www.youtube.com/,https://www.twitter.com/,1000,"Distributor,importer",H.R. EXPORTS PRIVATE LIMITED,https://erp.tpci.in/images/upload/company_logo/Exhibitor-Logo-6627.jpeg?rand=77345,https://erp.tpci.in/uploads/ex_docs/6627/NEW CATALOGUE 24.pdf7664df9de57c07c19b7aed3c8e2d82fb_6a54cd6393be7.pdf,0,[],,[]
ODYxOWIxNmY2MWNlZGMyMzowMzY4MGJkYzY0ZDllODg5NzcyYmUwYjc3YzA4NzE3NDliOTg2OTAxOkllZWFqaXB4MHF5cmNHdVJBTG1ibXc9PQ==,Hayacinth Agro Products Private Limited,Private Limited,SHAHJAHAN,Manufacturer,Food & Agri Products,"{""Cold Chain & Logistics Solutions"": [""Cold Chain & Logistics Solutions""], ""Dry Fruits & Nuts"": [""Dry Fruits & Nuts""], ""Food Processing & Packaging Machinery"": [""Food Processing & Packaging Machinery""], ""Marine & Sea Food"": [""Marine & Sea Food""]}",[],"{""Cold Chain & Logistics Solutions"": [""Cold Chain & Logistics Solutions""], ""Dry Fruits & Nuts"": [""Dry Fruits & Nuts""], ""Food Processing & Packaging Machinery"": [""Food Processing & Packaging Machinery""], ""Marine & Sea Food"": [""Marine & Sea Food""]}",B-07,2,www.hyacinthfood.com,"87 INDUSTRIAL ESTATE, ZANAKOTE",SRINAGAR,Jammu And Kashmir,India,190012,AABCH5762L,+917827751998,https://www.facebook.com/,https://www.linkedin.com/home?originalSubdomain=in,https://www.twitter.com/,https://www.youtube.com/,https://www.twitter.com/,2577,"Distributor,exporter,importer,jv,market Servey,technology Transfer","HYACINTH AGRO PRODUCTS PRIVATE LIMITED ARE ENGAGED IN PACKING OF CANNED VEGETABLES, ASPARAGUS, PLUMS, PEACHES, PEARS AND CHERRIES. THE COMPANY PROPOSES TO ENTER INTO THE EXPORT MARKET WITH ITÂ€™S READY TO AUTHENTIC KASHMIR CUISINE CALLED, WAZWAN. THEIR INFRASTRUCTURE IS SPREAD OVER IN 20000 SQ FT AREA",https://erp.tpci.in/images/upload/company_logo/Exhibitor-Logo-6792_6a5a41c1b9d1f.jpg?rand=25301,,0,[],,[]
MGU2NWFkMTBkYzliMjI4Yjo2YWJlMWQ4MzdlODA0ZmJhOGE2ZTMzYWI1M2U2YTYwZGFiODU1NjVlOmcwVDI0MVB4Z3ZZUW1UbytJOXVLd3c9PQ==,Helios Concrew Pvt Ltd,Private Limited,HITARTH RAVAL,Manufacturer Exporter,Others,"{""Food Processing & Packaging Machinery"": [""Food Processing & Packaging Machinery""]}","[{""productName"": ""HC FOODPACK 2440"", ""description"": ""We Helios Concrew Pvt. Ltd. aims at providing Packaging Solutions for Food industry We have extensive experience in manufacturing superior quality BLISTER PACKING MACHINES suitable for  YOGURT, CURD, BUTTER, LIQUID, CHOCOLATE, JELLY, JAM, HONEY, PEANUT BUTTER packing solutions."", ""productImage"": ""https://erp.tpci.in/frontend/exhibitor/product-178184966588192883.jpg?44.56586767413269""}]","{""Food Processing & Packaging Machinery"": [""Food Processing & Packaging Machinery""]}",A-45,2,www.blisterking.com/,"44, AMBICA INDUSTRIAL HUB, AMBICA TUBE COMPOUND, VATVA RAILWAY BRIDGE, VATVA, AHMEDABAD - 382440, GUJARAT(INDIA)",AHMEDABAD,Gujarat,India,382440,AAECH2903E,+917827751998,https://www.facebook.com/,https://www.linkedin.com/home?originalSubdomain=in,https://www.twitter.com/,https://www.youtube.com/,https://www.twitter.com/,1000000,"Distributor,importer","WE HELIOS CONCREW PVT. LTD. AIMS AT PROVIDING PACKAGING SOLUTIONS FOR FOOD INDUSTRY. WE HAVE
EXTENSIVE EXPERIENCE IN MANUFACTURING SUPERIOR QUALITY BLISTER PACKING MACHINES SUITABLE FOR  YOGURT, CURD, BUTTER, LIQUID, CHOCOLATE, JELLY, JAM, HONEY, PEANUT BUTTER PACKING SOLUTIONS.


WE AT HELIOS CONCREW PVT. LTD. EMPHASES ON QUALITY AND NO COMPROMISE POLICY. EACH OF OUR MACHINES ARE MANUFACTURED USING WORLD CLASS INFRASTRUCTURE HIGHLY AUTOMATED MACHINES.QUALITY INSTRUMENTS ARE USED FOR INSPECTIONS WHICH ARE PERIODICALLY CALIBRATED. WE HAVE IN-LINE PRODUCTION OF 20 MACHINES IN OUR PRODUCTION HOUS",https://erp.tpci.in/images/upload/company_logo/Exhibitor-Logo-6553.png?rand=81521,https://erp.tpci.in/uploads/ex_docs/6553/HC FOODPACK 1540_2440_4540 BROCHURE_compressed.pdf7b764af114d6ec92da208eae4e565716_6a352d6fa672a.pdf,01,"[{""id"": ""11732"", ""description"": ""certificate "", ""link"": ""https://erp.tpci.in//frontend/exhibitor/e0a8d8035ac41f6fb446793eced6c514_6a352d9c05d0e.pdf""}]",,"[{""type"": ""youtube"", ""video_url"": ""https://www.youtube.com/watch?v=MWH0yRWh4vA"", ""title"": ""BLISTER PACKING MACHINE FOR FOOD"", ""description"": ""We Helios Concrew Pvt. Ltd. aims at providing Packaging Solutions for Food industry. We have\nextensive experience in manufacturing superior quality BLISTER PACKING MACHINES suitable for  YOGURT, CURD, BUTTER, LIQUID, CHOCOLATE, JELLY, JAM, HONEY, PEANUT BUTTER packing solutions.\n\n\nWe at Helios Concrew Pvt. Ltd. emphases on Quality and No compromise Policy. Each of our Machines are manufactured using world class Infrastructure Highly Automated Machines.Quality instruments are used for inspections which are periodically calibrated. We have in-line production of 20 machines in our production house.""}]"
ZWZhZDcwN2U3Zjc4OWZiNDpiNTM1ZjNkY2IzZDg0ZGIyZTNkODkzZjdhODFkZjUzNDQxODE1ZDUwOlBSNU9aT2pTa2dTb3AzaHdoaDR5SHc9PQ==,Helse Foods Products Llp,Partnership,NEHA PRAVIN RAMBHIA,Manufacturer,Food & Agri Products,"{""Fine Food"": [""Fine Food""], ""Health Food, Free From & Super Food"": [""Health Food, Free From & Super Food""], ""Private Label"": [""Private Label""], ""Snacks & On the Go Foods"": [""Snacks & On the Go Foods""]}",[],"{""Fine Food"": [""Fine Food""], ""Health Food, Free From & Super Food"": [""Health Food, Free From & Super Food""], ""Private Label"": [""Private Label""], ""Snacks & On the Go Foods"": [""Snacks & On the Go Foods""]}",A-23,2,https://www.helsefoods.com,"E5-136 BHUMI WORLD, 1ST FLOOR, BHUMI WORLD INDUSTRIAL PARK, PIMPLAS, BHIWANDI.",THANE,Maharashtra,,421302,AAQFH4315P,+917827751998,https://www.facebook.com/,https://www.linkedin.com/home?originalSubdomain=in,https://www.twitter.com/,https://www.youtube.com/,https://www.twitter.com/,1000,"Distributor,exporter,importer",HELSE FOODS RODUCTS LLP,https://erp.tpci.in/images/upload/company_logo/Exhibitor-Logo-6681_6a5cb0e283ce1.png?rand=84,https://erp.tpci.in/uploads/ex_docs/6681/1 - Helse Brochure-compressed.pdf873bb51398d6163b9463d4eeb5425106_6a5cb1e9eeeca.pdf,0,[],,[]
NzZlM2U2M2Y4Y2ZlZWQ5NjpjMDg2ZWZmY2E3NzQ5YzA2NjZiMTgyZjg0YzA3ODA3ZjIzNWJhMGMyOmNCa0hZd0JQY1BocnJZczFObWxNd2c9PQ==,Hesthetic Life Private Limited,Private Limited,ASHISH THESIA,Manufacturer Exporter,Food & Agri Products,"{""Fresh Produce"": [""Fresh Produce""], ""Rice, Pulses, Grains, Spices and Commodities"": [""Rice, Pulses, Grains, Spices and Commodities""]}","[{""productName"": ""Premium Cold Pressed Peanut (Groundnut) Cooking Oil"", ""description"": ""Crafted from carefully selected premium peanuts, this oil is extracted using our Single Screw Cold Pressed Extraction Method with German Technology to help retain maximum nutrients, natural flavor, and purity. "", ""productImage"": ""https://erp.tpci.in/frontend/exhibitor/product-178417884594155518.jpg?70.59699713308085""}, {""productName"": ""Premium Cold Pressed Coconut Cooking Oil"", ""description"": ""Crafted from carefully selected premium coconuts, our Coconut Oil is extracted using the Single Screw Cold Pressed Extraction Method with German Technology to help retain maximum nutrients, natural aroma, and purity. Enjoy wholesome goodness, rich flavor, and uncompromised quality in every drop."", ""productImage"": ""https://erp.tpci.in/frontend/exhibitor/product-178417884575877817.jpg?40.61300125030149""}, {""productName"": ""Premium Cold Pressed White Sesame (Gingelly) Cooking Oil"", ""description"": ""Crafted from carefully selected premium white sesame (gingelly) seeds, our oil is extracted using the Single Screw Cold Pressed Extraction Method with German Technology to help retain maximum nutrients, natural flavor, and purity. "", ""productImage"": ""https://erp.tpci.in/frontend/exhibitor/product-178417884576368523.jpg?91.27401792562941""}, {""productName"": ""Premium Cold Pressed Yellow Mustard Cooking Oil"", ""description"": ""Crafted from carefully selected premium white sesame (gingelly) seeds, our oil is extracted using the Single Screw Cold Pressed Extraction Method with German Technology to help retain maximum nutrients, natural flavor, and purity. Enjoy rich taste and wholesome goodness in every drop."", ""productImage"": ""https://erp.tpci.in/frontend/exhibitor/product-178417884582173324.jpg?34.53108895060708""}, {""productName"": ""Premium Cold Pressed Sunflower Cooking Oil"", ""description"": ""Crafted from carefully selected premium sunflower seeds, our Sunflower Cooking Oil is extracted using the Single Screw Cold Pressed Extraction Method with German Technology to help retain maximum nutrients, natural goodness, and purity. "", ""productImage"": ""https://erp.tpci.in/frontend/exhibitor/product-178417884558731959.jpg?98.83339404951165""}, {""productName"": ""Extra Virgin Cold Pressed Olive Oil"", ""description"": ""Crafted from carefully selected premium olives, our Olive Oil is extracted using the Single Screw Cold Pressed Extraction Method with German Technology to help retain maximum nutrients, natural antioxidants, and authentic flavor. "", ""productImage"": ""https://erp.tpci.in/frontend/exhibitor/product-178417884553834258.jpg?90.57370646910155""}, {""productName"": ""Edible Premium Cold Pressed Almond Oil"", ""description"": ""Crafted from carefully selected premium almonds, our Edible Premium Cold Pressed Almond Oil is extracted using the Single Screw Cold Pressed Extraction Method with German Technology to help retain maximum nutrients, natural goodness, and purity."", ""productImage"": ""https://erp.tpci.in/frontend/exhibitor/product-178417884537537101.jpg?56.36835327033731""}, {""productName"": ""Premium Cold Pressed Flaxseed Oil"", ""description"": ""Crafted from carefully selected premium flaxseeds, our Premium Cold Pressed Flaxseed Oil is extracted using the Single Screw Cold Pressed Extraction Method with German Technology to help retain maximum nutrients, natural goodness, and purity. "", ""productImage"": ""https://erp.tpci.in/frontend/exhibitor/product-17841788458962607.jpg?10.120650017746398""}, {""productName"": ""Premium Cold Pressed Hemp Seed Oil"", ""description"": ""Crafted from carefully selected premium hemp seeds, our Premium Cold Pressed Hemp Seed Oil is extracted using the Single Screw Cold Pressed Extraction Method with German Technology to help retain maximum nutrients, natural goodness, and purity. "", ""productImage"": ""https://erp.tpci.in/frontend/exhibitor/product-178417884517341217.jpg?81.49819335108455""}, {""productName"": ""Edible Premium Cold Pressed Pumpkin Seed Oil"", ""description"": ""Crafted from carefully selected premium pumpkin seeds, our Edible Premium Cold Pressed Pumpkin Seed Oil is extracted using the Single Screw Cold Pressed Extraction Method with German Technology to help retain maximum nutrients, natural goodness, and purity. "", ""productImage"": ""https://erp.tpci.in/frontend/exhibitor/product-17841788457517139.jpg?77.12901977554803""}]","{""Fresh Produce"": [""Fresh Produce""], ""Rice, Pulses, Grains, Spices and Commodities"": [""Rice, Pulses, Grains, Spices and Commodities""]}",E-30,2,https://hesthetic.com/,"FIRST FLOOR AND SECOND FLOOR, PLOT NO 11 AND 12, SHIVA PARK SOCIETY, VARACHHA ROAD, KARANJ",SURAT,Gujarat,India,395006,AAFCH2106L,+917827751998,https://www.facebook.com/,https://www.linkedin.com/home?originalSubdomain=in,https://www.twitter.com/,https://www.youtube.com/,https://www.twitter.com/,1000,"Distributor,importer",HESTHETIC LIFE PRIVATE LIMITED,https://erp.tpci.in/images/upload/company_logo/Exhibitor-Logo-6626.jpeg?rand=59962,,0,[],,[]
NGUxZTQ3M2FjMzZjNjAxNDo3NzdhN2QyNzc2MWYyZDExOGJlYjU5OWJiOTM3YmE3ZmNjZGY2M2JlOlZ3Y0c3amJORXVjYnovUG9sMmNLeUE9PQ==,Himalayan Medicinal & Aromatic Producers Coop. Ltd.,Cooperatives,ARJUN RAINA,Manufacturer,Food & Agri Products,"{""Dry Fruits & Nuts"": [""Dry Fruits & Nuts""]}","[{""productName"": ""Kashmir Rosemary Water"", ""description"": ""Kashmiri rosemary water "", ""productImage"": ""https://erp.tpci.in/frontend/exhibitor/product-178419126856989382.jpg?31.481674994790627""}, {""productName"": ""Kashmiri Apple"", ""description"": ""Varieties Delicious, Amri, Gala, Green apple,"", ""productImage"": ""https://erp.tpci.in/frontend/exhibitor/product-178419126839750776.jpg?41.538282056840394""}, {""productName"": ""Kashmiri Lavender"", ""description"": ""Kashmiri Lavender"", ""productImage"": ""https://erp.tpci.in/frontend/exhibitor/product-178419126811720640.jpg?13.246388373194623""}, {""productName"": ""Improved Cultivated Dandelion"", ""description"": ""Cultivated Dandelion flower, shoot and root"", ""productImage"": ""https://erp.tpci.in/frontend/exhibitor/product-178419126892092361.jpg?41.617098768816426""}, {""productName"": ""saussurea costus"", ""description"": ""cultivated  costus (region Jammu kashmir)"", ""productImage"": ""https://erp.tpci.in/frontend/exhibitor/product-178419126831563541.jpg?68.34633179786273""}, {""productName"": ""Kashmiri Walnut"", ""description"": ""Kashmiri desi and chander walnut"", ""productImage"": ""https://erp.tpci.in/frontend/exhibitor/product-178419126853292490.jpg?16.88036575622891""}, {""productName"": ""Pears"", ""description"": ""Kashmiri red and green pears"", ""productImage"": ""https://erp.tpci.in/frontend/exhibitor/product-178419126843667077.jpg?79.36283646092083""}, {""productName"": ""Lavender essential Oil "", ""description"": ""Kashmiri Lavender oil"", ""productImage"": ""https://erp.tpci.in/frontend/exhibitor/product-17841912683444322.jpg?46.17308810928193""}, {""productName"": ""Pine Nut"", ""description"": ""Wild Pine Nut"", ""productImage"": ""https://erp.tpci.in/frontend/exhibitor/product-178419126898148554.jpg?92.77693423701164""}, {""productName"": ""Bhaderwahi Rajma"", ""description"": ""GI Tagged product of J&K"", ""productImage"": ""https://erp.tpci.in/frontend/exhibitor/product-178419126883638267.jpg?25.365409930576956""}]","{""Dry Fruits & Nuts"": [""Dry Fruits & Nuts""]}",A-15,2,ridayu.com,VILLAGE MANWAH BHALRA BHADERWAH,BHADERWAH,Jammu And Kashmir,India,182221,0000000000,9906200793,http://www.facebook.com/mailarjunraina,http://www.linkedin.com/mailarjunraina,http://www.twitter.com/mailarjunraina,http://www.youtube.com/mailarjunraina,http://www.instagram.com/mailarjunraina,NIL,"Distributor,exporter,importer,jv",H-MAP IS AN FPO SPECIALIZES IN CULTIVATION AMD VALUE ADDITION OF HORTICULTURAL AROMATIC AND MEDICINAL PRODUCE,https://erp.tpci.in/images/upload/company_logo/Exhibitor-Logo-6738.jpg?rand=84524,https://erp.tpci.in/uploads/ex_docs/6738/file_000000007b307207a4af7c7a6c6c2bae.png2c1cb300f0fa1c1df929d6e060388dc8_6a58973a5b3cc.png,02,"[{""id"": ""11906"", ""description"": ""Udyam Certificate"", ""link"": ""https://erp.tpci.in//frontend/exhibitor/f2af312aabad85e0a5f294394922a4d4_6a58927d9cdba.pdf""}, {""id"": ""11907"", ""description"": ""Registration certificate"", ""link"": ""https://erp.tpci.in//frontend/exhibitor/7fb4813fb76311a04dce180c73b737af_6a5892998c620.pdf""}]",,"[{""type"": ""youtube"", ""video_url"": ""https://youtu.be/PtxmJ7qvmC0?si=Y6viICndquxChj_j"", ""title"": ""Aroma mission""}]"
NDIxZTM3Yjk2NDc1ZWE1YTozYTMxYzYwODlmNTIyZTc0YWZhZmI1MzcxZjQ0MDNkZDI1YmQ2MjJhOmxmN0RwTS9Ta0ZoZkZZWC8zR3c4cHc9PQ==,Hkl Agro Foods Pvt Ltd,Private Limited,HARISH PATEL,Manufacturer Exporter,Food & Agri Products,"{""Health Food, Free From & Super Food"": [""Health Food, Free From & Super Food""], ""Organic, Natural & Ethical Foods"": [""Organic, Natural & Ethical Foods""], ""Private Label"": [""Private Label""], ""Rice, Pulses, Grains, Spices and Commodities"": [""Rice, Pulses, Grains, Spices and Commodities""], ""Snacks & On the Go Foods"": [""Snacks & On the Go Foods""]}",[],"{""Health Food, Free From & Super Food"": [""Health Food, Free From & Super Food""], ""Organic, Natural & Ethical Foods"": [""Organic, Natural & Ethical Foods""], ""Private Label"": [""Private Label""], ""Rice, Pulses, Grains, Spices and Commodities"": [""Rice, Pulses, Grains, Spices and Commodities""], ""Snacks & On the Go Foods"": [""Snacks & On the Go Foods""]}",A-49,2,https://hklagrofoods.com/,"35/36/37,GOVINDJI INDUSTRIAL ESTATE, VALAN, MORTHANA, KAMREJ",SURAT,Gujarat,,394325,AAHCH5825L,9512960639,https://www.facebook.com/,https://www.linkedin.com/home?originalSubdomain=in,https://www.twitter.com/,https://www.youtube.com/,https://www.twitter.com/,12700000,"Distributor,importer",HKL AGRO FOODS PVT LTD,https://erp.tpci.in/images/upload/company_logo/Exhibitor-Logo-6630_6a5c7a7ee1a76.png?rand=29308,https://erp.tpci.in/uploads/ex_docs/6630/COMPANY PROFILE.pdf14e82a20185572b4eacb1f7a4b245619_6a5c780535ad7.pdf,01,"[{""id"": ""11949"", ""description"": ""APEDA"", ""link"": ""https://erp.tpci.in//frontend/exhibitor/2a8630855a51587fe99ac86e133b4d0d_6a5c784186e79.pdf""}]",,[]
YmEyZmEyOGNmNDk0OTc4ZDo0M2Y3NjkwY2ZmMDI4MTAzYThhMWJlMDcyNzlkNWFmOWY1NDYyNmQ1OmZjS1U2RWYzaFZPNkNtTUU2VTNyQlE9PQ==,Hotel Amarjit Private Limited,Private Limited,NARENDRA BONDRE,Manufacturer,Food & Agri Products,"{""Rice, Pulses, Grains, Spices and Commodities"": [""Rice, Pulses, Grains, Spices and Commodities""], ""Snacks & On the Go Foods"": [""Snacks & On the Go Foods""]}","[{""productName"": ""Ginger Garlic Paste"", ""description"": ""Micky’s Ginger Garlic Paste delivers fresh aroma and rich flavour instantly, saving prep time in any kitchen. Ready to use and thermally processed for consistency, it ensures authentic taste without artificial colours. Perfect for gravies, marinades, and everyday cooking."", ""productImage"": ""https://erp.tpci.in/frontend/exhibitor/product-178473005086159797.jpg?20.983287804744474""}, {""productName"": ""Pizza Pasta Sauce"", ""description"": ""Micky’s Pizza Pasta Sauce is a bold, tangy tomato-based sauce made with real spices for authentic flavour. Perfect for pizzas, pastas, and fusion dishes, it delivers consistency with no added preservatives or artificial colours. Just heat and use."", ""productImage"": ""https://erp.tpci.in/frontend/exhibitor/product-178473005089204972.jpg?29.754763776208055""}, {""productName"": ""Tomato Concasse"", ""description"": ""Micky’s Tomato Concasse offers chunky, juicy tomatoes with a fresh natural taste. Ready to use and preservative-free, it’s perfect for gravies, sauces, and fusion dishes. Just open, cook, and elevate your recipes."", ""productImage"": ""https://erp.tpci.in/frontend/exhibitor/product-178473005051623097.jpg?85.82395854017135""}, {""productName"": ""Onion Tomato Masala"", ""description"": ""Micky’s Onion Tomato Masala is a rich, slow-cooked base made from onions, tomatoes, and spices. Perfect for Indian gravies, it saves time while delivering consistent, homely flavour. Just heat, add ingredients, and cook."", ""productImage"": ""https://erp.tpci.in/frontend/exhibitor/product-17847300507556569.jpg?39.85550444559707""}, {""productName"": ""Kadhai Gravy"", ""description"": ""Micky’s Kadhai Gravy is a bold, spice-rich base made with tomatoes and aromatic Indian spices. Perfect for paneer, vegetables, and curries, it delivers authentic kadhai flavour with no added preservatives. Just heat, add ingredients, and cook."", ""productImage"": ""https://erp.tpci.in/frontend/exhibitor/product-17847300508137587.jpg?41.8056496808358""}, {""productName"": ""Makhani Gravy"", ""description"": ""Micky’s Makhani Gravy is a rich, creamy tomato-based gravy made with butter and cashews. Perfect for paneer and chicken dishes, it delivers authentic restaurant-style flavour with consistent quality. Just heat and cook."", ""productImage"": ""https://erp.tpci.in/frontend/exhibitor/product-178473005038165937.jpg?89.4617381407523""}, {""productName"": ""Malabari Gravy"", ""description"": ""Micky’s Malabari Gravy is a coconut-based coastal curry with roasted spices and mild tanginess. Perfect for South Indian-style dishes, it offers balanced flavour and ready-to-cook convenience with no added preservatives."", ""productImage"": ""https://erp.tpci.in/frontend/exhibitor/product-178473005096797208.jpg?21.891744734618577""}, {""productName"": ""Yellow Gravy"", ""description"": ""Micky’s Yellow Gravy is a smooth, creamy base made with cashews and mild spices. Ideal for comfort-style dishes, it offers rich texture and consistent flavour with ready-to-cook convenience."", ""productImage"": ""https://erp.tpci.in/frontend/exhibitor/product-178473005062819847.jpg?41.07351232420049""}, {""productName"": ""Toor Dal"", ""description"": ""Micky’s Boiled Toor Dal is made from premium quality split pigeon peas that are carefully cooked and ready to use. With its smooth texture and natural flavour, it is perfect for preparing traditional dishes like dal tadka, sambhar, and everyday home-style meals. Thermally processed with no added pre"", ""productImage"": ""https://erp.tpci.in/frontend/exhibitor/product-178473005078881142.jpg?39.69233049051122""}, {""productName"": ""Kabuli Chana"", ""description"": ""Micky’s Boiled Chole is made from high-quality Kabuli Chana that is soft, nutritious, and ready to use. With a mild nutty flavour and firm texture, it is perfect for preparing chole curry, salads, wraps, and rice bowls. Thermally processed with no added preservatives or additives, simply open the pa"", ""productImage"": ""https://erp.tpci.in/frontend/exhibitor/product-178473005050053368.jpg?75.24111855331913""}, {""productName"": ""Black Chana"", ""description"": ""Micky’s Boiled Black Chana is perfectly cooked to retain its natural earthy flavour and firm texture. Ready to use and thermally processed for safety, it helps you prepare delicious dishes quickly without soaking or long cooking time. Just open, cook, and serve with confidence."", ""productImage"": ""https://erp.tpci.in/frontend/exhibitor/product-178473005049485848.jpg?57.12860436842647""}, {""productName"": ""Kidney Beans"", ""description"": ""Micky’s Boiled Rajma is soft, creamy, and ready to cook, making it perfect for quick and delicious meals. Carefully cooked and thermally processed to maintain natural taste and quality, it contains no added preservatives or additives. Simply open, heat, and use it to prepare rajma curry, rice bowls,"", ""productImage"": ""https://erp.tpci.in/frontend/exhibitor/product-178473005031936521.jpg?59.91966925553947""}]","{""Rice, Pulses, Grains, Spices and Commodities"": [""Rice, Pulses, Grains, Spices and Commodities""], ""Snacks & On the Go Foods"": [""Snacks & On the Go Foods""]}",A-32,2,https://www.google.com,"24, FOTEL CENTRE POINT, CENTRAL BAZAR ROAD, RAMDASPETH",NAGPUR,Maharashtra,,44001,AAACH4474J,+917827751998,https://www.facebook.com/,https://www.linkedin.com/home?originalSubdomain=in,https://www.twitter.com/,https://www.youtube.com/,https://www.twitter.com/,1000,"Distributor,importer",HOTEL AMARJIT PRIVATE LIMITED,https://erp.tpci.in/images/upload/company_logo/Exhibitor-Logo-6669_6a60cfec4658b.png?rand=58984,https://erp.tpci.in/uploads/ex_docs/6669/Mickys-Brochure-English-compressed.pdfbfa4c1843d7966cd78e58ce47d375388_6a60896b8a4bf.pdfd6087b5de450cbe5e4f479b4dbe538c6_6a60d21e454ab.pdf,01,"[{""id"": ""12005"", ""description"": ""fssai license"", ""link"": ""https://erp.tpci.in//frontend/exhibitor/d6843f59500750a0268b1ae122d34985_6a60d2491ef50.pdf""}]",,[]
M2RlZDFkMzBkZjIxYTIzZjo4NTE1ODNiNmI3OWZiMThlOGJjNDNiZmUxNzg5ZWM2ZjVkODA3MGYwOkx5SlVmN3ZabHE1bG11OWNLRVB5L3c9PQ==,Hs Proteins,Partnership,SHLOK,Manufacturer Exporter,Food & Agri Products,"{""Fresh Produce"": [""Fresh Produce""], ""Rice, Pulses, Grains, Spices and Commodities"": [""Rice, Pulses, Grains, Spices and Commodities""]}",[],"{""Fresh Produce"": [""Fresh Produce""], ""Rice, Pulses, Grains, Spices and Commodities"": [""Rice, Pulses, Grains, Spices and Commodities""]}",E-02A,2,https://hsproteins.com/,"151/3, PAIKI 0-64-75, SVIT COLLEGE ROAD, BH. BUS STAND, VASAD",ANAND,Gujarat,India,388306,AALFH7777C,+917827751998,https://www.facebook.com/,https://www.linkedin.com/home?originalSubdomain=in,https://www.twitter.com/,https://www.youtube.com/,https://www.twitter.com/,1000,"Distributor,exporter",HS PROTEINS,https://erp.tpci.in/images/upload/company_logo/Exhibitor-Logo-6782_6a5b4716cfb43.jpeg?rand=82167,,0,[],,[]
NTE3ZTc2YmY4ZjZmZjNkYjphOWI3ZTU3MTNkYzc3MGFlNzQzZjIwZGEzNGEyMmU5NDA4MmQzYjI2OkpIUlVjd29TNXowZzRHNy9pTHZ1eGc9PQ==,Indian Freeze Drying Corporation,Partnership,SAHIL GOTHARIA,Manufacturer,Food & Agri Products,"{""Dry Fruits & Nuts"": [""Dry Fruits & Nuts""]}","[{""productName"": ""Freeze Dried Mango Cubes"", ""description"": ""Freeze Dried Mango Cubes"", ""productImage"": ""https://erp.tpci.in/frontend/exhibitor/product-17840271664565239.jpg?28.94691026671502""}, {""productName"": ""Freeze Dried Pink Guava"", ""description"": ""Freeze Dried Pink Guava"", ""productImage"": ""https://erp.tpci.in/frontend/exhibitor/product-178402716612229561.jpg?94.50466436753484""}]","{""Dry Fruits & Nuts"": [""Dry Fruits & Nuts""]}",E-21,2,https://ifdc.co.in/,"PLOT NO. 57 & 58, BROOK FIELD, INDUSTRIAL PARK, DASHARATH",VADODARA,Gujarat,,391750,AALF26755K,9574793979,https://www.facebook.com/,https://www.linkedin.com/home?originalSubdomain=in,https://www.twitter.com/,https://www.youtube.com/,https://www.twitter.com/,1000,"Distributor,exporter,importer",INDIAN FREEZE DRYING COPORATION,https://erp.tpci.in/images/upload/company_logo/Exhibitor-Logo-6676_6a5618a1542cb.png?rand=92121,https://erp.tpci.in/uploads/ex_docs/6676/Freeze Dried - ifdc brochure .pdfe2e38df309275bb21182165ed18c1d75_6a561777733b5.pdf,01,"[{""id"": ""11867"", ""description"": ""FSSAI "", ""link"": ""https://erp.tpci.in//frontend/exhibitor/bcfef973be82e499511d3c5596d6587a_6a5617909f6ff.pdf""}]",,[]
ZWU2MWU1MGJmMGVhMjBmNDo4MmUzMWU0N2MzOWY5M2JiOTIzMTM4YzI0ZTAwODQ1ZjZhNDhlZjBhOnY0bUFzSFhaVU9CRlF6NHVYOWNJTVE9PQ==,Ipp Catalog Publications Pvt Ltd,Private Limited,PURVA RAI DWIVEDI,Service Provider,Others,"{""Food Processing & Packaging Machinery"": [""Food Processing & Packaging Machinery""]}",[],"{""Food Processing & Packaging Machinery"": [""Food Processing & Packaging Machinery""]}",F-07B,2,https://indifoodbev.com/,"N-10, SECTOR 11",NOIDA,Uttar Pradesh,,201301,AAACI0285J,+917827751998,https://www.facebook.com/,https://www.linkedin.com/home?originalSubdomain=in,https://www.twitter.com/,https://www.youtube.com/,https://www.twitter.com/,167000,Market Servey,"IPP CATALOG PUBLICATIONS, BASED IN NOIDA, PUBLISHES INDIAN PRINTER AND PUBLISHER (IPP), PACKAGING SOUTH ASIA (PSA), AND THE BIMONTHLY INDIFOODBEV (IFB). PSA COVERS THE FULL PACKAGING LIFECYCLE, WHILE IFB FOCUSES ON FOOD AND BEVERAGE PACKAGING AND PROCESSING. HEALTHTEKPACK, THEIR ONLINE PLATFORM, SPECIALIZES IN HEALTH, PHARMA, AND PERSONAL CARE PACKAGING. TOGETHER, THESE OUTLETS DELIVER TIMELY INSIGHTS, TECHNOLOGY UPDATES, AND MARKET TRENDS, OFFERING AUTHORITATIVE, SECTOR SPECIFIC COVERAGE FOR PROFESSIONALS ACROSS PRINT, PACKAGING, AND PROCESSING INDUSTRIES.",https://erp.tpci.in/images/upload/company_logo/Exhibitor-Logo-6744_6a59f7bf3a2aa.png?rand=63596,,0,[],,[]
ZjFiMTdmYWRmMjIxYmZlZDpmM2IwNjkwNmQyYWZhMjgzZTc3ZThjMTRjMGVkM2VlNGM5ZWQ4Y2Y2OnJMcWpWdy9qNG1zWHUyc3hTc1BIQXc9PQ==,Ishani Impex,Proprietor,ISHIKA SHAH,Merchant Importer,Food & Agri Products,"{""Food Ingredients"": [""Food Ingredients""], ""Private Label"": [""Private Label""], ""Rice, Pulses, Grains, Spices and Commodities"": [""Rice, Pulses, Grains, Spices and Commodities""], ""Snacks & On the Go Foods"": [""Snacks & On the Go Foods""]}","[{""productName"": ""Spices "", ""description"": ""1. Whole Spices \r\n2. Powder Spices \r\n3. Blended Spices "", ""productImage"": ""https://erp.tpci.in/frontend/exhibitor/product-178272567711901575.jpg?5.40282736104245""}, {""productName"": ""Lentils and Pulses "", ""description"": ""Toor Dal Chana Dal Moong Dal (Yellow/Green) Urad Dal (Whole/Split) Masoor Dal (Red/Whole) Kabuli Chana Rajma ( Chitra / Kashmiri ) Moth Beans Horse Gram Cow Peas Soya Beans Green Peas White Peas Kala Chana"", ""productImage"": ""https://erp.tpci.in/frontend/exhibitor/product-178272567740730679.jpg?55.70323751839179""}, {""productName"": ""Flours "", ""description"": ""Wheat Flour (Atta) Maida Suji Besan Rice Flour Multigrain Flour Bajra Flour Jowar Flour Ragi Flour Corn Flour Sattu / Chana Sattu Buckwheat Flour Barley Flour Oats Flour Farali flour"", ""productImage"": ""https://erp.tpci.in/frontend/exhibitor/product-178272567792315054.jpg?62.307708582196106""}, {""productName"": ""Millets & Cereals "", ""description"": ""Wheat Rice Barley Oats Maize (Corn) Barley oats Kodo Millet Little Millet Sorghum (Jowar Whole) Pearl Millet (Bajra Whole) Finger Millet (Ragi Whole) Poha (Flattened Rice) Dalia (Broken Wheat) Proso Millet Barnyard Millet "", ""productImage"": ""https://erp.tpci.in/frontend/exhibitor/product-178272567767497694.jpg?44.428833429169686""}]","{""Food Ingredients"": [""Food Ingredients""], ""Private Label"": [""Private Label""], ""Rice, Pulses, Grains, Spices and Commodities"": [""Rice, Pulses, Grains, Spices and Commodities""], ""Snacks & On the Go Foods"": [""Snacks & On the Go Foods""]}",B-35A,2,https://www.google.com,"257 AUSHTLAXMI COMPLEX IDGAH ROAD. OUTSIDE DELHI DARWAJA,AHMEDABAD-GUJARAT-380004",AHMEDABAD,Gujarat,India,380004,AJMPS6626B,+917827751998,https://www.facebook.com/,https://www.linkedin.com/home?originalSubdomain=in,https://www.twitter.com/,https://www.youtube.com/,https://www.twitter.com/,100000,"Distributor,exporter",ISHANI IMPEX,https://erp.tpci.in/images/upload/company_logo/Exhibitor-Logo-6665_6a4367fc46912.jpeg?rand=35116,https://erp.tpci.in/uploads/ex_docs/6665/FOOD DISTRIBUTING WORLDWIDE_compressed.pdfd44c7f567e004c07dd8f5c919842077b_6a436859b6966.pdf,02,"[{""id"": ""11743"", ""description"": ""FSSAI CERTIFICATE "", ""link"": ""https://erp.tpci.in//frontend/exhibitor/8e17ccbc9a0f5e8077ee5fe75102e6d5_6a436944a2ced.pdf""}, {""id"": ""11744"", ""description"": ""SPICE BOARD "", ""link"": ""https://erp.tpci.in//frontend/exhibitor/8e17ccbc9a0f5e8077ee5fe75102e6d5_6a436944ad5c4.pdf""}]",,[]
ZDI5Y2JiZmE5YTJmNjRkYzowMzk0Njk1NGUyYWRkZTE4NTJiNTM1ZGI1MDljOGQ5MmVhNTg1YTBjOlM1U3ZiVnBCanZYWWRXTkJNUFArdWc9PQ==,Ishitva Robotic Systems Pvt Ltd,Private Limited,NIVEDITA JHA,Manufacturer Exporter,Food & Agri Processing Machinery,"{""Automation, Robotics & Smart Factories"": [""Automation, Robotics & Smart Factories""]}","[{""productName"": ""ISHITVA® Food Sorter"", ""description"": ""The ISHITVA® Food Sorter is an AI-powered optical sorting system designed to enhance food quality, safety, and processing efficiency. It combines high-resolution vision technology, advanced artificial intelligence, and precision rejection mechanisms to accurately detect and remove contaminants"", ""productImage"": ""https://erp.tpci.in/frontend/exhibitor/product-178452870687934503.jpg?14.369216015906275""}]","{""Automation, Robotics & Smart Factories"": [""Automation, Robotics & Smart Factories""]}",C-25,2`,https://www.google.com,"3RD FLOOR, KRISH CUBICAL, 301 TO 308, BLOCK C, AVALON HOTEL
ROAD, AHMEDABAD, GUJARAT, 380059",AHMEDABAD,Gujarat,,380059,AAECI9735P,+917827751998,https://www.facebook.com/,https://www.linkedin.com/home?originalSubdomain=in,https://www.twitter.com/,https://www.youtube.com/,https://www.twitter.com/,1000,Exporter,ISHITVA ROBOTIC SYSTEMS PVT LTD,https://erp.tpci.in/images/upload/company_logo/Exhibitor-Logo-6790_6a5db9fecbefb.png?rand=73907,https://erp.tpci.in/uploads/ex_docs/6790/ISHITVA Food Sorter (7).pdf0ca23436e7d1aa085cf1e66e8f2114f1_6a5deda76b471.pdf,02,"[{""id"": ""11953"", ""description"": ""CE Certification"", ""link"": ""https://erp.tpci.in//frontend/exhibitor/43d63a38c08c7162689ced8b4b330bb6_6a5dee5104c1d.pdf""}, {""id"": ""11954"", ""description"": ""GST Certificate"", ""link"": ""https://erp.tpci.in//frontend/exhibitor/8a04411b0b4a66a97a3aa2021c44e585_6a5dee671c012.pdf""}]",,[]
YTY4N2MyZGM1NTRkMTc4YjpmNTk1MzRlN2VmNzRkNzZmMTc2OTFiYmJkOTQ2N2I0NGJmYWQxZGQzOk1Gb1ZTS2g4d1V6RnlEZ2xya00wNXc9PQ==,J Brother Spices And Agri Export Pvt Ltd,Private Limited,AELIS MUKESHBHAI JINJA,Manufacturer Exporter,Food & Agri Products,"{""Beverage & Hot Drinks"": [""Beverage & Hot Drinks""], ""Snacks & On the Go Foods"": [""Snacks & On the Go Foods""]}",[],"{""Beverage & Hot Drinks"": [""Beverage & Hot Drinks""], ""Snacks & On the Go Foods"": [""Snacks & On the Go Foods""]}",A-50C,2,https://jbrotherexports.com/,"178, AMRELI - LATHI HIGHWAY,AT. KERALA, TA. LATHI,DIST. AMRELI - 365430, GUJARAT",AMRELI,Gujarat,India,365430,AAFCJ5801L,+917827751998,https://www.facebook.com/,https://www.linkedin.com/home?originalSubdomain=in,https://www.twitter.com/,https://www.youtube.com/,https://www.twitter.com/,1000,"Distributor,exporter,importer",J BROTHER SPICES AND AGRI EXPORT PVT LTD,https://erp.tpci.in/images/upload/company_logo/Exhibitor-Logo-6686.png?rand=1012,,0,[],,[]
MTM2YTYzOTU0MWYwODRhMjphNzhhZThlZWNmNTk0NDIyZDg2MGI1NWMxOWNmYWFiYjVmNDBjZjdiOmhUbVVDZWs5SGpuTVdNK1VjSG1OTXc9PQ==,J K Agro Foods,Partnership,BHARATBHAI KAPURIYA,Manufacturer Exporter,Food & Agri Products,"{""Frozen, Ready to Eat & Ready to Cook Food"": [""Frozen, Ready to Eat & Ready to Cook Food""], ""Grocery, Staple & Dry Foods"": [""Grocery, Staple & Dry Foods""], ""Private Label"": [""Private Label""], ""Rice, Pulses, Grains, Spices and Commodities"": [""Rice, Pulses, Grains, Spices and Commodities""]}","[{""productName"": ""Kesar Mango Pulp"", ""description"": ""Kesar mango pulp is a rich, sweet, and vibrant saffron-colored puree made from handpicked, naturally ripened Kesar mangoes (often grown in Gujarat). Typically sold in 850g cans or 3.1kg catering tins, it is widely used to make milkshakes, aamras, ice creams."", ""productImage"": ""https://erp.tpci.in/frontend/exhibitor/product-178460980158541085.jpg?42.58274151252838""}, {""productName"": ""Alphonso Mango Pulp"", ""description"": ""Alphonso mango pulp is a premium fruit puree extracted from handpicked, ripened Alphonso (Hapus) mangoes. It is highly prized for its rich, golden-orange color, saffron-like aroma, and velvety, fiber-free consistency."", ""productImage"": ""https://erp.tpci.in/frontend/exhibitor/product-178460980197700076.jpg?63.71790856469228""}, {""productName"": ""Sweet Mango Pickle(Gor Keri)"", ""description"": ""Gor Keri (Sweet Mango Pickle) is a classic, beloved Gujarati condiment that perfectly balances sweet, sour, and mildly spicy flavors. It is crafted by curing freshly diced raw mangoes in a rich, luscious syrup made of natural jaggery or sugar and mixed with aromatic Indian spices"", ""productImage"": ""https://erp.tpci.in/frontend/exhibitor/product-178460980139119559.jpg?90.84132135924075""}, {""productName"": ""Mango Pickle"", ""description"": ""Mango Pickle is a traditional Indian condiment made from sun-ripened or unripe green mangoes, blended with aromatic spices and natural oils. It provides a tangy, spicy, and sometimes slightly sweet flavor that perfectly complements everyday meals like rice, rotis, and parathas."", ""productImage"": ""https://erp.tpci.in/frontend/exhibitor/product-178460980141895614.jpg?63.05288417549141""}, {""productName"": ""Gunda Pickle"", ""description"": ""Gunda Pickle (often called Gunda Nu Athanu in Gujarat or Lasoda Achar in other parts of India) is a traditional condiment made from fresh, hand-picked gunda (glue berry or bird lime) fruit, slow-marinated in pure mustard oil and authentic Indian spices. It pairs perfectly with everyday meals ."", ""productImage"": ""https://erp.tpci.in/frontend/exhibitor/product-178460980173655082.jpg?42.740459873099304""}, {""productName"": ""Hot Lime Pickle"", ""description"": ""Hot Lime Pickle is a bold, traditional condiment blending zesty citrus with fiery spices and oil. It balances intense tartness with a spicy kick, pairing perfectly with rice, curries, and Indian breads."", ""productImage"": ""https://erp.tpci.in/frontend/exhibitor/product-178460980199905282.jpg?24.543649912386805""}, {""productName"": ""Mixed Pickle"", ""description"": ""Mixed pickle is a traditional Indian condiment made by preserving a blend of fresh vegetables and fruits (like mango, carrot) in a mix of edible oils, salt, and spices. It brings a tangy, spicy, and savory zing to everyday meals like rice, parathas, and curries."", ""productImage"": ""https://erp.tpci.in/frontend/exhibitor/product-178460980132738143.jpg?94.4968730160006""}, {""productName"": ""Kerda Pickle"", ""description"": ""Kerda pickle is a traditional, tangy Indian condiment made from kerda (wild caper berries). Found mostly in Gujarat and Rajasthan, the tart, slightly fruity berries are soaked and blended with savory spices and edible oils. It pairs perfectly with everyday meals like roti, parathas, and rice dishes."", ""productImage"": ""https://erp.tpci.in/frontend/exhibitor/product-178460980140431647.jpg?98.85341841620712""}, {""productName"": ""Green Chilli Pickle"", ""description"": ""Green chilli pickle, known in India as Hari Mirch ka Achar, is a popular and fiery condiment. It is made by mixing chopped green chillies with oil, salt, and spices like mustard, fenugreek, and fennel. This gives it a hot, tangy, and slightly salty flavor that adds a punch to any meal."", ""productImage"": ""https://erp.tpci.in/frontend/exhibitor/product-178460980157061676.jpg?10.77647610639825""}]","{""Frozen, Ready to Eat & Ready to Cook Food"": [""Frozen, Ready to Eat & Ready to Cook Food""], ""Grocery, Staple & Dry Foods"": [""Grocery, Staple & Dry Foods""], ""Private Label"": [""Private Label""], ""Rice, Pulses, Grains, Spices and Commodities"": [""Rice, Pulses, Grains, Spices and Commodities""]}",B-01A,2,www.jkagrofoods.com,"PLOT NO. 240/3, VILLAGE: MADHUPUR TA. TALALA DISTRICT: GIR SOMANATH GUJARAT, INDIA-362150",SOMNATH,Gujarat,,362150,AAGFJ9162J,+917827751998,https://www.facebook.com/,https://www.linkedin.com/home?originalSubdomain=in,https://www.twitter.com/,https://www.youtube.com/,https://www.twitter.com/,2000000,"Distributor,exporter,importer,jv",J.K. AGRO FOODS,https://erp.tpci.in/images/upload/company_logo/Exhibitor-Logo-6742_6a5efc4e9d478.jpg?rand=23387,https://erp.tpci.in/uploads/ex_docs/6742/Brochure.pdffbf3ad682d40cd6c4800123e2785f512_6a5e246a9e7b1.pdf,05,"[{""id"": ""11969"", ""description"": ""Fssai"", ""link"": ""https://erp.tpci.in//frontend/exhibitor/c2142f0753e39b205b4af0c0c0de5d98_6a5e2446d7fbf.pdf""}, {""id"": ""11970"", ""description"": ""BRC"", ""link"": ""https://erp.tpci.in//frontend/exhibitor/c2142f0753e39b205b4af0c0c0de5d98_6a5e2446e294c.pdf""}, {""id"": ""11971"", ""description"": ""haccp"", ""link"": ""https://erp.tpci.in//frontend/exhibitor/63ba087d303839be7fc0755fdcda6450_6a5e248a1d4b0.pdf""}, {""id"": ""11972"", ""description"": ""halal"", ""link"": ""https://erp.tpci.in//frontend/exhibitor/ad308b2d34456541b26aeaa2bb598ab9_6a5e24971cedb.pdf""}, {""id"": ""11973"", ""description"": ""iso"", ""link"": ""https://erp.tpci.in//frontend/exhibitor/2395d1883acc01c46a439342b4971672_6a5e24a4db394.pdf""}]",,[]
ZjAzYTA4ZmRmMTMyODIyNzoxZmEzYWE4MmRlYjM5ZmEzMGQzZmZkM2EzNmJiZWY4N2Y5M2JlNDQzOkg0Uk8zd000MDdvTjVRSGF1WXpNV2c9PQ==,Jagdish Agropro Private Limited,Private Limited,ANAND THAKKAR,Manufacturer Exporter,Food & Agri Products,"{""Food Ingredients"": [""Food Ingredients""], ""Rice, Pulses, Grains, Spices and Commodities"": [""Rice, Pulses, Grains, Spices and Commodities""]}","[{""productName"": ""Khapli (Emmer Wheat)"", ""description"": ""Khapli/Samba wheat, also known as Emmer wheat, is an ancient nutritious grain rich in fibre, antioxidants, vitamins, and protein. It features a low Glycemic Index (GI) and lower, easier-to-digest gluten, making it popular for diabetic diets and better digestion."", ""productImage"": ""https://erp.tpci.in/frontend/exhibitor/product-17846388228750802.jpg?68.57200615906343""}, {""productName"": ""Durum Wheat Semolina"", ""description"": ""Produced from carefully selected wheat grains, our semolina is hygienically processed to ensure uniform texture, purity, and consistent quality for safe consumption."", ""productImage"": ""https://erp.tpci.in/frontend/exhibitor/product-178463882214296036.jpg?63.26910952410578""}, {""productName"": ""Hulled Wheat (Harees)"", ""description"": ""Processed from quality wheat using controlled methods, our hulled wheat meets food safety standards and is supplied in customised packaging."", ""productImage"": ""https://erp.tpci.in/frontend/exhibitor/product-178463882292153499.jpg?10.629532216703083""}, {""productName"": ""Sharbati Wheat"", ""description"": ""A premium long-grain wheat variety, rich in protein and gluten. Processed under strict quality standards."", ""productImage"": ""https://erp.tpci.in/frontend/exhibitor/product-178463882232377228.jpg?63.34033558456258""}, {""productName"": ""Wheat Dalia (Lapsi)"", ""description"": ""We manufacture and export high-quality wheat dalia, processed as per food and nutrition standards and offered in customised packaging at industry-leading prices."", ""productImage"": ""https://erp.tpci.in/frontend/exhibitor/product-178463882259519496.jpg?84.81308434606817""}, {""productName"": ""Maize / Corn Grits"", ""description"": ""Uniformly sized corn granules made from premium-quality maize, ideal for extrusion processing. They deliver excellent expansion, crisp texture, and consistent taste in ready-to-eat snack products."", ""productImage"": ""https://erp.tpci.in/frontend/exhibitor/product-178463882232895339.jpg?34.0444180500176""}, {""productName"": ""Rajgira Seed (Amaranth)"", ""description"": ""High-protein amaranth seeds, carefully cleaned and colour sorted using advanced technology to ensure purity. Widely used for fasting foods and traditional snacks."", ""productImage"": ""https://erp.tpci.in/frontend/exhibitor/product-178463882220544639.jpg?15.782840285247973""}, {""productName"": ""Green Millet"", ""description"": ""Food-grade green millet seeds, machine cleaned and colour sorted to ensure superior quality. Supplied as per buyer specifications."", ""productImage"": ""https://erp.tpci.in/frontend/exhibitor/product-178463882259624928.jpg?76.78095034955157""}, {""productName"": ""Wada Kolam Rice"", ""description"": ""A premium medium-grain rice with a distinctive fragrance and soft, fluffy texture after cooking. Ideal for daily meals and traditional dishes."", ""productImage"": ""https://erp.tpci.in/frontend/exhibitor/product-178463882226533848.jpg?36.55623396537847""}, {""productName"": ""Idli Rava (Rice Rava)"", ""description"": ""High-quality rice rava with uniform particle size, ideal for South Indian foods and ready-to-eat or instant mix manufacturing."", ""productImage"": ""https://erp.tpci.in/frontend/exhibitor/product-178463882242203031.jpg?52.43832185160212""}, {""productName"": ""Rice Flour"", ""description"": ""Carefully processed rice flour made from selected polished rice, suitable for bulk supply with consistent quality and hygiene standards."", ""productImage"": ""https://erp.tpci.in/frontend/exhibitor/product-178463882244723592.jpg?52.5229104352397""}]","{""Food Ingredients"": [""Food Ingredients""], ""Rice, Pulses, Grains, Spices and Commodities"": [""Rice, Pulses, Grains, Spices and Commodities""]}",E-04A,2,www.jagdishricemill.com,"212, GIDC, KANSARI",KHAMBHAT,Gujarat,India,388630,AAZPT3283H,9825045262,https://www.facebook.com/,https://www.linkedin.com/home?originalSubdomain=in,https://www.twitter.com/,https://www.youtube.com/,http://www.instagram.com/jagdish_agropro,100000,"Distributor,exporter,importer","JAGDISH GROUP IS ONE OF THE REPUTED MANUFACTURER & SUPPLIER OF RICE & DURUM WHEAT, MAIZE BASED PRODUCTS AT KHAMBHAT (GUJARAT).ESTABLISHED IN THE YEAR 1991, WE, ""JAGDISH RICE MILL"" ARE ONE OF THE LEADING MANUFACTURES AND SUPPLIERS OF RICE, DURUM WHEAT, SAMBA WHEAT, PULSES AND THEIR PRODUCTS.

WE ARE COMMITTED TO SUPPLY THE BEST QUALITY OF PRODUCTS TO OUR CUSTOMERS AND FOR THAT WE KEEP CONSTANT CHECK OF THE PRODUCTS AT EACH STAGE OF THE PRODUCTION PROCESS.",https://erp.tpci.in/images/upload/company_logo/Exhibitor-Logo-6812.jpg?rand=89122,https://erp.tpci.in/uploads/ex_docs/6812/Jagdish Brochure  2026.pdf0ceeafbf63abee925e675da1f6612239_6a5f5ff169d95.pdf,01,"[{""id"": ""11992"", ""description"": ""gst"", ""link"": ""https://erp.tpci.in//frontend/exhibitor/251390d8c201c0495f124043220f0370_6a5f600e62dc7.pdf""}]",,"[{""type"": ""youtube"", ""video_url"": ""https://youtu.be/L0CpN48omD0?si=3Qg5Akrn9O5s_mTy"", ""title"": ""JAGDISH AGROPRO PRIVATE LIMITED"", ""description"": ""\""Jagdish Agropro Pvt Ltd\"" is group company of \""Jagdish Rice Mill\"" which was established in the year 1991, an FSSC 22000, ISO 22000 and HALAL Certified Company has attained a top reputation in the market for manufacturing, supplying and exporting an outstanding range of Rice, Rice Products, Wheat, Durum Wheat Products, Samba Wheat & its Variants & Other Products.""}]"
ZjliMjkwM2VjN2IxYTc2OTo1ZjYzMGViOTA5ZjE5MzAyMzk0NzkyZmFhMjYwYTEyNjAwZmE1ZTA4OldTTmNKelV3OGlQeDNwamNOQW1qWVE9PQ==,Jagyanti Industries Private Limited,Public Limited,SWAPNIL JOSHI,Manufacturer Exporter,Food & Agri Products,"{""Frozen, Ready to Eat & Ready to Cook Food"": [""Frozen, Ready to Eat & Ready to Cook Food""], ""Organic, Natural & Ethical Foods"": [""Organic, Natural & Ethical Foods""], ""Rice, Pulses, Grains, Spices and Commodities"": [""Rice, Pulses, Grains, Spices and Commodities""]}","[{""productName"": ""Beetroot Powder "", ""description"": ""Beetroot Powder is prepared from A Grade fresh Indian origin Beetroots under controlled and hygienic environment .  Quality and hygiene norms of Indians and international standard are strictly followed in processing . .Product is 100% Natural, 100% pure, Gluten Free , without any preservative or che"", ""productImage"": ""https://erp.tpci.in/frontend/exhibitor/product-178410409244899588.jpg?36.223490104287386""}, {""productName"": ""Dried carrot "", ""description"": ""Dried carrot is prepared from A Grade fresh Indian origin under controlled and hygienic environment .  Quality and hygiene norms of Indians and international standard are strictly followed in processing . .Product is 100% Natural, 100% pure, Gluten Free , without any preservative or che"", ""productImage"": ""https://erp.tpci.in/frontend/exhibitor/product-178410409218266310.jpg?88.27604454781492""}, {""productName"": ""Dried Tomato "", ""description"": ""Dried tomato is prepared from A Grade fresh Indian origin under controlled and hygienic environment .  Quality and hygiene norms of Indians and international standard are strictly followed in processing . .Product is 100% Natural, 100% pure, Gluten Free , without any preservative or che"", ""productImage"": ""https://erp.tpci.in/frontend/exhibitor/product-178410409249740883.jpg?32.70975549957692""}, {""productName"": ""Okra powder "", ""description"": ""Dried OKRA powder  is prepared from A Grade fresh Indian origin under controlled and hygienic environment .  Quality and hygiene norms of Indians and international standard are strictly followed in processing . .Product is 100% Natural, 100% pure, Gluten Free , without any preservative or che"", ""productImage"": ""https://erp.tpci.in/frontend/exhibitor/product-1784104092401788.jpg?98.72064692780435""}, {""productName"": ""Dehydrated Green Chilli "", ""description"": ""Dried green chili  is prepared from A Grade fresh Indian origin under controlled and hygienic environment .  Quality and hygiene norms of Indians and international standard are strictly followed in processing . .Product is 100% Natural, 100% pure, Gluten Free , without any preservative or che"", ""productImage"": ""https://erp.tpci.in/frontend/exhibitor/product-178410409271540812.jpg?95.47397121365552""}, {""productName"": ""Dehydrated Ginger "", ""description"": ""Dried Ginger is prepared from A Grade fresh Indian origin under controlled and hygienic environment .  Quality and hygiene norms of Indians and international standard are strictly followed in processing . .Product is 100% Natural, 100% pure, Gluten Free , without any preservative or che"", ""productImage"": ""https://erp.tpci.in/frontend/exhibitor/product-178410409277924004.jpg?81.20791835822902""}, {""productName"": ""Dehydrated Garlic "", ""description"": ""Dried Garlic  is prepared from A Grade fresh Indian origin under controlled and hygienic environment .  Quality and hygiene norms of Indians and international standard are strictly followed in processing . .Product is 100% Natural, 100% pure, Gluten Free , without any preservative or che"", ""productImage"": ""https://erp.tpci.in/frontend/exhibitor/product-178410409263208997.jpg?19.617681223543066""}]","{""Frozen, Ready to Eat & Ready to Cook Food"": [""Frozen, Ready to Eat & Ready to Cook Food""], ""Organic, Natural & Ethical Foods"": [""Organic, Natural & Ethical Foods""], ""Rice, Pulses, Grains, Spices and Commodities"": [""Rice, Pulses, Grains, Spices and Commodities""]}",B-10,2,https://jagyantiindustries.com/,"A-179, SILICON CITY, BEHIND CLUB HOUSE",INDORE,Madhya Pradesh,India,452012,AAFCJ1719B,9131145030,http://www.facebook.com/JagyantiIndustries,https://www.linkedin.com/home?originalSubdomain=in,https://www.twitter.com/,http://www.youtube.com//@jagyantiindustries5176,http://www.instagram.com/JagyantiIndustries,1000,"Distributor,exporter,importer,jv","JAGYANTI INDUSTRIES IS THE NAME YOU CAN TRUST. THE NAME WHERE “HIGH QUALITY IS THE TOP PRIORITY, AND SUPERIOR SERVICE IS THE GREATEST CONCERN”
COMPANY IS WELL KNOWN FOR DELIVERING QUALITY PRODUCT WITH ASSURANCE TO PRESERVE ITS NATURAL TASTE

WE ARE ACTIVELY ENGAGED IN MANUFACTURING, WHOLESALING AND SUPPLYING AN EXCELLENT QUALITY GRADE OF DEHYDRATED VEGETABLES, DEHYDRATED FRUITS, VEGETABLE POWDER, HERBS, SPICES ETC. THE FOOD ITEMS OFFERED BY US ARE EXTENSIVELY USED IN KITCHENS FOR GARNISHING AND ADDING TASTE & COLOURS TO THE FOOD.",https://erp.tpci.in/images/upload/company_logo/Exhibitor-Logo-6582_6a574800eef07.png?rand=72372,https://erp.tpci.in/uploads/ex_docs/6582/Jagyanti Industries Product Catlogue-1.pdf1060365044790870cc903646a94fe3ba_6a574836acecc.pdf,02,"[{""id"": ""11741"", ""description"": ""HACCP"", ""link"": ""https://erp.tpci.in//frontend/exhibitor/daeff0544c555fd612e2864971c5e3e5_6a3e06e00a788.pdf""}, {""id"": ""11742"", ""description"": ""FSSAI"", ""link"": ""https://erp.tpci.in//frontend/exhibitor/415b4eec11557c0dab24842ac3eed923_6a3e07141bd3c.pdf""}]",,[]
OGE4ZmY4N2VjNjQxZGM3NDphMGI0MWU3YTMxYWM3ZjhkZmMzNzhiMmI3Y2RhMTNhMzE3ZDIxYjU1OkI4M0xWZG5DL0lkV0hPc1pweDlhaUE9PQ==,Janta Tavdawala,Proprietor,MAHESH DONGA,Manufacturer,Food & Agri Products,"{""Dairy"": [""Dairy""], ""Food Ingredients"": [""Food Ingredients""]}",[],"{""Dairy"": [""Dairy""], ""Food Ingredients"": [""Food Ingredients""]}",D-12,2,https://www.google.com,"1ST FLOOR, 74175, SIDDHI VINAYAK IND. EST., KHOLVAD ROAD, LASKANA",SURAT,Gujarat,India,394190,AHYPD6361L,+917827751998,https://www.facebook.com/,https://www.linkedin.com/home?originalSubdomain=in,https://www.twitter.com/,https://www.youtube.com/,https://www.twitter.com/,1000,"Distributor,exporter,importer",JANTA TAVDAWALA,https://erp.tpci.in/images/upload/company_logo/Exhibitor-Logo-6679.png?rand=24266,,0,[],,[]
YTgxZTVjYjhmN2IwNTdmYTpjYTEzODU1N2UyMjRjODY3NDY1OGExYzIyM2NkOWJlMmE3NjVmNDk0OnNYbzAzZi9VSGJFd2hSd2FkYnRSNUE9PQ==,Jivraj Tea International Pvt. Ltd.,Private Limited,RAHUL THAKKAR,Manufacturer Exporter,Food & Agri Products,"{""Beverage & Hot Drinks"": [""Beverage & Hot Drinks""]}",[],"{""Beverage & Hot Drinks"": [""Beverage & Hot Drinks""]}",,,https://www.google.com,"5/258-259 JIVRAJ CHAMBERS, RUWALA TEKRA, BHAGAL",SURAT,Gujarat,India,395003,AAECJ7960P,+917827751998,https://www.facebook.com/,https://www.linkedin.com/home?originalSubdomain=in,https://www.twitter.com/,https://www.youtube.com/,https://www.twitter.com/,1000,"Distributor,importer",JIVRAJ TEA INTERNATIONAL PVT. LTD.,https://erp.tpci.in/images/upload/company_logo/Exhibitor-Logo-6664_6a5f4fd032bf4.jpeg?rand=12876,,0,[],,[]
YzQxZTI3MjZjODQwZGU2MDo0YTE5NGU3NDA0YWM2YzhhOTk3YWRkZjU1N2NhNzc2Njg2YmI3ZjI1OlFKM1pGUzd3Y1prU09hRHBKS252MUE9PQ==,Johar Highlands,Proprietor,PRATHISHTHA V JOHAR,Manufacturer,Food & Agri Products,"{""Food Ingredients"": [""Food Ingredients""], ""Health Food, Free From & Super Food"": [""Health Food, Free From & Super Food""], ""Organic, Natural & Ethical Foods"": [""Organic, Natural & Ethical Foods""], ""Sweets & Confectionery"": [""Sweets & Confectionery""]}","[{""productName"": ""HIGHLAND FOREST SULAI WHITE HONEY"", ""description"": ""Pure, raw Sulai White Honey harvested from the pristine rare highland forests of Jammu & Kashmir from a wild indigenous tulsi flower. Naturally light, delicately floral, and unprocessed to preserve its authentic taste, aroma, and nutritional goodness."", ""productImage"": ""https://erp.tpci.in/frontend/exhibitor/product-178427781393011591.jpg?76.29798546088672""}, {""productName"": ""HIGHLAND FOREST ACACIA HONEY"", ""description"": ""Premium Acacia Honey sourced from the untouched forests of Jammu & Kashmir. Naturally golden, mild, and slow to crystallize, offering exceptional purity, smooth taste, and wholesome nutrition."", ""productImage"": ""https://erp.tpci.in/frontend/exhibitor/product-178427781368134722.jpg?57.00774514768994""}, {""productName"": ""HIGHLAND FOREST MULTIFLORA HONEY"", ""description"": ""Pure, raw Wild Multiflora Honey harvested from the diverse wildflowers of Jammu & Kashmir's pristine forests. Rich in natural antioxidants, enzymes, and floral goodness for authentic taste and wholesome nutrition."", ""productImage"": ""https://erp.tpci.in/frontend/exhibitor/product-178427781398145730.jpg?56.144772429154045""}]","{""Food Ingredients"": [""Food Ingredients""], ""Health Food, Free From & Super Food"": [""Health Food, Free From & Super Food""], ""Organic, Natural & Ethical Foods"": [""Organic, Natural & Ethical Foods""], ""Sweets & Confectionery"": [""Sweets & Confectionery""]}",B-05,2,www.joharhighlands.com,104/4 UPPER ROOPNAGAR JAMMU,JAMMU,Jammu And Kashmir,,180013,ACIPJ8305K,6006653516,https://www.facebook.com/,https://www.linkedin.com/home?originalSubdomain=in,https://www.twitter.com/,https://www.youtube.com/,http://www.instagram.com/joharhighlands_/,3000,"Distributor,exporter,market Servey",JOHAR HIGHLANDS,https://erp.tpci.in/images/upload/company_logo/Exhibitor-Logo-6778_6a58c7326e0ad.png?rand=30279,https://erp.tpci.in/uploads/ex_docs/6778/JOHAR HIGHLANDS_BROCHURE.pdfabba1a67383c85f11c75e90f6c2ad910_6a59e831586e7.pdf,0,[],,[]
MWRlNTUyYzhiNGE1NDE2ODo3YTJkYWM1ZmE0ZTg3YjY0YTgwNDM0N2ZmMjE3MTQyNDJhZWZhYmJlOjJmWHJJcjczYTNsNzM4ZnNrUWtlcFE9PQ==,Joy Pack India Private Limited,Private Limited,PRADEEP KUMAR,Manufacturer,Printing & Packaging Products & Machinery,"{""Food Processing & Packaging Machinery"": [""Food Processing & Packaging Machinery""]}","[{""productName"": ""AUTOMATIC SHRINK MACHINE"", ""description"": ""AUTOMATIC SHRINK MACHINE"", ""productImage"": ""https://erp.tpci.in/frontend/exhibitor/product-178332790129504273.jpg?11.137506934942218""}, {""productName"": ""COMBO STRAPPING TAPPING MACHINE"", ""description"": ""COMBO STRAPPING TAPPING MACHINE"", ""productImage"": ""https://erp.tpci.in/frontend/exhibitor/product-178332790194415603.jpg?19.172541535620148""}, {""productName"": ""SEALING MACHINE"", ""description"": ""SEALING MACHINE"", ""productImage"": ""https://erp.tpci.in/frontend/exhibitor/product-178332790140670779.jpg?62.4501899466386""}, {""productName"": ""SHRINK MACHINE"", ""description"": ""SHRINK MACHINE"", ""productImage"": ""https://erp.tpci.in/frontend/exhibitor/product-178332790187123482.jpg?54.73332819969703""}, {""productName"": ""TAPPING MACHINE"", ""description"": ""TAPPING MACHINE"", ""productImage"": ""https://erp.tpci.in/frontend/exhibitor/product-178332790123234137.jpg?86.31607423193387""}]","{""Food Processing & Packaging Machinery"": [""Food Processing & Packaging Machinery""]}",B-32,2,https://www.joypack.com,"B-25, BHAGAT SINGH PARK, SIRASPUR, DELHI-110042",DELHI,Delhi,India,110042,AACCJ0762D,+917827751998,https://www.facebook.com/,https://www.linkedin.com/home?originalSubdomain=in,https://www.twitter.com/,https://www.youtube.com/,https://www.twitter.com/,1000,"Distributor,exporter,importer","WE JOY PACK (INDIA) PVT. LTD. ARE RELATED TO THE PROVISION OF OFFERING INNOVATIVE AND INTEGRATED PACKING SOLUTIONS OF AUTOMATIC PACKAGING MACHINES ACROSS VARIED MARKET SEGMENTS, ENCOMPASSING AUTOMATIC SHRINK PACKAGING MACHINES WHICH ARE ABLE TO PERFORM OPTIMALLY ALL REQUIRED PACKING PROCESSES STRADDLING WRAPPING, SEALING &  SEVERING WITH CONSISTENTLY BETTER-QUALITY OUTPUT.",https://erp.tpci.in/images/upload/company_logo/Exhibitor-Logo-6559.jpeg?rand=44219,https://erp.tpci.in/uploads/ex_docs/6559/JOYPACK INDIA PVT. LTD.----COMPANY PROFILE.pdf2cb758118245e3f64ae703c2e86883fb_6a436234454f3.pdf,01,"[{""id"": ""11745"", ""description"": ""PRODUCT CRETIFICATIONS"", ""link"": ""https://erp.tpci.in//frontend/exhibitor/84a41a5f4d0d2005efa2fa3ffd9789a0_6a439d2db765c.pdf""}]",,[]
ZDRjNWMyMDQ3ZDM5OTU4MjpkYzNlM2E1ZDRmZjRkMDBjMTk0OWI1YjMzNzJjMzllODdkZTkwOWIwOlE4cDI3Zzg1a0Qvd1F5TVkvNHZoS3c9PQ==,Jr Spices & Seeds,Proprietor,JIGNESH PANCHAL,Manufacturer,Food & Agri Products,"{""Rice, Pulses, Grains, Spices and Commodities"": [""Rice, Pulses, Grains, Spices and Commodities""]}",[],"{""Rice, Pulses, Grains, Spices and Commodities"": [""Rice, Pulses, Grains, Spices and Commodities""]}",A-50A,2,https://jrspices.co.in/,"GROUND FLOOR, GIDC, PLOT NO. 50, NEAR P.N. INDUSTRIES MILL, NEAR RALWE FATAK, GISC AREA, DEESA",BANASKANTHA,Gujarat,India,385535,CDKPP5737N,9998209503,https://www.facebook.com/,https://www.linkedin.com/home?originalSubdomain=in,https://www.twitter.com/,https://www.youtube.com/,https://www.twitter.com/,1000,"Distributor,exporter,importer",JR SPICES & SEEDS,https://erp.tpci.in/images/upload/company_logo/Exhibitor-Logo-6695.png?rand=90569,,0,[],,[]
NzY5OTkyYTQxZDE1ZGUyZjozYTg4ODRkMWM1MTgzZGQxOTI5ODEyOTEyNGQ0MjIzY2ZiNzUyMWJmOndsYnRBaHJnajVLU2FmVisySWNpRmc9PQ==,K.i.z. Foods Private Limited,Private Limited,ZARDAR BADAMI,Manufacturer Exporter,Food & Agri Products,"{""Dry Fruits & Nuts"": [""Dry Fruits & Nuts""], ""Fats & Oils"": [""Fats & Oils""], ""Rice, Pulses, Grains, Spices and Commodities"": [""Rice, Pulses, Grains, Spices and Commodities""]}","[{""productName"": ""Blazing Ghost Chilli sauce"", ""description"": ""An intensely hot ghost chilli sauce crafted for true spice lovers. Packed with fiery heat and bold flavor, it's perfect for adding an explosive kick to grilled meats, burgers, wings, tacos, noodles, pizzas, and your favorite snacks."", ""productImage"": ""https://erp.tpci.in/frontend/exhibitor/product-178453602123129104.jpg?63.23780674788897""}, {""productName"": ""Burning Green chilli sauce"", ""description"": ""A vibrant green chilli sauce with a bold, fiery kick and fresh chili flavor. Perfect for enhancing burgers, wraps, sandwiches, grilled dishes, noodles, momos, and snacks with a burst of spicy heat."", ""productImage"": ""https://erp.tpci.in/frontend/exhibitor/product-178453602167748467.jpg?59.27375532619074""}, {""productName"": ""Flaming Orange chilli Garlic sauce"", ""description"": ""A bold fusion of zesty orange, fiery chilli, and aromatic garlic, delivering the perfect balance of citrusy freshness and spicy heat. Ideal for dipping, marinating, glazing, or adding a flavorful kick to grilled meats, seafood, noodles, stir-fries, and snacks."", ""productImage"": ""https://erp.tpci.in/frontend/exhibitor/product-178453602112848320.jpg?6.655359460651278""}, {""productName"": ""Fiery Red chilli sauce"", ""description"": ""A bold and spicy red chilli sauce made from premium red chillies for an intense burst of heat and rich flavor. Perfect for dipping, cooking, marinating, or adding a fiery touch to burgers, sandwiches, noodles, stir-fries, grilled dishes, and snacks."", ""productImage"": ""https://erp.tpci.in/frontend/exhibitor/product-17845360217457821.jpg?55.45553439804868""}, {""productName"": ""Crispy fried onions"", ""description"": ""Golden, crispy fried onions made from carefully selected premium onions, delivering a rich, savory flavor and irresistible crunch. Perfect as a topping for burgers, sandwiches, biryanis, salads, soups, pizzas, wraps, and a wide variety of savory dishes."", ""productImage"": ""https://erp.tpci.in/frontend/exhibitor/product-178453602157753319.jpg?57.31159668165407""}, {""productName"": ""Red Sliced Onions"", ""description"": ""Premium-quality red onions, freshly sliced and carefully processed to preserve their natural flavor, vibrant color, and crisp texture. Ideal for burgers, sandwiches, wraps, salads, pizzas, tacos, and a variety of foodservice and culinary applications."", ""productImage"": ""https://erp.tpci.in/frontend/exhibitor/product-178453602128970596.jpg?20.19138328748884""}, {""productName"": ""Caramelized Onions"", ""description"": ""Slow-cooked premium onions with a rich golden-brown color, natural sweetness, and deep savory flavor. Perfect for burgers, sandwiches, pizzas, wraps, steaks, gourmet dishes, sauces, and a wide range of culinary applications."", ""productImage"": ""https://erp.tpci.in/frontend/exhibitor/product-178453602154759404.jpg?29.022129465846465""}, {""productName"": ""Extra Virgin Olive Oil"", ""description"": ""Premium Extra Virgin Olive Oil, cold-extracted from carefully selected olives to preserve its rich aroma, fruity flavor, and natural antioxidants. Perfect for salads, dressings, marinades, dipping, cooking, and enhancing a wide variety of Mediterranean and everyday dishes."", ""productImage"": ""https://erp.tpci.in/frontend/exhibitor/product-178453602178853485.jpg?84.5365005401303""}, {""productName"": ""Olive Pomace Oil"", ""description"": ""High-quality Olive Pomace Oil with a mild flavor and excellent cooking performance. Ideal for frying, sautéing, roasting, baking, and everyday cooking, offering a light taste and high heat stability for a wide range of culinary applications."", ""productImage"": ""https://erp.tpci.in/frontend/exhibitor/product-178453602169031688.jpg?35.61611737647664""}, {""productName"": ""Basmati Rice "", ""description"": ""Premium Basmati Rice known for its long, slender grains, delicate aroma, and fluffy texture after cooking. Perfect for biryanis, pilafs, fried rice, and a variety of traditional and international cuisines."", ""productImage"": ""https://erp.tpci.in/frontend/exhibitor/product-178453602159411459.jpg?24.471088335356757""}, {""productName"": ""Chilli Garlic Sauce"", ""description"": ""A bold blend of spicy red chillies and aromatic garlic, delivering the perfect balance of heat and rich flavor. Ideal for dipping, cooking, marinating, stir-fries, noodles, burgers, sandwiches, grilled dishes, and a variety of snacks."", ""productImage"": ""https://erp.tpci.in/frontend/exhibitor/product-178453602163547223.jpg?15.50709262071838""}, {""productName"": ""Hot Chilli sauce "", ""description"": ""A bold and fiery chilli sauce crafted to deliver intense heat and rich flavor. Perfect for dipping, cooking, marinating, or adding a spicy kick to burgers, sandwiches, pizzas, noodles, grilled dishes, and your favorite snacks."", ""productImage"": ""https://erp.tpci.in/frontend/exhibitor/product-178453602144461852.jpg?4.122201170886123""}, {""productName"": ""Teriyaki Sauce"", ""description"": ""A rich and savory Japanese-style sauce with the perfect balance of sweet and umami flavors. Ideal for marinating, glazing, stir-frying, and enhancing chicken, seafood, vegetables, noodles, rice, and grilled dishes."", ""productImage"": ""https://erp.tpci.in/frontend/exhibitor/product-17845360213285785.jpg?74.08973106563998""}, {""productName"": ""Sriracha Chilli Sauce"", ""description"": ""A bold and flavorful Sriracha-style sauce made with sun-ripened red chillies, garlic, and a hint of sweetness. Perfect for dipping, drizzling, marinating, or adding a spicy kick to burgers, sandwiches, noodles, pizzas, eggs, and grilled dishes."", ""productImage"": ""https://erp.tpci.in/frontend/exhibitor/product-178453602140920524.jpg?58.08205488890601""}, {""productName"": ""Soy Sauce"", ""description"": ""A rich and savory soy sauce with a balanced umami flavor, perfect for seasoning, marinating, stir-frying, dipping, and enhancing the taste of noodles, rice, sushi, seafood, vegetables, and a variety of Asian-inspired dishes."", ""productImage"": ""https://erp.tpci.in/frontend/exhibitor/product-178453602184273886.jpg?68.14108432097461""}, {""productName"": ""Sichuan Sauce "", ""description"": ""A bold and spicy Sichuan-style sauce with a rich blend of chillies, garlic, and aromatic spices, delivering an authentic hot and tangy flavor. Perfect for dipping, stir-frying, marinating, noodles, fried rice, momos, spring rolls, and grilled dishes."", ""productImage"": ""https://erp.tpci.in/frontend/exhibitor/product-178453602143879412.jpg?66.45926001151955""}, {""productName"": ""Tamarind Sauce"", ""description"": ""A delicious blend of tangy tamarind and subtle sweetness, offering a rich, authentic flavor. Perfect as a dip, marinade, or condiment for chaats, samosas, pakoras, grilled dishes, wraps, and a variety of Indian and international cuisines."", ""productImage"": ""https://erp.tpci.in/frontend/exhibitor/product-178453602166442137.jpg?27.873050168038393""}, {""productName"": ""Black Whole Olives"", ""description"": ""Premium whole black olives, carefully selected for their rich flavor, smooth texture, and natural goodness. Perfect for salads, pizzas, pasta, antipasti, sandwiches, Mediterranean dishes, and gourmet recipes."", ""productImage"": ""https://erp.tpci.in/frontend/exhibitor/product-178453602130393947.jpg?39.98747387899782""}, {""productName"": ""Green Whole Olives "", ""description"": ""Premium whole green olives, carefully selected for their firm texture, fresh taste, and authentic Mediterranean flavor. Perfect for salads, pizzas, pasta, antipasti, sandwiches, charcuterie boards, and a variety of gourmet dishes."", ""productImage"": ""https://erp.tpci.in/frontend/exhibitor/product-178453602143268616.jpg?16.31822196423842""}, {""productName"": ""Coffee"", ""description"": ""Premium-quality coffee crafted from carefully selected beans to deliver a rich aroma, smooth taste, and full-bodied flavor. Perfect for enjoying as a refreshing hot or cold beverage at any time of the day."", ""productImage"": ""https://erp.tpci.in/frontend/exhibitor/product-178453602144133798.jpg?61.628691257563126""}, {""productName"": ""Garlic Sauce"", ""description"": ""A creamy and flavorful garlic sauce made with the rich taste of premium garlic for a smooth, savory finish. Perfect for dipping, spreading, marinating, or enhancing burgers, sandwiches, wraps, grilled meats, shawarma, fries, pizzas, and snacks."", ""productImage"": ""https://erp.tpci.in/frontend/exhibitor/product-178453602124108613.jpg?59.18879346846491""}]","{""Dry Fruits & Nuts"": [""Dry Fruits & Nuts""], ""Fats & Oils"": [""Fats & Oils""], ""Rice, Pulses, Grains, Spices and Commodities"": [""Rice, Pulses, Grains, Spices and Commodities""]}",E-31,2,https://www.kizfoods.com/,"SURVEY NO. 199, MAHUVA SAVARKUNDLA ROAD, VILLAGE TAVEDA",MAHUVA,Gujarat,,364290,AADCK5664Q,+917827751998,https://www.facebook.com/,https://www.linkedin.com/home?originalSubdomain=in,https://www.twitter.com/,https://www.youtube.com/,https://www.twitter.com/,1000,"Distributor,importer",K.I.Z. FOODS PRIVATE LIMITED,https://erp.tpci.in/images/upload/company_logo/Exhibitor-Logo-6629_6a5b08ec21904.png?rand=10454,,0,[],,[]
ZDk5OWIwNTZkZjBjMDdkZjphMTA5NzQzNTBlM2VhYjNjYWVjMTc0NWU1Y2M5NDAyMWQ1YjJhOTEyOmU5NVM1VmdCd05RTVczY0JpSFJ6QVE9PQ==,Kanwal Foods And Spices Pvt Ltd,Proprietor,UMER,Manufacturer Exporter,Food & Agri Products,"{""Food Processing & Packaging Machinery"": [""Food Processing & Packaging Machinery""], ""Rice, Pulses, Grains, Spices and Commodities"": [""Rice, Pulses, Grains, Spices and Commodities""]}","[{""productName"": ""Kanwal Kashmiri Shahi Qehwa"", ""description"": ""The qehwa tea contains important ingredients including Saffron, Cinnamon, Gimger, Cardamom which increases the delight of sipping the recipe.Kanwal Shahi qehwa improves immunity and gives instant energy even in severe winter."", ""productImage"": ""https://erp.tpci.in/frontend/exhibitor/product-17843742815451105.jpg?94.2503383329607""}, {""productName"": ""Saffron"", ""description"": ""The kashmiri Saffron Mongra is considered the best quality of Saffron in the world because of its aroma,strong flavor and its dark maroon purple colouring effect."", ""productImage"": ""https://erp.tpci.in/frontend/exhibitor/product-178437428124818677.jpg?72.04439171780311""}, {""productName"": ""Red Chilli Powder"", ""description"": ""Kashmiri chillies are known for their bright red colour and moderate pungency ,actively used in high class industrial and processed products.Kashmiri lal mirch is also known by a typical name as deggi mirch."", ""productImage"": ""https://erp.tpci.in/frontend/exhibitor/product-178437428123792207.jpg?77.4709466634979""}, {""productName"": ""Kanwal Kashmiri Masala Tikki (Waer)"", ""description"": ""Masala Tikki also known as werr in Kashmir and abundantly used in kashmiri kitchen is a completely wet masala for any vegeterian or non-vegetarian preparations."", ""productImage"": ""https://erp.tpci.in/frontend/exhibitor/product-178437428181732319.jpg?71.2215612374447""}]","{""Food Processing & Packaging Machinery"": [""Food Processing & Packaging Machinery""], ""Rice, Pulses, Grains, Spices and Commodities"": [""Rice, Pulses, Grains, Spices and Commodities""]}",A-39,2,https://www.indiamart.com/kanwal-spices/aboutus.html,BARI BRAHMNA,JAMMU,Jammu And Kashmir,India,181133,AFQPC3469J,+917827751998,https://www.facebook.com/,https://www.linkedin.com/home?originalSubdomain=in,https://www.twitter.com/,https://www.youtube.com/,https://www.twitter.com/,00,"Distributor,exporter","KANWAL FOODS & SPICES (I) PVT. LTD IS A BRAND LEADER IN FMCG SECTOR MAINLY IN SPICE TRADE IN THE STATE OF J&K. IT IS A PRIVATE LIMITED COMPANY AND HAS ITS MAJOR MANUFACTURING AND PROCESSING FACILITIES AT ANANTNAG, SRINAGAR, JAMMU, DELHI AND BANGALORE. IT IS A REPUTED NAME IN THE WORLD OF SPICE TRADE ESPECIALLY THAT OF BLEND SPICES, INSTANT MIXES, KASHMIRI SAFFRON ETC.",https://erp.tpci.in/images/upload/company_logo/Exhibitor-Logo-6797.jpg?rand=28222,https://erp.tpci.in/uploads/ex_docs/6797/KANWAL e- CATALOGUE (1)(1)(pdfgear.com).pdf3dc80e80e9d0d2dadff01fe98d9a9a94_6a5b6b3ab3858.pdf,01,"[{""id"": ""11945"", ""description"": ""gst"", ""link"": ""https://erp.tpci.in//frontend/exhibitor/a2870533b5656604f398d43191d33098_6a5b6b4a54b69.pdf""}]",,[]
YTBkNWUyOTg0OWNjMzQzMzo0MDUzMDQ1MDZkOTY4OGZmZmM3NmM0MTAwNzc1OGE1YjliYWFlODMwOkp0WDVMcEZOYmRqVFZxZ1VKbEVsU3c9PQ==,Karachi Inc,Partnership,GOPAL PUNJABI,Manufacturer Exporter,Food & Agri Products,"{""Bakery & Breads"": [""Bakery & Breads""], ""Sweets & Confectionery"": [""Sweets & Confectionery""]}","[{""productName"": ""Premium Fruit Biscuit"", ""description"": ""Premium Fruit Biscuit"", ""productImage"": ""https://erp.tpci.in/frontend/exhibitor/product-17807277569124740.jpg?55.122970747875954""}, {""productName"": ""Osmania Biscuit"", ""description"": ""Osmania Biscuit"", ""productImage"": ""https://erp.tpci.in/frontend/exhibitor/product-17807277562223895.jpg?17.013990522375323""}, {""productName"": ""Cashew Biscuit"", ""description"": ""Cashew Biscuit"", ""productImage"": ""https://erp.tpci.in/frontend/exhibitor/product-178072775645056744.jpg?19.701043441613244""}, {""productName"": ""Pista Biscuit"", ""description"": ""Pista Biscuit"", ""productImage"": ""https://erp.tpci.in/frontend/exhibitor/product-178072775690198642.jpg?47.46324871430476""}, {""productName"": ""Choconuts Biscuit"", ""description"": ""Choconuts Biscuit"", ""productImage"": ""https://erp.tpci.in/frontend/exhibitor/product-178072775651035266.jpg?78.21311632004857""}]","{""Bakery & Breads"": [""Bakery & Breads""], ""Sweets & Confectionery"": [""Sweets & Confectionery""]}",C-30,2,https://www.karachibakery.com,"KHANCHAND TOWERS, ROAD NO 1, BANJARA HILLS",HYDERABAD,Telangana,India,500034,AALFK5232D,8341161980,http://www.facebook.com/KarachiBakery/,http://www.linkedin.com/company/karachi-bakery-group-of-companies/,https://www.twitter.com/,https://www.youtube.com/,http://www.instagram.com/karachibakery,1000,"Distributor,importer","A STAGGERING CHRONICLE OF SIX DECADES AND STILL GOING STRONG, KARACHI BAKERY HAS EMERGED AS A ""TRUE ICON OF HYDERABAD BAKING"" WITH A REPUTATION THAT IS UNMATCHED TO THE CORE. ALWAYS A STEP AHEAD OF COMPETITION, WE FOCUS ON INNOVATION, DEVELOPING NEW PRODUCTS WHILE IMPROVING OUR EXISTING PRODUCTS TO EVOLVING CONSUMER NEEDS. A SUBTLE COMBINATION OF TRADITIONS AND TRENDS, OUR EXTENSIVE COLLECTION OF GREATLY APPETIZING BAKED GOODS AND CONFECTIONS DELIGHTS THE SENSES OF ALL AGE GROUPS AND PEOPLE FROM DIFFERENT WALKS OF LIFE. THE SECRET OF OUR EXCELLENCE LIES IN THE METICULOUS CARE AND DETAILED CRA",https://erp.tpci.in/images/upload/company_logo/Exhibitor-Logo-6569.png?rand=45352,https://erp.tpci.in/uploads/ex_docs/6569/Karachi Bakery - Product Catalogue - 2026 compressed (1).pdfb48e40a691f75aa61455f7edaa9f19e4_6a240999a74a8.pdf,03,"[{""id"": ""11726"", ""description"": ""ISO"", ""link"": ""https://erp.tpci.in//frontend/exhibitor/818d5c05b3a0a3d521e3e79701ded8fd_6a23b9833cf05.pdf""}, {""id"": ""11727"", ""description"": ""Fssai"", ""link"": ""https://erp.tpci.in//frontend/exhibitor/cec0e38d54f6af257dc6fec19934ede0_6a23b99b9f91e.pdf""}, {""id"": ""11728"", ""description"": ""Halal Certificate"", ""link"": ""https://erp.tpci.in//frontend/exhibitor/197b8a5eac7d5a4b496486c0098d5abd_6a23b9b1bf727.pdf""}]",,[]
YTM0Zjc2MmIyZWVmNTQ5Mzo0OTVlMWM5NjU3OTJmNjM2ZGM0YjhhNjlkNTVkMWM0MjA1ZWE5YTc4OktEU1NwbUE2TzF6MXVIZ2dYbkprSXc9PQ==,Kirti Masala Process Pvt. Ltd.,Private Limited,ABBASALI BADRUDDIN SATANI,Manufacturer Exporter,Food & Agri Products,"{""Rice, Pulses, Grains, Spices and Commodities"": [""Rice, Pulses, Grains, Spices and Commodities""]}","[{""productName"": ""Bombay Biryani Masala"", ""description"": ""Diamond's authentic Indian taste - Bombay Biryani Masala"", ""productImage"": ""https://erp.tpci.in/frontend/exhibitor/product-178340665893354392.jpg?18.97339915761109""}, {""productName"": ""Chicken Tandoori Masala"", ""description"": ""Diamond's authentic Indian taste - Chicken Tandoori Masala"", ""productImage"": ""https://erp.tpci.in/frontend/exhibitor/product-178340665894514060.jpg?2.4751417361899666""}, {""productName"": ""Chicken Masala"", ""description"": ""Diamond's authentic Indian taste - Chicken Masala"", ""productImage"": ""https://erp.tpci.in/frontend/exhibitor/product-17834066581156982.jpg?55.45551428148106""}]","{""Rice, Pulses, Grains, Spices and Commodities"": [""Rice, Pulses, Grains, Spices and Commodities""]}",C-31,2,https://www.diamondmasala.co.in/,"GROUND FLOOR,PLOT NO. 194,ODE,DASKROI",AHMEDABAD,Gujarat,,382427,AAFCK1509G,9925248835,http://www.facebook.com/DaimondmasalaIndia?mibextid=ZbWKwL,http://www.linkedin.com/company/diamond-masala,https://www.twitter.com/,http://www.youtube.com/https:/@diamondmasala1863?si=eizLgFVHId4G0yrM,http://www.instagram.com/https:/diamondmasalaindia?igshid=ZDdkNTZiNTM=,10,"Distributor,exporter","THE FINEST AND THE BEST EVER STEMLESS CHILLI POWDER GOES THROUGH VARIOUS STAGES OF PROCESSES BEFORE WE SERVE YOU. THE FINEST CHILLIES ARE PICKED DILIGENTLY AND CLEANED. THEN COMES THE IMPORTANT STAGE WHERE THE STEMS ARE CUT, WHICH ULTIMATELY IMPROVES THE QUALITY AND QUANTITY OF THE CHILLIES AS COMPARED CHILLIES USED IN THE MARKET. IT FURTHER GOES THROUGH SEVERAL QUALITY CONTROL MEASURES, MAINTAINING THE TASTE, COLOR & THE AROMA OF THE CHILLI POWDER. THE PREMIUM DIAMOND GARAM MASALA IS MADE WITH 25 DIFFERENT & UNIQUE CHOSEN WHOLE SPICES.",https://erp.tpci.in/images/upload/company_logo/Exhibitor-Logo-6554_6a475f48b5434.jpg?rand=23209,https://erp.tpci.in/uploads/ex_docs/6554/Diamond Masala Portfolio_ International_2026.pdf6d9079bc630f69e07867be3f30acae5f_6a4c955cd0f8b.pdf,02,"[{""id"": ""11757"", ""description"": ""IEC"", ""link"": ""https://erp.tpci.in//frontend/exhibitor/f5e8ad383cff83a991d8ad67baa958a4_6a4c9589688eb.pdf""}, {""id"": ""11758"", ""description"": ""MSME"", ""link"": ""https://erp.tpci.in//frontend/exhibitor/0e19d3ec9ff1c929125b3c324b884098_6a4c95a801b5d.pdf""}]",,[]
ODZkOWFhZDVmYjE5OGU3Mjo3OGRmYmJlYmJjZGZjZjE2NjE4OTMxMDMzZjEyNjQ3MWEwY2EwNjY4OjdjMHh2bGhJNExGaFFUVnpqb05janc9PQ==,99 Business Media,Proprietor,MS. PARVEEN MEHTA,Service Provider,Food & Agri Products,"{""Digital FoodTech, Traceability & AI"": [""Digital FoodTech, Traceability & AI""]}",[],"{""Digital FoodTech, Traceability & AI"": [""Digital FoodTech, Traceability & AI""]}",F-14,2,https://www.99businessmedia.com/,"1201, 12TH FLOOR, GOPAL  HEIGHTS, NETAJI SUBHASH PLACE, PITAMPURA DELHI -110034 INDIA",DELHI,Delhi,India,110034,ASUPJ2735M,+917827751998,https://www.facebook.com/,https://www.linkedin.com/home?originalSubdomain=in,https://www.twitter.com/,https://www.youtube.com/,https://www.twitter.com/,1000,"Distributor,exporter","99 BUSINESS MEDIA IS A GROUP OF BUSINESS NEWSPAPERS, ESTABLISHED IN 1987, PUBLISHING NINE BUSINESS NEWSPAPERS. THEY ARE - 99 MACHINERY FOR YOU, 99 AUTO FLASH, 99 E-VEHICLE, 99 ELECTRICAL WORLD, 99 ELECTRONICS WORLD, 99 LIGHTING & SOLAR , 99 FOOD MANTRA, 99  MEDICAL & PHARMA
99 PLASTIC  & PACKAGING. THE COMPANY HAS PAN-INDIA PRESENCE WITH HEAD OFFICE IN DELHI AND CORPORATE OFFICE IN MUMBAI AND HAS 10+ BRANCHES ACROSS THE COUNTRY.",https://erp.tpci.in/images/upload/company_logo/Exhibitor-Logo-6753_6a5b57acc515b.jpg?rand=18780,,0,[],,[]
ZDMwOGZiYjVhMDI2YTE1NTo1YmYzMDA1YWYyZDBkMjUyNDYyOTRhMGRjNTk1YjNhYzEyZjFmNGMxOmxDQ3FOcFlWaHRtNDlHWGdHWHRLc2c9PQ==,A Innovative Food Products Limited,Public Limited,JAYESH PATEL,Manufacturer Exporter,Food & Agri Products,"{""Indian Ethnic Food"": [""Indian Ethnic Food""], ""Snacks & On the Go Foods"": [""Snacks & On the Go Foods""]}","[{""productName"": ""Cup A Pasta - Tangy Tomato "", ""description"": ""1. Authentic Italian-Inspired Taste\r\n2. Made from 100% Durum Wheat Semolina (Raw Suji)\r\n3.Ready in Just Minutes\r\n4. Convenient On-the-Go Meal\r\n5. Perfect Anytime Snack\r\n6. No Maida, No Palm Oil and No Added Preservatives \r\n7. Just Add Boiling Water"", ""productImage"": ""https://erp.tpci.in/frontend/exhibitor/product-178420777399937166.jpg?90.9014429812333""}, {""productName"": ""Cup A Pasta - Masala"", ""description"": ""1. Authentic Italian-Inspired Taste\r\n2. Made from 100% Durum Wheat Semolina (Raw Suji)\r\n3.Ready in Just Minutes\r\n4. Convenient On-the-Go Meal\r\n5. Perfect Anytime Snack\r\n6. No Maida, No Palm Oil and No Added Preservatives \r\n7. Just Add Boiling Water"", ""productImage"": ""https://erp.tpci.in/frontend/exhibitor/product-178420777312073717.jpg?95.65746392650294""}, {""productName"": ""Cup A Pasta - Cheese"", ""description"": ""1. Authentic Italian-Inspired Taste\r\n2. Made from 100% Durum Wheat Semolina (Raw Suji)\r\n3.Ready in Just Minutes\r\n4. Convenient On-the-Go Meal\r\n5. Perfect Anytime Snack\r\n6. No Maida, No Palm Oil and No Added Preservatives \r\n7. Just Add Boiling Water"", ""productImage"": ""https://erp.tpci.in/frontend/exhibitor/product-178420777374264487.jpg?5.582993762179272""}]","{""Indian Ethnic Food"": [""Indian Ethnic Food""], ""Snacks & On the Go Foods"": [""Snacks & On the Go Foods""]}",A-01,2,https://www.shareatfood.com/,"212/P/2/P, A INNOVATIVE ROAD, BLHI INTAS PHARMA UNIT-2",AHMEDABAD,Gujarat,India,382213,ABCCA3225H,9909999247,http://www.facebook.com/https://www.facebook.com/Shareatfoodsindia,http://www.linkedin.com/https://www.linkedin.com/company/a-innovative-food-products-limited-shareat,https://www.twitter.com/,http://www.youtube.com/@ShareatFoods,http://www.instagram.com/https://www.instagram.com/shareatfoods/,1000,"Distributor,importer","A.INNOVATIVE FOOD PRODUCTS LIMITED IS RENOWNED IN THE MARKET FOR DELIVERING A DIVERSE RANGE OF READY-TO-FRY DELIGHTS, INCLUDING TASTY PANI PURI PELLETS, POTATO PELLETS, AND RICE PELLETS. IN OUR READY-TO-EAT SEGMENT, WE OFFER AN ARRAY OF PANI PURI KITS FEATURING DIFFERENT FLAVORED PANI OPTIONS WITH RAW PANI PURI PELLETS, AS WELL AS POTATO MASH AND FAMILY PANI PURI KITS. FOR THE YOUNGER PALATE, WE OFFER MINIMOS IN A VARIETY OF FLAVORS WITH SMALL PURIS, AND A CURATED SELECTION OF OTHER PREMIUM FOOD PRODUCTS.",https://erp.tpci.in/images/upload/company_logo/Exhibitor-Logo-6557.jpeg?rand=36198,https://erp.tpci.in/uploads/ex_docs/6557/SHAREAT FOODS Catalogue 2026 FN.pdf93a59268c18bd16d718f56bc3befd941_6a58d61eecf17.pdf,0,[],,"[{""type"": ""youtube"", ""video_url"": ""https://youtu.be/4F-2QST_vj0"", ""title"": ""Shareat Corporate film  - how we manufacturing 2 crore panipuri everyday ?""}]"
OGNjZmM2NTE5MDM3ZWM0NzpiN2NjZDE4ZjFjNjFlNzk2Nzk4OThiZWM0MGRkODczYjdiYTQ2MjI4OnFxb1JhSy9LQ2N6L2ttTUZFWDFsK2c9PQ==,Aagam International Private Limited,Private Limited,BHAVIN FADIA,Merchant Exporter,Food & Agri Products,"{""Food Ingredients"": [""Food Ingredients""], ""Grocery, Staple & Dry Foods"": [""Grocery, Staple & Dry Foods""], ""Private Label"": [""Private Label""], ""Rice, Pulses, Grains, Spices and Commodities"": [""Rice, Pulses, Grains, Spices and Commodities""]}","[{""productName"": ""Turmeric Finger"", ""description"": ""We supply premium-grade turmeric fingers and bulbs grown in the renowned turmeric growing regions of Maharashtra and the Nizamabad belt. Known for their vibrant color, strong aroma, and high curcumin content, our turmeric is carefully selected to meet the requirements of importers, spice processors,"", ""productImage"": ""https://erp.tpci.in/frontend/exhibitor/product-178316380135850710.jpg?86.04106771390985""}]","{""Food Ingredients"": [""Food Ingredients""], ""Grocery, Staple & Dry Foods"": [""Grocery, Staple & Dry Foods""], ""Private Label"": [""Private Label""], ""Rice, Pulses, Grains, Spices and Commodities"": [""Rice, Pulses, Grains, Spices and Commodities""]}",B-24,2,https://www.kurryspices.com,"B-716, GOPAL PALACE, OPP. OCEAN PARK, NEHURNAGAR",AHMEDABAD,Gujarat,India,380015,AALCA4550B,9265532492,https://www.facebook.com/,http://www.linkedin.com/in/bhavya-fadia-9587a1330,https://www.twitter.com/,https://www.youtube.com/,https://www.twitter.com/,100,"Distributor,exporter,importer","AAGAM INTERNATIONAL PVT. LTD. IS A LEADING AND DISTINGUISHED WHOLESALE TRADER, EXPORTER, SUPPLIER OF TURMERIC FINGER CUMIN SEED, SESAME SEED, PEANUT KERNEL, RED CHILLI POWDER, ETC. ""KURRY SPICES"" OUR BRAND WILL BE IN MARKET SOON WITH DIFFERENT QUALITY SPCIE POWDERS
UNDER THE EXPERT GUIDANCE OF OUR OWNER, MR. BHAVYA FADIA AAGAM INTERNATIONAL HAS BEEN ABLE TO STAND AHEAD AS A CELEBRATED NAME IN THIS AREA. HIS ETHICAL BUSINESS PRACTICES AND STEADY ENDEAVORS HAVE MADE US PROFICIENT IN DELIVERING THE BEST QUALITY OF PRODUCTS AND THAT’S TOO AT THE FINEST PRICE UPTO CUSTOMER SATISFACTION.",https://erp.tpci.in/images/upload/company_logo/Exhibitor-Logo-6581_6a575ac730547.jpg?rand=44903,https://erp.tpci.in/uploads/ex_docs/6581/Kurry Spices Brochure_compressed.pdfdd63f11a8ec5bad56fa0b89997d982e9_6a57425a0c0ba.pdf,02,"[{""id"": ""11884"", ""description"": ""iec certificate"", ""link"": ""https://erp.tpci.in//frontend/exhibitor/3ccb75bf7b4fe0fd6bf833d740ad6e79_6a57426be3d6c.pdf""}, {""id"": ""11885"", ""description"": ""gst certificate "", ""link"": ""https://erp.tpci.in//frontend/exhibitor/b36c8d55f725b86eb837330187ff1bf2_6a574285eb49b.pdf""}]",,[]
OTZiZTZhMTMwYWJlOTVjNjpkZGY5YTg1ZjFjMGNkMWVlZWJlZTdjYmJmYmEzMzZjNDE2OGM5MDhmOkhQNkYvNkhyNDI1Y2kxQzdIOFdYSmc9PQ==,Aakash Global Foods Pvt. Ltd,Private Limited,SHREYAS SHARMA,Manufacturer Exporter,Food & Agri Products,"{""Bakery & Breads"": [""Bakery & Breads""], ""Snacks & On the Go Foods"": [""Snacks & On the Go Foods""], ""Sweets & Confectionery"": [""Sweets & Confectionery""]}","[{""productName"": ""ALL IN ONE"", ""description"": ""ALL IN ONE MIXTURE, DELICIOUS & CRUNCHY "", ""productImage"": ""https://erp.tpci.in/frontend/exhibitor/product-178358177948462313.jpg?90.95488282940806""}, {""productName"": ""ALU BHUJIA"", ""description"": ""CRUNCHY BITES"", ""productImage"": ""https://erp.tpci.in/frontend/exhibitor/product-178358177967912984.jpg?16.17304600418829""}, {""productName"": ""POTATO CHIPS"", ""description"": ""CRUNCHY POTATO BITES "", ""productImage"": ""https://erp.tpci.in/frontend/exhibitor/product-178358177915440647.jpg?8.000584606081791""}, {""productName"": ""DRY FRUITS BESAN LADOO"", ""description"": ""SWEETS DELICIOUS "", ""productImage"": ""https://erp.tpci.in/frontend/exhibitor/product-178358177917959030.jpg?91.48378809120858""}, {""productName"": ""RATLAMI SEV"", ""description"": ""CRUNCY MIXTURE"", ""productImage"": ""https://erp.tpci.in/frontend/exhibitor/product-178358177969590186.jpg?33.41718971116207""}]","{""Bakery & Breads"": [""Bakery & Breads""], ""Snacks & On the Go Foods"": [""Snacks & On the Go Foods""], ""Sweets & Confectionery"": [""Sweets & Confectionery""]}",C-34,2,https://www.aakashnamkeen.com,"SUREVEY NO. 13/1/5, VILLAGE KUMEDI, TEHSIL SANWER",INDORE,Madhya Pradesh,,452001,AADCA4544R,9584849888,https://www.facebook.com/,https://www.linkedin.com/home?originalSubdomain=in,https://www.twitter.com/,https://www.youtube.com/,https://www.twitter.com/,200000,"Exporter,importer","ESTABLISHED IN 1936, AAKASH NAMKEEN HAS SUCCESSFULLY CAPTURED THE SOUL OF MALWA CULTURE AND THE ESSENCE OF INDORE IN THE TASTE OF VARIETY OF AAKASH NAMKEEN AND SWEETS. TODAY AAKASH NAMKEEN PVT. LTD. IS ONE OF THE DISTINGUISHED AND LEADING MANUFACTURER AND EXPORTERS OF NAMKEEN (SAVORIES) AND SWEETS FROM INDIA.",https://erp.tpci.in/images/upload/company_logo/Exhibitor-Logo-6573_6a509af48f5a0.jpeg?rand=9387,https://erp.tpci.in/uploads/ex_docs/6573/2026 Aakash Brochure Exports_compressed.pdfbbbb6f2630b46b788c2c8e761eb4d645_6a4f7f4d64e05.pdf,02,"[{""id"": ""11786"", ""description"": ""BRC CERTIFICATE"", ""link"": ""https://erp.tpci.in//frontend/exhibitor/3cba9b58cc6feb647297f72c6010e286_6a4f7f65610ae.pdf""}, {""id"": ""11788"", ""description"": ""ISO CERTIFICATE"", ""link"": ""https://erp.tpci.in//frontend/exhibitor/d5d75f86d234ab218ab45d188eaaa666_6a4f7f7997ef0.pdf""}]",,[]
MWNlYmYwMmE1OTc1OTViNDpkODAzYTJmZDdjZjY5OWZmODA4YzFkMzMyODJiMzc2NGIzNTkzNmM5Onp5Y09NMUhUblYzR1ErMll1Z0JNZ0E9PQ==,Abs Impex,Partnership,BHAVESH PANCHAL,Merchant Exporter,Printing & Packaging Products & Machinery,"{""Packaging Material"": [""Packaging Material""], ""Private Label"": [""Private Label""]}",[],"{""Packaging Material"": [""Packaging Material""], ""Private Label"": [""Private Label""]}",D-14,2,https://www.drybag.in/,BHAVESH@DRYBAG.IN,KAKINADA,Andhra Pradesh,India,533003,AAUFA6462A,+917827751998,https://www.facebook.com/,https://www.linkedin.com/home?originalSubdomain=in,https://www.twitter.com/,https://www.youtube.com/,https://www.twitter.com/,1000,"Distributor,importer","ABS IS INTO PROTECTIVE PACKAGING MATERIAL. THE CARGO IN 30 % OF THESE CONTAINERS IS IN DANGER OF BEING DAMAGED BY HUMIDITY CAUSING MOLD, CORROSION, RUST, FUNGUS, AND MILDEW TO THE PRODUCTS DURING SHIPMENTS. THOUSANDS OF CONTAINERIZED CARGO ARE DAMAGED DUE TO MOISTURE. THIS PROBLEM COSTS MANUFACTURERS, FREIGHT FORWARDERS, SHIPPING LINES, TRADING COMPANIES, IMPORTERS, AND EXPORTERS BILLIONS OF DOLLARS LOST EVERY YEAR.",https://erp.tpci.in/images/upload/company_logo/Exhibitor-Logo-6599_6a4395c1e7145.png?rand=660,https://erp.tpci.in/uploads/ex_docs/6599/All Product brochure-iso_compressed.pdf3e3d32d47007cab6fbfb259bae561c45_6a48f6559faf2.pdf,0,[],,[]
NGIwMzI2MDM0NDIwNTE1Mzo4ZDJmZDEyZGQ4ZjI5ZThlMmMyOTAzOGQyNTYyZjE3NTRkNjhlN2UwOnZOcHNoaW9wOGtuZjVpdWplRnd3WXc9PQ==,Adani Food Products Pvt. Ltd,Private Limited,SEDDHARTH,Manufacturer Exporter,Food & Agri Products,"{""Food Ingredients"": [""Food Ingredients""], ""Rice, Pulses, Grains, Spices and Commodities"": [""Rice, Pulses, Grains, Spices and Commodities""]}","[{""productName"": ""Red Chili Powder"", ""description"": ""Variety of Red Chili Powders - Customized qualities available for Exports and OEM Market"", ""productImage"": ""https://erp.tpci.in/frontend/exhibitor/product-178342691015635242.jpg?35.99962921440567""}, {""productName"": ""Turmeric Powder"", ""description"": ""Best quality Turmeric Whole and Powder with wide range of customized curcumin % as required.  "", ""productImage"": ""https://erp.tpci.in/frontend/exhibitor/product-178342691020593959.jpg?49.83667829058755""}]","{""Food Ingredients"": [""Food Ingredients""], ""Rice, Pulses, Grains, Spices and Commodities"": [""Rice, Pulses, Grains, Spices and Commodities""]}",D-35,2,https://www.adanispices.com,"PLOT NO E-6 AND 7, B,ROAD, LODHIKA G.I.D.C, KALAWAD ROAD,METODA,",RAJKOT,Gujarat,India,360021,AABCA8005F,8980588219,http://www.facebook.com/https://www.facebook.com/adanispicesrajkot,http://www.linkedin.com/https://www.linkedin.com/in/adani-spices-3092a449/,https://www.twitter.com/,https://www.youtube.com/,http://www.instagram.com/https://www.instagram.com/adani.spices/,1000,"Distributor,exporter,importer",ADANI HAS BEEN PROVIDING ITS CUSTOMERS THE PRODUCTS OF UNMATCHED QUALITY AND UNCOMPROMISED TASTE. EACH RAW MATERIAL IS SOURCED FROM ITS PLACE OF ORIGIN AND PROCESSED IN ITS STATE OF THE ART MANUFACTURING FACILITY. STRICT PARAMETERS AND ONLINE QC ENSURES THAT THE PRODUCTS PROCESSED ARE OF SUPERIOR GRADE WITH RETENTION OF ORIGINAL FLAVOUR SO THAT THE END USER GETS THE BEST OF TASTE.,https://erp.tpci.in/images/upload/company_logo/Exhibitor-Logo-6562.png?rand=29016,https://erp.tpci.in/uploads/ex_docs/6562/adani mini brochure (3)_compressed.pdf23d25a67d07068431e62cd36133005cc_6a4ce7ff9f4aa.pdf,04,"[{""id"": ""11761"", ""description"": ""Two star ecport house"", ""link"": ""https://erp.tpci.in//frontend/exhibitor/f04e3bc1b49da36dbdecf7fde323acc5_6a4ce8281f9e6.pdf""}, {""id"": ""11762"", ""description"": ""iso 22000:2018"", ""link"": ""https://erp.tpci.in//frontend/exhibitor/1a28a45d976bdda116fccf4976473d91_6a4ce84434401.pdf""}, {""id"": ""11763"", ""description"": ""FSSAI"", ""link"": ""https://erp.tpci.in//frontend/exhibitor/7e43176cd8ec3c384f2d65704074792c_6a4ce85690cfc.pdf""}, {""id"": ""11764"", ""description"": ""Spices board of india"", ""link"": ""https://erp.tpci.in//frontend/exhibitor/837dbd93cc79576f160afffda91b4e0d_6a4ce86c1cb0c.pdf""}]",,[]
MDEwYWYyZDYwOGMxN2RmMDoxYzg3MmM4MGQ0ZjZhOWUxMGZhYjFmMWE5NmYzYzg5ODVjMmU4NTAxOkx5cFBpdFFsNzhIc3cwMTc5QnlnWFE9PQ==,Adas Global Exports Pvt Ltd,Private Limited,AYUSH KANHAIYALAL SURANA,Merchant Exporter,Food & Agri Products,"{""Snacks & On the Go Foods"": [""Snacks & On the Go Foods""]}","[{""productName"": ""millet puff"", ""description"": ""millet puff made from 80% millet content, 100% jain, no added preservative, no artificial flavour"", ""productImage"": ""https://erp.tpci.in/frontend/exhibitor/product-178359860556313933.jpg?47.18166165722689""}, {""productName"": ""roasted moong , chana jor"", ""description"": ""roasted moong, chana jorr, a pulses based snacks, 100% jain, no added preservative, no artificial flavour"", ""productImage"": ""https://erp.tpci.in/frontend/exhibitor/product-178359861488888353.jpg?30.136884870135116""}, {""productName"": ""flavoured makhana"", ""description"": ""flavoured, 100% jain, no added preservative, no artificial flavour"", ""productImage"": ""https://erp.tpci.in/frontend/exhibitor/product-178359862028294541.jpg?9.139442452359425""}, {""productName"": ""millet cookies"", ""description"": ""millet cookies, made from 80% millet, no maida, no sugar, jaggery used, no artificial flavour, no preservaitives"", ""productImage"": ""https://erp.tpci.in/frontend/exhibitor/product-178359862754301266.jpg?55.28656072475627""}]","{""Snacks & On the Go Foods"": [""Snacks & On the Go Foods""]}",C-19,2,www.millettonutto.com,NO 2157 3RD B MAIN BEHIND CLUB HAMPINAGAR VIJAYANAGAR BANGALORE-560040,BANGALORE,Karnataka,,560040,ABACA5065D,8123900596,https://www.facebook.com/,https://www.linkedin.com/home?originalSubdomain=in,https://www.twitter.com/,https://www.youtube.com/,http://www.instagram.com/millettonutto,22000,"Distributor,exporter",ADAS GLOBAL EXPORTS PVT LTD,https://erp.tpci.in/images/upload/company_logo/Exhibitor-Logo-6631_6a4f8b87be29f.png?rand=87161,https://erp.tpci.in/uploads/ex_docs/6631/Milletto & Nutto_Brochure_compressed-compressed.pdf09098878e667f99c6415e04ebaedd1b2_6a4f8c9bcf2af.pdf,02,"[{""id"": ""11796"", ""description"": ""USFDA"", ""link"": ""https://erp.tpci.in//frontend/exhibitor/84759f749d732b6baa34954c98cc64c5_6a4f8cc2436ba.pdf""}, {""id"": ""11797"", ""description"": ""KOSHER"", ""link"": ""https://erp.tpci.in//frontend/exhibitor/307e6a210f2e96bdd760df6f2a34e33d_6a4f8cd368e12.pdf""}]",,[]
MzkzZGM3ZjE0N2YzZWY1ZjpkYTlkY2Y5ZGVhMDZhNjQ2N2Q1NGRhYWMwYTRlZGI2OTZlY2QwMmZkOk1GaHBhM1ljM2grZjQ0TEdCUXFCamc9PQ==,Adfar Agro Foods And Spices,Private Limited,SYED FAIZAN MASOODI,Manufacturer Exporter,Food & Agri Products,"{""Rice, Pulses, Grains, Spices and Commodities"": [""Rice, Pulses, Grains, Spices and Commodities""]}",[],"{""Rice, Pulses, Grains, Spices and Commodities"": [""Rice, Pulses, Grains, Spices and Commodities""]}",B-06,2,https://www.google.com,"RANGRETH, BUDGAM",BUDGAM,Jammu And Kashmir,India,191132,APAPM7829J,+917827751998,https://www.facebook.com/,https://www.linkedin.com/home?originalSubdomain=in,https://www.twitter.com/,https://www.youtube.com/,https://www.twitter.com/,1000,"Distributor,exporter,technology Transfer",ADFAR AGRO FOODS AND SPICES,https://erp.tpci.in/images/upload/company_logo/Exhibitor-Logo-6777.jpg?rand=60999,,0,[],,[]
NDhiNDUyNzAyNTJhMDg0NTpkZTA3MmRmMGM0OTFiZTIxZGI1ODQ0MmMxZjAyYTA1ZTc4ZGFmOTRkOnRVVUdVSDJZT2RCQlI5U0pJSGZqdWc9PQ==,Adhar Beverages Private Limited,Private Limited,AKSHAY SOLANKI,Manufacturer Exporter,Food & Agri Products,"{""Beverage & Hot Drinks"": [""Beverage & Hot Drinks""]}","[{""productName"": ""3 Sisters Super Cola"", ""description"": ""3 Sisters Super Cola (Sweetened with Dates Syrup & no added sugar)\r\nNet Quantity: 250 ml\r\nPackaging: Aluminum Can"", ""productImage"": ""https://erp.tpci.in/frontend/exhibitor/product-178411323668223172.jpg?98.61823869740427""}, {""productName"": ""No Bullshit Caffeinated Drink"", ""description"": ""No Bullshit Caffeinated Drink (No Sugar & No Calories)\r\nNet Quantity: 250 ml\r\nPackaging: Aluminum Can"", ""productImage"": ""https://erp.tpci.in/frontend/exhibitor/product-178411323652110271.jpg?90.96579932697657""}, {""productName"": ""3Sisters Non-alcoholic Beer - German Lager"", ""description"": ""3Sisters Non-alcoholic Beer - German Lager Flavor\r\nNet Quantity: 330 ml\r\nPackaging: Glass Bottle"", ""productImage"": ""https://erp.tpci.in/frontend/exhibitor/product-178411323636991514.jpg?58.974283616034576""}, {""productName"": ""3Sisters Non-alcoholic Beer - Cranberry "", ""description"": ""3Sisters Non-alcoholic Beer - Cranberry Flavor\r\nNet Quantity: 330 ml\r\nPackaging: Glass Bottle"", ""productImage"": ""https://erp.tpci.in/frontend/exhibitor/product-178411323633635848.jpg?21.97402317260767""}, {""productName"": ""3Sisters Non-alcoholic Beer - Strawberry"", ""description"": ""3Sisters Non-alcoholic Beer - Strawberry Flavor\r\nNet Quantity: 330 ml\r\nPackaging: Glass Bottle"", ""productImage"": ""https://erp.tpci.in/frontend/exhibitor/product-17841132362640684.jpg?32.9472680882991""}, {""productName"": ""3Sisters Non-alcoholic Beer - Peach"", ""description"": ""3Sisters Non-alcoholic Beer - Peach Flavor\r\nNet Quantity: 330 ml\r\nPackaging: Glass Bottle"", ""productImage"": ""https://erp.tpci.in/frontend/exhibitor/product-178411323618099336.jpg?98.81427399703699""}, {""productName"": ""3Sisters Non-alcoholic Beer - Kiwi Mint"", ""description"": ""3Sisters Non-alcoholic Beer - Kiwi Mint Flavor\r\nNet Quantity: 330 ml\r\nPackaging: Glass Bottle"", ""productImage"": ""https://erp.tpci.in/frontend/exhibitor/product-178411323633246027.jpg?95.22956879365218""}, {""productName"": ""3Sisters Non-alcoholic Beer - Peach Mango"", ""description"": ""3Sisters Non-alcoholic Beer - Peach Mango Flavor\r\nNet Quantity: 330 ml\r\nPackaging: Glass Bottle"", ""productImage"": ""https://erp.tpci.in/frontend/exhibitor/product-178411323633502533.jpg?79.7050250505144""}, {""productName"": ""3Sisters Non-alcoholic Beer - German Lager Zero Sugar"", ""description"": ""3Sisters Non-alcoholic Beer - German Lager Zero Sugar Flavor \r\nNet Quantity: 330 ml\r\nPackaging: Glass Bottle"", ""productImage"": ""https://erp.tpci.in/frontend/exhibitor/product-178411323684000703.jpg?12.83642194497997""}, {""productName"": ""3Sisters Non-alcoholic Beer - Cranberry Zero Sugar"", ""description"": ""3Sisters Non-alcoholic Beer - Cranberry Zero Sugar Flavor \r\nNet Quantity: 330 ml\r\nPackaging: Glass Bottle"", ""productImage"": ""https://erp.tpci.in/frontend/exhibitor/product-178411323620253285.jpg?25.06703764672115""}, {""productName"": ""3Sisters Non-alcoholic Beer - Ginger"", ""description"": ""3Sisters Non-alcoholic Beer - Ginger Flavor\r\nNet Quantity: 330 ml\r\nPackaging: Glass Bottle"", ""productImage"": ""https://erp.tpci.in/frontend/exhibitor/product-178411323682359535.jpg?86.82592547203035""}, {""productName"": ""3Sisters Indie-Soda - Imli Chaska"", ""description"": ""3Sisters Indie-Soda - Imli Chaska (Tamrind Fizz)\r\nNet Quantity: 250 ml\r\nPackaging: Aluminum Can"", ""productImage"": ""https://erp.tpci.in/frontend/exhibitor/product-178411323646792531.jpg?58.92851749335277""}, {""productName"": ""3Sisters Indie-Soda - Kala Khatta "", ""description"": ""3Sisters Indie-Soda - Kala Khatta (Jamun Fizz)\r\nNet Quantity: 250 ml\r\nPackaging: Aluminum Can"", ""productImage"": ""https://erp.tpci.in/frontend/exhibitor/product-178411323656292207.jpg?34.16481412403734""}, {""productName"": ""3Sisters Indie-Soda - Twisted Shikanji"", ""description"": ""3Sisters Indie-Soda - Twisted Shikanji (Indian Lemonade)\r\nNet Quantity: 250 ml\r\nPackaging: Aluminum Can"", ""productImage"": ""https://erp.tpci.in/frontend/exhibitor/product-178411323662039795.jpg?94.03852121349287""}, {""productName"": ""3Sisters Indie-Soda - Jeera Masala"", ""description"": ""3Sisters Indie-Soda - Jeera Masala \r\nNet Quantity: 250 ml\r\nPackaging: Aluminum Can"", ""productImage"": ""https://erp.tpci.in/frontend/exhibitor/product-178411323635620479.jpg?67.6981667687168""}, {""productName"": ""Aruba - Cranberry Lemonade Mocktail"", ""description"": ""Aruba - Cranberry Lemonade (Ready to Drink Mocktail)\r\nNet Quantity: 250 ml\r\nPackaging: Aluminum Can"", ""productImage"": ""https://erp.tpci.in/frontend/exhibitor/product-178411323665835602.jpg?56.375273276469926""}, {""productName"": ""Aruba - Blueberry Lemonade Mocktail"", ""description"": ""Aruba - Blueberry Lemonade (Ready to Drink Mocktail)\r\nNet Quantity: 250 ml\r\nPackaging: Aluminum Can"", ""productImage"": ""https://erp.tpci.in/frontend/exhibitor/product-178411323610478905.jpg?78.7818691495637""}, {""productName"": ""Aruba - Mojito Mocktail"", ""description"": ""Aruba - Mojito (Ready to Drink Mocktail)\r\nNet Quantity: 250 ml\r\nPackaging: Aluminum Can"", ""productImage"": ""https://erp.tpci.in/frontend/exhibitor/product-178411323637194914.jpg?24.783528991773284""}, {""productName"": ""Aruba - Ginger Ale Mocktail"", ""description"": ""Aruba - Ginger Ale (Mixer)\r\nNet Quantity: 250 ml\r\nPackaging: Aluminum Can"", ""productImage"": ""https://erp.tpci.in/frontend/exhibitor/product-178411323632733282.jpg?87.57204058353979""}, {""productName"": ""Aruba - Tonic Water Mocktail"", ""description"": ""Aruba - Tonic Water (Mixer)\r\nNet Quantity: 250 ml\r\nPackaging: Aluminum Can"", ""productImage"": ""https://erp.tpci.in/frontend/exhibitor/product-17841132362881208.jpg?63.5096190157436""}, {""productName"": ""Aruba - Naughty Cosmopolitan Mocktail"", ""description"": ""Aruba - Naughty Cosmopolitan (Ready to Drink Mocktail)\r\nNet Quantity: 250 ml\r\nPackaging: Aluminum Can"", ""productImage"": ""https://erp.tpci.in/frontend/exhibitor/product-178411323670679912.jpg?54.83197640146314""}]","{""Beverage & Hot Drinks"": [""Beverage & Hot Drinks""]}",A-03,2,https://adharbeverages.in/,"A482, TTC INDUSTRIAL AREA, MAHAPE MIDC, NAVI MUMBAI - 400071 , MUMBAI",MUMBAI,Maharashtra,,400071,AAVCA7659M,+917827751998,https://www.facebook.com/,http://www.linkedin.com/ https://www.linkedin.com/company/3sistersdrinks/posts/?feedView=all,https://www.twitter.com/,https://www.youtube.com/,http://www.instagram.com/ https://www.instagram.com/3sistersdrinks/?hl=en,1000,"Distributor,exporter",ADHAR BEVERAGES PRIVATE LIMITED,https://erp.tpci.in/images/upload/company_logo/Exhibitor-Logo-6764_6a5f3c6ccd18e.jpeg?rand=85329,https://erp.tpci.in/uploads/ex_docs/6764/Brochure - 3sistersdrinks _all products.pdfc2419b90ef424f6bfd1d4c8f598baa45_6a5f3ca7a13ed.pdf,02,"[{""id"": ""11891"", ""description"": ""ISO 9001:2015 Certification"", ""link"": ""https://erp.tpci.in//frontend/exhibitor/45cbefa31b4ca21c20142c554d14b7c6_6a5762bb87a32.pdf""}, {""id"": ""11911"", ""description"": ""FSSC 22000"", ""link"": ""https://erp.tpci.in//frontend/exhibitor/9c6cb573344ee2ca0cc05fbd1ba927cc_6a58a4b09ec11.pdf""}]",,"[{""type"": ""youtube"", ""video_url"": ""https://www.youtube.com/watch?v=_CioL2B2fn4"", ""title"": ""Reliable Partners in Beverage Contract Manufacturing - Adhar Beverages""}]"
NmY4Mjk5MzVhNzA1NTNmMjowODMzZDhhYjM3MTEyZTc0ZjNjNGNiODJhZTA3MDhlN2YyYTljMGE3OllVM2o3c1NpN1FUNlVQZlk1VXYxc2c9PQ==,Ajit Sweets,Proprietor,DHARA,Manufacturer,Food & Agri Products,"{""Bakery & Breads"": [""Bakery & Breads""], ""Sweets & Confectionery"": [""Sweets & Confectionery""]}",[],"{""Bakery & Breads"": [""Bakery & Breads""], ""Sweets & Confectionery"": [""Sweets & Confectionery""]}",D-16,2,https://ajitsweets.com/,244 D7 BHUMI WORLD IND PARK OFF NASHIK EXPRESSWAY PIMPLAS BHIWANDI,THANE,Maharashtra,India,421311,AADPM7035L,+917827751998,https://www.facebook.com/,https://www.linkedin.com/home?originalSubdomain=in,https://www.twitter.com/,https://www.youtube.com/,https://www.twitter.com/,1000,"Distributor,exporter,importer",AJIT SWEETS,https://erp.tpci.in/images/upload/company_logo/Exhibitor-Logo-6652.png?rand=83637,,0,[],,[]
YjEyODUxY2YxY2NmODkwZTo1ZGZhYTY2ODc4OTAxZjM1YWJhM2JiODYwMTkxZWRmYzI5MTE2OGE1OnNHV05hUXRtRHFpNFVTVitwT2FrV1E9PQ==,Amrutlal And Sons Pvt. Ltd.,Private Limited,JIGNESH JIVRAJANI,Manufacturer,Food & Agri Products,"{""Indian Ethnic Food"": [""Indian Ethnic Food""], ""Private Label"": [""Private Label""]}",[],"{""Indian Ethnic Food"": [""Indian Ethnic Food""], ""Private Label"": [""Private Label""]}",E-27,2,www.mahalaxmispice.com,"R.K. INDUSTRIAL ZONE - 10, PLOT NO. : 14,15,16, KUVADVA-WAKANER ROAD, OPP. GETCO 66 KV KUVADVA SUBSTATION, NATIONAL HIGHWAY 27, VILLAGE- RANPUR, DIST RAJKOT - 360023",RAJKOT,Gujarat,India,360023,AAVCA8575E,+917827751998,https://www.facebook.com/,https://www.linkedin.com/home?originalSubdomain=in,https://www.twitter.com/,https://www.youtube.com/,https://www.twitter.com/,1682000,Importer,"WE AMRUTLAL AND SONS PVT. LTD. IS MANUFACTURING INDIAN AUTHENTIC SPICES SINCE 1962 WITH THE BRAND NAME MAHALAXMI SPICES, WE ARE PIONEER IN BLENDED SPICES. OUR AIM IS TO PROVIDE BEST QUALITY PRODUCT",https://erp.tpci.in/images/upload/company_logo/Exhibitor-Logo-6551.png?rand=68202,,0,[],,[]
OTM4MDBmZTI2NGY0MDk3ZTo3OGFjMWI3NWY5ZjU4YjNiODUwOTcyMDdlZGEyNWM0OWE5YTMwODAwOjlUdVo3L2J4TGl3Nm5qYzBERzRndnc9PQ==,Angur Pulses Llp,Proprietor,DHAVAL DARAJI,Manufacturer,Food & Agri Products,"{""Rice, Pulses, Grains, Spices and Commodities"": [""Rice, Pulses, Grains, Spices and Commodities""]}",[],"{""Rice, Pulses, Grains, Spices and Commodities"": [""Rice, Pulses, Grains, Spices and Commodities""]}",B-23,2,https://www.angur.com/,"S. NO. 192/2, APPOCW ROAD, ON NH- 48,  VASAD",ANAND,Gujarat,India,388306,ABEFA1731B,+917827751998,https://www.facebook.com/,https://www.linkedin.com/home?originalSubdomain=in,https://www.twitter.com/,https://www.youtube.com/,https://www.twitter.com/,1000,"Distributor,exporter,importer",ANGUR PULSES LLP,https://erp.tpci.in/images/upload/company_logo/Exhibitor-Logo-6649.png?rand=45691,,0,[],,[]
ZGYyZTczMjU1NWM1ODA4NzoxZGFmNGU3MmRlZDVlZDQ3Y2I2MDQ4Y2FlYjM5YTM3Yjg5YjkyMmRjOlo5NUE2U1IyQ3BEcFFjRFBsQ3N3OVE9PQ==,Authentication Solution Providers Association,Society,PUNEET MAITHANI,Service Provider,Service Sector,"{""Digital FoodTech, Traceability & AI"": [""Digital FoodTech, Traceability & AI""]}",[],"{""Digital FoodTech, Traceability & AI"": [""Digital FoodTech, Traceability & AI""]}",E-06A,2,www.aspaglobal.com,"521, 5TH FLOOR, ANSAL TOWER 38,
NEHRU PLACE 110019, NEW DELHI, INDIA",NEW DELHI,Delhi,India,110019,0000000000,9319440030,http://www.facebook.com/aspaglobal/,http://www.linkedin.com/aspaglobal/,https://www.twitter.com/,http://www.youtube.com/aspaglobal/,http://www.instagram.com/9319440030,1000,"Distributor,exporter",AUTHENTICATION SOLUTION PROVIDERS ASSOCIATION,https://erp.tpci.in/images/upload/company_logo/Exhibitor-Logo-6773_6a57494724820.png?rand=45619,https://erp.tpci.in/uploads/ex_docs/6773/Crisil_ASPA_Report_2025_D4_SP-compressed.pdf5af74733c8275c3e970eb062f9f0a1a5_6a574d4c7ae4e.pdf,01,"[{""id"": ""11886"", ""description"": ""ASPA GST Certificate"", ""link"": ""https://erp.tpci.in//frontend/exhibitor/2c8acc03b71cd492baf47e23614953a5_6a575155a92d3.pdf""}]",,[]
MDgyZTgxNjA5NDI0Y2NiOTplZGQzYzIyOGQwODJkYTZmZjNlOTQ2NDkyMTQxMjUyYmYxYWIyMTI1OkJDWU1JV0J1WTY0Z0FQaEJBYWIzVVE9PQ==,Avitus Foods Llp,Partnership,PIYUSH PATEL,Manufacturer Exporter,Food & Agri Products,"{""Fats & Oils"": [""Fats & Oils""], ""Fine Food"": [""Fine Food""], ""Food Ingredients"": [""Food Ingredients""], ""Grocery, Staple & Dry Foods"": [""Grocery, Staple & Dry Foods""], ""Health Food, Free From & Super Food"": [""Health Food, Free From & Super Food""], ""Indian Ethnic Food"": [""Indian Ethnic Food""], ""Organic, Natural & Ethical Foods"": [""Organic, Natural & Ethical Foods""], ""Private Label"": [""Private Label""]}","[{""productName"": ""Cold Pressed Oils"", ""description"": ""Avitus Foods LLP is a leading Indian manufacturer of 100% pure, virgin, unrefined, solvent-free cold-pressed oils, produced using advanced European cold-press technology under hygienic stainless-steel processing extracted for retail, private label, food, wellness, hospitality, and export markets."", ""productImage"": ""https://erp.tpci.in/frontend/exhibitor/product-178401630139456314.jpg?38.73824890585453""}]","{""Fats & Oils"": [""Fats & Oils""], ""Fine Food"": [""Fine Food""], ""Food Ingredients"": [""Food Ingredients""], ""Grocery, Staple & Dry Foods"": [""Grocery, Staple & Dry Foods""], ""Health Food, Free From & Super Food"": [""Health Food, Free From & Super Food""], ""Indian Ethnic Food"": [""Indian Ethnic Food""], ""Organic, Natural & Ethical Foods"": [""Organic, Natural & Ethical Foods""], ""Private Label"": [""Private Label""]}",B-22,2,https://www.avitusfoods.com/,"A-2, DHARA ESTATE, BLOCK NO. 1706, NEAR NARMADA CANAL,",GANDHINAGAR,Gujarat,India,382722,ABSFA3030B,9974969002,https://www.facebook.com/,https://www.linkedin.com/home?originalSubdomain=in,https://www.twitter.com/,https://www.youtube.com/,http://www.instagram.com/avitusfoods_llp/,1000,"Distributor,exporter",AVITUS FOODS IS A LEADING COLD PRESSED OIL MANUFACTURER IN INDIA. WE ARE A PROVIDER OF HIGH-QUALITY EDIBLE OILS THAT CATER TO YOUR EVERYDAY COOKING NEEDS. OUR TEAM OF EXPERTS WORKS TIRELESSLY TO CREATE OILS THAT ARE NOT ONLY HEALTHY BUT ALSO DELICIOUS. OUR OILS ARE MADE FROM THE FINEST INGREDIENTS AND PROCESSED USING STATE-OF-THE-ART TECHNIQUES TO ENSURE THEIR QUALITY AND PURITY. WE SOURCE OUR INGREDIENTS FROM THE BEST SUPPLIERS AND USE THE LATEST TECHNOLOGY TO PRODUCE OILS THAT ARE FREE FROM HARMFUL CHEMICALS AND ADDITIVES.,https://erp.tpci.in/images/upload/company_logo/Exhibitor-Logo-6661_6a572a2e88baa.jpg?rand=90397,https://erp.tpci.in/uploads/ex_docs/6661/Catlog-Avitus.pdf08e10ddcaf071d178112083c27082552_6a572b4011f20.pdf,0,[],,[]
N2VkNjQ0NDQ1M2E5Nzc4MjozYWU4ZDU0ZTRkYWU0NGNkMjhmYjVmYWRhNTY2MTA0NjBlNGRiNjQyOjRDZ3J2cjhKa3d0WWVGN2JLUnNxblE9PQ==,Bakemo,Proprietor,SAURABH,Manufacturer,Food & Agri Products,"{""Bakery & Breads"": [""Bakery & Breads""]}",[],"{""Bakery & Breads"": [""Bakery & Breads""]}",D-22,2,https://www.google.com,"14, ARYAN BUNGALOW, JASHODANAGAR-MAHEMDABAD ROAD, B/H ANNANPURNA HOTEL, JASODA NAGAR",AHMEDABAD,Gujarat,,382445,AGTPB4022A,+917827751998,https://www.facebook.com/,https://www.linkedin.com/home?originalSubdomain=in,https://www.twitter.com/,https://www.youtube.com/,https://www.twitter.com/,1000,"Distributor,importer",MOMENTUM ELASTOMERS (BAKEMO),https://erp.tpci.in/images/upload/company_logo/Exhibitor-Logo-6608_6a58884655082.jpg?rand=37744,,0,[],,[]
OWQxYmExY2ExZTIyOTk5ODo4OWZkZmQxZjYxYzk4ZGQwY2Q2YjRhZDMwMDg0NjFmYzUzOGMxMGM5OmE4QThhd3dPZHhVWDlpWnl6YlZJYkE9PQ==,Bansal Group,Proprietor,AKHIL,Manufacturer,Food & Agri Products,"{""Health Food, Free From & Super Food"": [""Health Food, Free From & Super Food""], ""Indian Ethnic Food"": [""Indian Ethnic Food""], ""Snacks & On the Go Foods"": [""Snacks & On the Go Foods""], ""Sweets & Confectionery"": [""Sweets & Confectionery""]}","[{""productName"": ""9 in One Pudina"", ""description"": ""9 in One Flakes Mix"", ""productImage"": ""https://erp.tpci.in/frontend/exhibitor/product-178465073684113163.jpg?61.938135290460785""}, {""productName"": ""Bajra Mix Salted"", ""description"": ""Bajra Mix Salted"", ""productImage"": ""https://erp.tpci.in/frontend/exhibitor/product-178465073688112013.jpg?70.9786222046042""}]","{""Health Food, Free From & Super Food"": [""Health Food, Free From & Super Food""], ""Indian Ethnic Food"": [""Indian Ethnic Food""], ""Snacks & On the Go Foods"": [""Snacks & On the Go Foods""], ""Sweets & Confectionery"": [""Sweets & Confectionery""]}",A-06,2,www.roastedsnacks.com,294 GREEN LAND MAJITA -BATALA ROAD BYEPASS,AMRITSAR,Punjab,India,143001,ADPPA6460L,9356022767,http://www.facebook.com/roastedsnacks,http://www.linkedin.com/company/roastedsnacks/,https://www.twitter.com/,https://www.youtube.com/,http://www.instagram.com/roastedsnacks,40000,"Distributor,importer",BANSAL GROUP,https://erp.tpci.in/images/upload/company_logo/Exhibitor-Logo-6628.jpg?rand=73947,,0,[],,"[{""type"": ""youtube"", ""video_url"": ""https://www.youtube.com/watch?v=gOtlwOUvEHg"", ""title"": ""BANSAL SNAX - PRODUCTION"", ""description"": ""Bansal Snax Production Video""}]"
Nzg0MzYyMDdhM2Q0OWRmMTplZjc5N2M0ZTEzZjVkYjQ4YThiMTQ0MDAxOTc1NWM1NDY0MTQzOTc2OjluTXVWMW52RWxTd2V0V3RXQ0VvUUE9PQ==,Bardhaman Imax Agro Products,Proprietor,ABDUL VARISH,Manufacturer,Food & Agri Products,"{""Private Label"": [""Private Label""], ""Rice, Pulses, Grains, Spices and Commodities"": [""Rice, Pulses, Grains, Spices and Commodities""]}","[{""productName"": ""KYMA GOLD JEERAKASALA RICE"", ""description"": ""India’s Largest Jeerakasala / Gobindobhog Exporting brand"", ""productImage"": ""https://erp.tpci.in/frontend/exhibitor/product-178409555990854381.jpg?17.09554588151681""}, {""productName"": ""IMAX GOLD JEERAKASALA RICE"", ""description"": ""Premium jeerakasala / Gobindobhog Rice"", ""productImage"": ""https://erp.tpci.in/frontend/exhibitor/product-178409555958469097.jpg?88.16935605199016""}]","{""Private Label"": [""Private Label""], ""Rice, Pulses, Grains, Spices and Commodities"": [""Rice, Pulses, Grains, Spices and Commodities""]}",B-02,2,www.imaxgold.com,"DAG-531,532 MACHKHANDA. CHAK PUROHIT. RAINA",PURBA BARDHAMAN,West Bengal,India,713103,AZRPA9430A,+917827751998,https://www.facebook.com/,https://www.linkedin.com/home?originalSubdomain=in,https://www.twitter.com/,https://www.youtube.com/,http://www.instagram.com/,"58,000,000","Distributor,exporter,importer",BARDHAMAN IMAX AGRO PRODUCTS,https://erp.tpci.in/images/upload/company_logo/Exhibitor-Logo-6673_6a5723b0040eb.png?rand=10183,,01,"[{""id"": ""11872"", ""description"": ""HACCP CERTIFICATE"", ""link"": ""https://erp.tpci.in//frontend/exhibitor/0afd9b46484b5065371c8f5e4975ed01_6a572e3cd742a.pdf""}]",,[]
MjA4ZmVmMzRlOTc1NjY0ODowNTNkNzkyZjc0YzFlN2YxOTc0YThjMGE2YWRhOGNhNWU1OGUyOWJkOnd4eUFGZ2tGNFQwMlQ4Y0FhUm96dFE9PQ==,Basu Kesar Company,Partnership,AFAN BASU,Manufacturer,Food & Agri Products,"{""Dry Fruits & Nuts"": [""Dry Fruits & Nuts""], ""Food Ingredients"": [""Food Ingredients""], ""Private Label"": [""Private Label""], ""Rice, Pulses, Grains, Spices and Commodities"": [""Rice, Pulses, Grains, Spices and Commodities""]}",[],"{""Dry Fruits & Nuts"": [""Dry Fruits & Nuts""], ""Food Ingredients"": [""Food Ingredients""], ""Private Label"": [""Private Label""], ""Rice, Pulses, Grains, Spices and Commodities"": [""Rice, Pulses, Grains, Spices and Commodities""]}",B-35B,2,https://basukesar.com/,DRANGBAL,PAMPORE,Jammu And Kashmir,India,192121,AAAFB9694H,+917827751998,https://www.facebook.com/,https://www.linkedin.com/home?originalSubdomain=in,https://www.twitter.com/,https://www.youtube.com/,https://www.twitter.com/,100000,"Distributor,exporter,importer","Basu Kesar Co. offers trusted private labelling solutions for saffron and Kashmiri dry fruits. From sourcing to eco-friendly packaging, we ensure your brand carries our legacy of purity, quality, and authenticity.",https://erp.tpci.in/images/upload/company_logo/Exhibitor-Logo-6574_6a5b305fbbe1e.png?rand=1509,,0,[],,[]
MGMwNzJiYzg0MmQzZmIyZDplNjFhNjIzZmU3MmEzNzc3YjFiMDkzMjMxMjg1NGJlMDZkZTY1MjM5OmsvTjJxa1V5cWVPeGQ5RHBmQnJKM0E9PQ==,Bcfoods (india) Seasonings And Ingredients Pvt Ltd,Private Limited,HARDIK,Manufacturer,Food & Agri Products,"{""Beverage & Hot Drinks"": [""Beverage & Hot Drinks""], ""Fresh Produce"": [""Fresh Produce""]}",[],"{""Beverage & Hot Drinks"": [""Beverage & Hot Drinks""], ""Fresh Produce"": [""Fresh Produce""]}",D-02,2,https://www.google.com,"53, NEELKANTH VILLA BUNGLOWS, DPS - NEELKANTH",AHMEDABAD,Gujarat,India,380058,AAHCB7960J,+917827751998,https://www.facebook.com/,https://www.linkedin.com/home?originalSubdomain=in,https://www.twitter.com/,https://www.youtube.com/,https://www.twitter.com/,1000,Exporter,BCFOODS (INDIA) SEASONINGS AND INGREDIENTS PVT LTD,https://erp.tpci.in/images/upload/company_logo/Exhibitor-Logo-6811.jpeg?rand=96428,,0,[],,[]
YmQ2MmI3YzAxYjIxYmZjYzplZGIzYjVlMGRjZmNhMjdjYzZkYTUxOGEwZjljOTI2NDE1NDFkOGQxOkEzTzhmUmZ2UkpiM01tcjhTRHo4N3c9PQ==,Beehive Farms Pvt. Ltd.,Private Limited,NISHANT,Manufacturer Exporter,Food & Agri Products,"{""Fresh Produce"": [""Fresh Produce""]}",[],"{""Fresh Produce"": [""Fresh Produce""]}",F-01,2,https://www.beehivefarms.com,"31-F , 1ST N 2ND FLOOR BRS NAGAR MARKET",LUDHIANA,Punjab,India,141001,AAFCB9352A,+917827751998,https://www.facebook.com/,https://www.linkedin.com/home?originalSubdomain=in,https://www.twitter.com/,https://www.youtube.com/,https://www.twitter.com/,1000,"Distributor,importer",BEEHIVE FARMS PVT. LTD.,https://erp.tpci.in/images/upload/company_logo/Exhibitor-Logo-6623_6a6097ef5bb2b.jpeg?rand=37304,,0,[],,[]
Y2U0MDEwMTQyNTBhZTg4MjoyNTU4YzQ3NzY0MzQ4ODA1NDU1OTI0MDEzYTI3OWNjZjljNjM0MTQyOnhJc2NlRnJZWWovQ25rcERPZmtkemc9PQ==,Beyond India Exports,Partnership,NILESH,Merchant Importer,Food & Agri Products,"{""Sweets & Confectionery"": [""Sweets & Confectionery""]}","[{""productName"": ""Jaggery Range"", ""description"": ""At Jabani, we believe sweetness should be simple, honest, and true to its roots. Our jaggery is crafted in small batches using traditional methods that preserve its natural richness and authenticity. We work closely with trusted local farmers to source the finest ingredients, ensuring every product "", ""productImage"": ""https://erp.tpci.in/frontend/exhibitor/product-178419829930517874.jpg?32.09578518950919""}]","{""Sweets & Confectionery"": [""Sweets & Confectionery""]}",F-11,2,https://www.beyondindiaexport.com/,"21, MALAD ELEPHANTA CHS LTD, GAUSHALA LANE B L MORARKA MARG, NEAR RAMLILA MAIDAN, MALAD EAST MUMBAI, 400097, MUMBAI SUBURBAN, MAHARASHTRA",MUMBAI,Maharashtra,,400097,AAXFB7693M,9082547171,https://www.facebook.com/,https://www.linkedin.com/home?originalSubdomain=in,https://www.twitter.com/,https://www.youtube.com/,http://www.instagram.com/jabanibrand/,1500000,"Distributor,exporter","WE AT BEYOND INDIA EXPORTS, UNDER OUR BRAND 'JABANI' ARE BRINGING INDIA’S TIMELESS SWEETNESS TO THE MODERN WORLD, ONE HANDCRAFTED BITE AT A TIME.",https://erp.tpci.in/images/upload/company_logo/Exhibitor-Logo-6720_6a589f7668956.png?rand=77480,https://erp.tpci.in/uploads/ex_docs/6720/JABANI Catalogue Temp.pdfd174b07ee1884ac75ce4f2a6b3d35f8c_6a58a997df159.pdf,01,"[{""id"": ""11912"", ""description"": ""fssai"", ""link"": ""https://erp.tpci.in//frontend/exhibitor/797dc4161b9a79b9362ec6fb20c7ce0a_6a58a5dfb7385.pdf""}]",,[]
MjFlZWJmODg0ZWRlNGI0Yzo1ZDY0ZWFlNmY4YzAxNDI3OTJiNGU3Mzk1N2Q2MWIzOTdhZDUyN2M4OmRrbEJ0MVMzZWFCKzJMOTB0ak1CRGc9PQ==,Bhaderkashi Fruits Producer Com Ltd,Private Limited,RAMNEEK SINGH MANHAS,Manufacturer,Food & Agri Products,"{""Dry Fruits & Nuts"": [""Dry Fruits & Nuts""], ""Fresh Produce"": [""Fresh Produce""], ""Indian Ethnic Food"": [""Indian Ethnic Food""], ""Plant Based & Alternative Proteins"": [""Plant Based & Alternative Proteins""], ""Rice, Pulses, Grains, Spices and Commodities"": [""Rice, Pulses, Grains, Spices and Commodities""]}",[],"{""Dry Fruits & Nuts"": [""Dry Fruits & Nuts""], ""Fresh Produce"": [""Fresh Produce""], ""Indian Ethnic Food"": [""Indian Ethnic Food""], ""Plant Based & Alternative Proteins"": [""Plant Based & Alternative Proteins""], ""Rice, Pulses, Grains, Spices and Commodities"": [""Rice, Pulses, Grains, Spices and Commodities""]}",B-08,2,www.bhadarkashi.in,COOL BREEZE AMUSEMENT PARK SARTINGAL,BHADARWAH,Jammu And Kashmir,India,182222,AAKCB4626L,+917827751998,https://www.facebook.com/,https://www.linkedin.com/home?originalSubdomain=in,https://www.twitter.com/,https://www.youtube.com/,https://www.twitter.com/,00000,Exporter,"BHADERKASHI FRUITS PRODUCER COMPANY LIMITED (BFPCL) IS A FARMER-OWNED PRODUCER COMPANY ESTABLISHED ON 21 JANUARY 2022 IN BHADERWAH, DODA DISTRICT, JAMMU & KASHMIR. THE COMPANY WAS FORMED WITH THE OBJECTIVE OF IMPROVING THE LIVELIHOODS OF FARMERS THROUGH SCIENTIFIC CULTIVATION, VALUE ADDITION, PROCESSING, BRANDING, AND MARKETING OF FRUITS AND OTHER AGRICULTURAL PRODUCE. IT PROMOTES SUSTAINABLE FARMING PRACTICES, STRENGTHENS MARKET LINKAGES, AND ENHANCES THE INCOME OF FARMERS IN THE REGION. TO

TODAY,THE FPO HAS MORE THAN 3000 FAMILIES ASSOCIATED WITH 12 FIGS AND 1 WOMEN GROUP FOR VA&P .",https://erp.tpci.in/images/upload/company_logo/Exhibitor-Logo-6817.png?rand=76234,,0,[],,[]
NDIxMTc0MTc5MDM0NmQ1NzpmZTk0NzhmYjZhNmZmMjE1YzYzY2E5OWY1Yzk4MWUwZDg1NjAwNzAwOnJpOXRaZlk3RlZTUnBqVUtjS2kxemc9PQ==,Bhailal Trikamlal & Co,Partnership,JAYESH BHAILALBHAI SHAH,Manufacturer Exporter,Food & Agri Products,"{""Food Ingredients"": [""Food Ingredients""], ""Rice, Pulses, Grains, Spices and Commodities"": [""Rice, Pulses, Grains, Spices and Commodities""]}","[{""productName"": ""CUMIN SEEDS"", ""description"": ""CUMIN SEEDS SINGAPORE\r\nCUMIN SEEDS EUROPE QUALITY"", ""productImage"": ""https://erp.tpci.in/frontend/exhibitor/product-178401217792432351.jpg?6.330141151631382""}, {""productName"": ""FENNEL SEEDS"", ""description"": ""FENNEL SEEDS SINGAPORE \r\nFENNEL SEEDS EUROPE"", ""productImage"": ""https://erp.tpci.in/frontend/exhibitor/product-178401217742939099.jpg?61.23035658265498""}, {""productName"": ""CORIANDER SEEDS"", ""description"": ""CORIANDER SEED EAGLE SORTEX"", ""productImage"": ""https://erp.tpci.in/frontend/exhibitor/product-178401217772689764.jpg?87.16136253174521""}]","{""Food Ingredients"": [""Food Ingredients""], ""Rice, Pulses, Grains, Spices and Commodities"": [""Rice, Pulses, Grains, Spices and Commodities""]}",E-23,2,https://www.btspices.com/,"A-49, MAIN LINE,GUNJ BAZAR",UNJHA,Gujarat,,384170,AACFB0792J,9898699998,https://www.facebook.com/,https://www.linkedin.com/home?originalSubdomain=in,https://www.twitter.com/,http://www.youtube.com/https://www.youtube.com/watch?v=aeveq58bUkw,https://www.twitter.com/,"20,833,333","Exporter,importer","BT SPICES BELIEVE IN BEING CLOSELY ALIGNED TO MARKET NEEDS, AND THEREFORE, ENSURE THAT WE DELIVER QUALITY PRODUCTS TO OUR CUSTOMERS. TO SCALE UP TO MEET THE GROWING DEMAND, WE MOVED FROM MANUAL GRINDING TO COMPLETELY PROGRAMMED MACHINES WITHOUT COMPROMISING ON TASTE AND AUTHENTICITY. OUR PRODUCTION PROCESS ENSURES OPTIMUM QUALITY AS WELL AS HYGIENE.",https://erp.tpci.in/images/upload/company_logo/Exhibitor-Logo-6594_6a55dc1833880.png?rand=19526,https://erp.tpci.in/uploads/ex_docs/6594/BT SPICES_BROCHURE.pdf415d4d39b977ed4bcb93a4b307adc672_6a4f86400cad1.pdf,02,"[{""id"": ""11794"", ""description"": ""happac"", ""link"": ""https://erp.tpci.in//frontend/exhibitor/a83a0c2b87832788fabb00c4fe6854f5_6a4f8697c28a4.pdf""}, {""id"": ""11795"", ""description"": ""BRC"", ""link"": ""https://erp.tpci.in//frontend/exhibitor/5a2cc9e081f9933492713dd9be232e76_6a4f86ac56b40.pdf""}]",,"[{""type"": ""youtube"", ""video_url"": ""https://www.youtube.com/watch?v=aeveq58bUkw"", ""title"": ""BT SPICES""}]"
ZjgwOTI1NmNlZWJjODhiMzo1MWYzNzRjNjQwMmNkNTc2MTNlMWM0ZDhhNjI4ZWE3MTFkOGQxOTFjOjRkcHNDbmNKWkRFS2F4RTRZNHhUR3c9PQ==,Bhandari Export,Proprietor,SHITAL TANMAY BHANDARI,Manufacturer Exporter,Food & Agri Products,"{""Rice, Pulses, Grains, Spices and Commodities"": [""Rice, Pulses, Grains, Spices and Commodities""]}","[{""productName"": ""A 1 KANDA LASUN MASALA"", ""description"": ""We say that spice is the important component of food, yes offcourse it is our A1 masala which makes food taste like a delicasy!!!\r\nShreekant Masale, founded in 1975 started with a small root and now the company has reached to different heights and levels."", ""productImage"": ""https://erp.tpci.in/frontend/exhibitor/product-17841029121693091.jpg?51.039044513403475""}, {""productName"": ""CHILLI POWDER"", ""description"": ""Shreekant Masale, founded in 1975 started with a small root and now the company has reached to different heights and levels."", ""productImage"": ""https://erp.tpci.in/frontend/exhibitor/product-178410291228560748.jpg?82.49288656049677""}, {""productName"": ""DHANA POWDER"", ""description"": ""Shreekant Masale, founded in 1975 started with a small root and now the company has reached to different heights and levels."", ""productImage"": ""https://erp.tpci.in/frontend/exhibitor/product-178410291263627868.jpg?59.347302335637906""}, {""productName"": ""KASHMIRI POWDER"", ""description"": ""Shreekant Masale, founded in 1975 started with a small root and now the company has reached to different heights and levels."", ""productImage"": ""https://erp.tpci.in/frontend/exhibitor/product-178410291292605656.jpg?49.25785507006371""}, {""productName"": ""PICKEL MANGP"", ""description"": ""Shreekant Masale, founded in 1975 started with a small root and now the company has reached to different heights and levels."", ""productImage"": ""https://erp.tpci.in/frontend/exhibitor/product-17841029126765035.jpg?68.24737141676933""}, {""productName"": ""FRESH BANANA"", ""description"": ""We are leading name engaged as Exporter and Supplier of wide range of Basmati Rice, Cashew Nuts, Cooking Spices and Masala, Dhaniya and Fresh Vegetables etc..."", ""productImage"": ""https://erp.tpci.in/frontend/exhibitor/product-178410291295799496.jpg?93.46329494702005""}, {""productName"": ""SWEET CORN"", ""description"": ""We are leading name engaged as Exporter and Supplier of wide range of Basmati Rice, Cashew Nuts, Cooking Spices and Masala, Dhaniya and Fresh Vegetables etc..."", ""productImage"": ""https://erp.tpci.in/frontend/exhibitor/product-178410291231226065.jpg?62.574363558156755""}, {""productName"": ""IDLI MIX"", ""description"": ""We are leading name engaged as Exporter and Supplier of wide range of Basmati Rice, Cashew Nuts, Cooking Spices and Masala, Dhaniya and Fresh Vegetables etc..."", ""productImage"": ""https://erp.tpci.in/frontend/exhibitor/product-178410291255978174.jpg?32.48193602308812""}, {""productName"": ""Misala Masala "", ""description"": ""We are leading name engaged as Exporter and Supplier of wide range of Basmati Rice, Cashew Nuts, Cooking Spices and Masala, Dhaniya and Fresh Vegetables etc..."", ""productImage"": ""https://erp.tpci.in/frontend/exhibitor/product-178410291270204658.jpg?74.68659251433479""}, {""productName"": ""Garam masala "", ""description"": ""We are leading name engaged as Exporter and Supplier of wide range of Basmati Rice, Cashew Nuts, Cooking Spices and Masala, Dhaniya and Fresh Vegetables etc..."", ""productImage"": ""https://erp.tpci.in/frontend/exhibitor/product-178410291267247567.jpg?75.98715757577416""}, {""productName"": ""Chat masala"", ""description"": ""We are leading name engaged as Exporter and Supplier of wide range of Basmati Rice, Cashew Nuts, Cooking Spices and Masala, Dhaniya and Fresh Vegetables etc..."", ""productImage"": ""https://erp.tpci.in/frontend/exhibitor/product-178410291215144416.jpg?55.87601340923087""}]","{""Rice, Pulses, Grains, Spices and Commodities"": [""Rice, Pulses, Grains, Spices and Commodities""]}",A-37,2,https://www.bhandariexports.com/,"S NO.672/5A,SARGAM SOCIETY, WINGA, SHOP NO 6. NEAR KALUBAI MAMDIR, BIBWEWADI",PUNE,Maharashtra,India,411037,AQSPT8196Q,9011021160,http://www.facebook.com/share/p/14j3AAnnWSQ/,https://www.linkedin.com/home?originalSubdomain=in,https://www.twitter.com/,https://www.youtube.com/,http://www.instagram.com/bhandariexport88?igsh=MTdicHUxYWZyZTVlNA==,1000,"Distributor,importer","BHANDARI EXPORT

TRADITION IN TASTE. EXCELLENCE IN EXPORT.

BHANDARI EXPORT IS A TRUSTED INDIAN EXPORTER AND SUPPLIER OF PREMIUM AGRICULTURAL PRODUCTS, SPICES, AND PROCESSED FOODS. BASED IN PUNE, MAHARASHTRA, WE ARE COMMITTED TO DELIVERING AUTHENTIC INDIAN QUALITY TO CUSTOMERS ACROSS THE GLOBE.

WITH A STRONG FOCUS ON QUALITY, HYGIENE, AND CUSTOMER SATISFACTION, WE SOURCE THE FINEST PRODUCTS AND ENSURE THEY MEET INTERNATIONAL STANDARDS FOR EXPORT. OUR MODERN PACKAGING SOLUTIONS AND RELIABLE LOGISTICS HELP PRESERVE FRESHNESS FROM FARM TO DESTINATION.

OUR PRODUCTS

- INDIAN SPICES & MASALAS
- F",https://erp.tpci.in/images/upload/company_logo/Exhibitor-Logo-6578_6a561a1b91823.jpg?rand=24448,https://erp.tpci.in/uploads/ex_docs/6578/Brochure Design single.pdf00f5b5d84e64a64a3d3d64afd00317dc_6a48fb840af21.pdf,02,"[{""id"": ""11877"", ""description"": ""GST CerCertificate"", ""link"": ""https://erp.tpci.in//frontend/exhibitor/852fd7029d0478db9734baae1534fd66_6a573cf87c69a.pdf""}, {""id"": ""11878"", ""description"": ""IEC Certificate "", ""link"": ""https://erp.tpci.in//frontend/exhibitor/94a1836a7fc537a7b0b940cc5516f8a6_6a573d08c4cdd.pdf""}]",,[]
YjM0YzAyMjdhYmQ5YmFhNTpkNGVlMDI0NzFiMDI0ZjVjYjMwNzlkZmJiY2ZiNjVlMGVmN2JkN2JkOmhDN3VYTW1VOWVlblF0NDNBZEI2TkE9PQ==,Bhayani Fodds Private Limited,Private Limited,CHETAN,Manufacturer Exporter,Food & Agri Products,"{""Beverage & Hot Drinks"": [""Beverage & Hot Drinks""]}","[{""productName"": ""Fryum Masala"", ""description"": ""Fryum Masala"", ""productImage"": ""https://erp.tpci.in/frontend/exhibitor/product-178463282015030682.jpg?17.171389532435118""}, {""productName"": ""Chips and Kurkure Masala"", ""description"": ""Chips and Kurkure Masala"", ""productImage"": ""https://erp.tpci.in/frontend/exhibitor/product-17846328203312069.jpg?77.5941189169829""}]","{""Beverage & Hot Drinks"": [""Beverage & Hot Drinks""]}",B-31B,2,https://www.google.com,"GROUND FLOOR, PLOT 5-6, LIBERTY INDUSTRIAL PARK, LASKANA KHOLVAL ROAD, KAMREJ, BHADA, SURAT, GUJARAT, 395013",SURAT,Gujarat,India,395013,AAOCB2009D,+917827751998,https://www.facebook.com/,https://www.linkedin.com/home?originalSubdomain=in,https://www.twitter.com/,https://www.youtube.com/,https://www.twitter.com/,1000,Exporter,BHAYANI FODDS PRIVATE LIMITED,https://erp.tpci.in/images/upload/company_logo/Exhibitor-Logo-6806.jpeg?rand=84077,https://erp.tpci.in/uploads/ex_docs/6806/Brochure Bhayani.pdfbf207450345152310763fa02995f09aa_6a5f55176a246.pdf,01,"[{""id"": ""11990"", ""description"": ""gst"", ""link"": ""https://erp.tpci.in//frontend/exhibitor/aa61282512641f337ae704ae3862ae20_6a5f552986f16.pdf""}]",,[]
YWU0YTVhNmE4ZTBjNDI4ZDo4ZWVhNGNiYjA3ZGE4NzViMzAzMjc1MzkzNmYzY2UyZjU4N2M0ZTYxOkV1ZzU1VjYzRlN2MDZmRHR6MWZRS0E9PQ==,Blos Showers Agro Private Limited,Private Limited,Thelapanda Manicha Poovayya,Manufacturer Exporter,Food & Agri Products,"{""Bakery & Breads"": [""Bakery & Breads""], ""Food Ingredients"": [""Food Ingredients""], ""Organic, Natural & Ethical Foods"": [""Organic, Natural & Ethical Foods""]}",[],"{""Bakery & Breads"": [""Bakery & Breads""], ""Food Ingredients"": [""Food Ingredients""], ""Organic, Natural & Ethical Foods"": [""Organic, Natural & Ethical Foods""]}",,,https://blosshowers.com/,"NO 95 2ND ACROSS, HBR LAYOUT, NEAR HP PETROL BULK",BANGALORE,Karnataka,India,560043,AALCB6505F,+917827751998,https://www.facebook.com/,https://www.linkedin.com/home?originalSubdomain=in,https://www.twitter.com/,https://www.youtube.com/,https://www.twitter.com/,1000,"Distributor,importer",BLOS SHOWERS AGRO PRIVATE LIMITED,https://erp.tpci.in/images/upload/company_logo/Exhibitor-Logo-6643.jpeg?rand=1175,,0,[],,[]
MzE3N2VmMTA0ZDczNDg1ZTowMDUyZGI1ZDI2YTYxYjg1OGViYjI2YmNjNTU4MDFiYmFiMjcxOGU3OkZpOHpBbEdLTnpsSFlndUNVV2FXc0E9PQ==,Brothers Global Exports,Partnership,DINESH C,Manufacturer Exporter,Food & Agri Products,"{""Indian Ethnic Food"": [""Indian Ethnic Food""], ""Organic, Natural & Ethical Foods"": [""Organic, Natural & Ethical Foods""], ""Rice, Pulses, Grains, Spices and Commodities"": [""Rice, Pulses, Grains, Spices and Commodities""]}","[{""productName"": ""Millets Grains & Millets-Value added products"", ""description"": ""Our range of whole millets includes Pearl Millet (Bajra), Sorghum (Jowar), Finger Millet (Ragi), Foxtail Millet, Little Millet, Kodo Millet, Barnyard Millet, Proso Millet, and Browntop Millet.\r\nWe also offer an extensive portfolio of value-added millet products, including Millet Flour, Millet Flakes,"", ""productImage"": ""https://erp.tpci.in/frontend/exhibitor/product-178417905435072298.jpg?45.004995395434086""}]","{""Indian Ethnic Food"": [""Indian Ethnic Food""], ""Organic, Natural & Ethical Foods"": [""Organic, Natural & Ethical Foods""], ""Rice, Pulses, Grains, Spices and Commodities"": [""Rice, Pulses, Grains, Spices and Commodities""]}",E-08,2,https://brothersglobalexports.com/,"NO.206, MOOVARASAMPET MAIN ROAD,KRISHNA NAGAR MADIPAKKAM",CHENNAI,Tamil Nadu,India,600091,ABCFB8234E,+917827751998,https://www.facebook.com/,https://www.linkedin.com/home?originalSubdomain=in,https://www.twitter.com/,https://www.youtube.com/,https://www.twitter.com/,1000,"Distributor,exporter","BROTHERS GLOBAL EXPORTS WAS FOUNDED TO CONNECT GLOBAL DEMAND WITH INDIA’S MOST RELIABLE AGRI-SOURCING. SPECIALIZING IN PREMIUM MILLETS, WE PARTNER WITH CERTIFIED GROWERS AND PROCESSORS TO DELIVER CONSISTENT QUALITY, GLOBAL COMPLIANCE, AND UNINTERRUPTED SUPPLY.",https://erp.tpci.in/images/upload/company_logo/Exhibitor-Logo-6658_6a586a6d5f852.png?rand=85554,https://erp.tpci.in/uploads/ex_docs/6658/Brothers global brochure-jan26.pdf47c4d32ecf9b745d99b7e2937df670fd_6a586b62ce7a6.pdf,01,"[{""id"": ""11901"", ""description"": ""USFDA"", ""link"": ""https://erp.tpci.in//frontend/exhibitor/4d3c3488e4fbf90a84d047754fb16245_6a586e3253226.pdf""}]",,[]
ZmFjZmJjMzQ2MDBiMTQ3OTo4Njk1ODY5YmQwZTljZDY0NWNlNDJjYjFkYmIzNWNlMDEwZmE4ZjNiOngxSlNteUhkSms0ZWs5cWlqR0JRZ3c9PQ==,Canny Coverage Packaging Pvt Ltd,Private Limited,DEVANSHI DALAL,Manufacturer Importer,Printing & Packaging Products & Machinery,"{""Packaging Material"": [""Packaging Material""], ""Private Label"": [""Private Label""]}","[{""productName"": ""ROTARY CPFS-50(PICK FILL SEAL MACHINE)"", ""description"": ""The Automatic Rotary Premade Pouch Packing Machine is designed to package liquids, powders, granules, pastes, and solid products with speed, precision, and reliability. Featuring an 8-station rotary system,  compatibility with Flat, Stand-Up, Back Seal& Zipper  bags giving the speed up to 60BPM."", ""productImage"": ""https://erp.tpci.in/frontend/exhibitor/product-178316476443959400.jpg?41.119906344562686""}, {""productName"": ""MULTIHEAD FFS MACHINE"", ""description"": ""This Machine combines precision weighing with high-speed automation for efficient packaging of snacks, confectionery, dry fruits, frozen foods, and granules. Featuring 10-14 Weigher,  it ensures accurate filling and consistent packaging speeds of up to 70PPM"", ""productImage"": ""https://erp.tpci.in/frontend/exhibitor/product-178316476425018299.jpg?46.24106934875349""}, {""productName"": ""TRIPLE SERVO AUGER FFS MACHINE"", ""description"": ""The Triple Servo Auger FFS Packaging Machine is engineered for all types of powder products, offering high precision and exceptional filling accuracy.Powered by three servo motors and an advanced auger filling system it ensures smooth operation, reliable sealing, and consistent packaging performance"", ""productImage"": ""https://erp.tpci.in/frontend/exhibitor/product-178316476495868106.jpg?7.845630783443927""}]","{""Packaging Material"": [""Packaging Material""], ""Private Label"": [""Private Label""]}",D-32,2,https://www.cannycoveragepackagings.com,"P-60, RAMKRISHNA INDUSTRIAL SOCIETY, BEHIND UDHANA ACADEMIC COLLAGE, UDHANA",SURAT,Gujarat,India,394210,AADCC6681K,9998855700,http://www.facebook.com/coveragepackagings,http://www.linkedin.com/company/101558506/admin/dashboard/,https://www.twitter.com/,http://www.youtube.com/@cannycoveragepackagings,http://www.instagram.com/canny.coverage?igsh=MTU0Mm13NHRmODA3bw==,1000,"Distributor,exporter,importer","CANNY COVERAGE PACKAGING PVT. LTD,",https://erp.tpci.in/images/upload/company_logo/Exhibitor-Logo-6583_6a59d2df7a233.jpg?rand=89750,https://erp.tpci.in/uploads/ex_docs/6583/Canny Coverage Catalogue (2).pdfec4f3709da42576194e89e9a4b8bc012_6a479fa9b1269.pdf,02,"[{""id"": ""11888"", ""description"": ""GST CERTIFICATE"", ""link"": ""https://erp.tpci.in//frontend/exhibitor/ee6b8b1766a61c635dad48b78cad6523_6a575b00450bd.pdf""}, {""id"": ""11889"", ""description"": ""IEC"", ""link"": ""https://erp.tpci.in//frontend/exhibitor/b0079df8dd3f15e9098b55f5700fc0f7_6a575b20cce27.pdf""}]",,"[{""type"": ""youtube"", ""video_url"": ""https://youtu.be/Pp_krtkZs8Q?si=vlN4K_0qp9Ph4a7_"", ""title"": ""INTRODUCTION"", ""description"": ""We pack possibilities.\nPremix ☕ | Tea ? | Coffee ☕ | Granules ? | Namkeen ? | Paste ? | And much more.\nSmart machines. Reliable performance. Seamless automation.\n? Let's build your packaging line.""}]"
ZTUwZjNmMTdlMmZiZGEwZToyODQ3ZjIxN2ZiZmY4ZTIwNDdmOTFkOTgxZTk0MzFmMjM5NTA0MmUwOlBmN0lydjRkaTBndHpYSzRxNFlSK1E9PQ==,Centre Point Foods Private Limited,Private Limited,NARENDRA BONDRE,Manufacturer,Food & Agri Products,"{""Rice, Pulses, Grains, Spices and Commodities"": [""Rice, Pulses, Grains, Spices and Commodities""], ""Snacks & On the Go Foods"": [""Snacks & On the Go Foods""]}","[{""productName"": ""Ginger Garlic Paste"", ""description"": ""Micky’s Ginger Garlic Paste delivers fresh aroma and rich flavour instantly, saving prep time in any kitchen. Ready to use and thermally processed for consistency, it ensures authentic taste without artificial colours. Perfect for gravies, marinades, and everyday cooking."", ""productImage"": ""https://erp.tpci.in/frontend/exhibitor/product-178472903430445233.jpg?32.27622856597996""}, {""productName"": ""Pizza Pasta Sauce"", ""description"": ""Micky’s Pizza Pasta Sauce is a bold, tangy tomato-based sauce made with real spices for authentic flavour. Perfect for pizzas, pastas, and fusion dishes, it delivers consistency with no added preservatives or artificial colours. Just heat and use."", ""productImage"": ""https://erp.tpci.in/frontend/exhibitor/product-178472903420254936.jpg?21.501289141831258""}, {""productName"": ""Tomato Concasse"", ""description"": ""Micky’s Tomato Concasse offers chunky, juicy tomatoes with a fresh natural taste. Ready to use and preservative-free, it’s perfect for gravies, sauces, and fusion dishes. Just open, cook, and elevate your recipes."", ""productImage"": ""https://erp.tpci.in/frontend/exhibitor/product-178472903413460997.jpg?10.677763084580901""}, {""productName"": ""Onion Tomato Masala"", ""description"": ""Micky’s Onion Tomato Masala is a rich, slow-cooked base made from onions, tomatoes, and spices. Perfect for Indian gravies, it saves time while delivering consistent, homely flavour. Just heat, add ingredients, and cook."", ""productImage"": ""https://erp.tpci.in/frontend/exhibitor/product-178472903497105084.jpg?88.88495107077523""}, {""productName"": ""Kadhai Gravy"", ""description"": ""Micky’s Kadhai Gravy is a bold, spice-rich base made with tomatoes and aromatic Indian spices. Perfect for paneer, vegetables, and curries, it delivers authentic kadhai flavour with no added preservatives. Just heat, add ingredients, and cook."", ""productImage"": ""https://erp.tpci.in/frontend/exhibitor/product-178472903464222703.jpg?12.391469173497956""}, {""productName"": ""Makhani Gravy"", ""description"": ""Micky’s Makhani Gravy is a rich, creamy tomato-based gravy made with butter and cashews. Perfect for paneer and chicken dishes, it delivers authentic restaurant-style flavour with consistent quality. Just heat and cook."", ""productImage"": ""https://erp.tpci.in/frontend/exhibitor/product-178472903417058719.jpg?95.3024957285286""}, {""productName"": ""Malabari Gravy"", ""description"": ""Micky’s Malabari Gravy is a coconut-based coastal curry with roasted spices and mild tanginess. Perfect for South Indian-style dishes, it offers balanced flavour and ready-to-cook convenience with no added preservatives."", ""productImage"": ""https://erp.tpci.in/frontend/exhibitor/product-178472903442754813.jpg?39.33807419551357""}, {""productName"": ""Yellow Gravy"", ""description"": ""Micky’s Yellow Gravy is a smooth, creamy base made with cashews and mild spices. Ideal for comfort-style dishes, it offers rich texture and consistent flavour with ready-to-cook convenience."", ""productImage"": ""https://erp.tpci.in/frontend/exhibitor/product-178472903447804782.jpg?10.782886865346587""}, {""productName"": ""Toor Dal"", ""description"": ""Micky’s Boiled Toor Dal is made from premium quality split pigeon peas that are carefully cooked and ready to use. With its smooth texture and natural flavour, it is perfect for preparing traditional dishes like dal tadka, sambhar, and everyday home-style meals. Thermally processed with no added pre"", ""productImage"": ""https://erp.tpci.in/frontend/exhibitor/product-178472903433845381.jpg?35.90021481355672""}, {""productName"": ""Kabuli Chana"", ""description"": ""Micky’s Boiled Chole is made from high-quality Kabuli Chana that is soft, nutritious, and ready to use. With a mild nutty flavour and firm texture, it is perfect for preparing chole curry, salads, wraps, and rice bowls. Thermally processed with no added preservatives or additives, simply open the pa"", ""productImage"": ""https://erp.tpci.in/frontend/exhibitor/product-178472903467093499.jpg?47.15241654510835""}, {""productName"": ""Black Chana"", ""description"": ""Micky’s Boiled Black Chana is perfectly cooked to retain its natural earthy flavour and firm texture. Ready to use and thermally processed for safety, it helps you prepare delicious dishes quickly without soaking or long cooking time. Just open, cook, and serve with confidence."", ""productImage"": ""https://erp.tpci.in/frontend/exhibitor/product-178472903416260479.jpg?28.061441358236078""}, {""productName"": ""Kidney Beans"", ""description"": ""Micky’s Boiled Rajma is soft, creamy, and ready to cook, making it perfect for quick and delicious meals. Carefully cooked and thermally processed to maintain natural taste and quality, it contains no added preservatives or additives. Simply open, heat, and use it to prepare rajma curry, rice bowls,"", ""productImage"": ""https://erp.tpci.in/frontend/exhibitor/product-178472903469555915.jpg?98.84996022921983""}]","{""Rice, Pulses, Grains, Spices and Commodities"": [""Rice, Pulses, Grains, Spices and Commodities""], ""Snacks & On the Go Foods"": [""Snacks & On the Go Foods""]}",A-31,2,https://www.google.com,"FP-55,56, BUTBBORI MIDC MAINROAD, BUTIBORI MIDC",NAGPUR,Maharashtra,India,441122,AAJCC4568R,+917827751998,https://www.facebook.com/,https://www.linkedin.com/home?originalSubdomain=in,https://www.twitter.com/,https://www.youtube.com/,http://www.instagram.com/mickys.ki.zimmedari,1000,"Distributor,exporter",CENTRE POINT FOODS PRIVATE LIMITED,https://erp.tpci.in/images/upload/company_logo/Exhibitor-Logo-6670_6a6087f4b2ec5.png?rand=63275,https://erp.tpci.in/uploads/ex_docs/6670/Mickys-Brochure-English-compressed.pdfbfa4c1843d7966cd78e58ce47d375388_6a60896b8a4bf.pdf,01,"[{""id"": ""11998"", ""description"": ""fssai license"", ""link"": ""https://erp.tpci.in//frontend/exhibitor/950705d1cf304582d5bbf28bae015a8c_6a606e661b7af.pdf""}]",,[]
MTE1NzM1NWYzOWU4NGM2YjowODI4OWQxNWY1NmE3Zjg0ZjU5NDMxOGVhMGRlZTdiMzc1YmRjYTk4OnM4UHZEOURYU0tad29tdENVamZQenc9PQ==,Chaizup Beverages Llp,Partnership,LAXMIKANT TAUNK,Manufacturer Exporter,Food & Agri Products,"{""Beverage & Hot Drinks"": [""Beverage & Hot Drinks""]}",[],"{""Beverage & Hot Drinks"": [""Beverage & Hot Drinks""]}",,,https://www.google.com,"6,PICASSO BITHI, 5TH FLOOR,UNIT-4,REGENCY,",KOLKATA,West Bengal,India,700016,AAKFC7486Q,+917827751998,https://www.facebook.com/,https://www.linkedin.com/home?originalSubdomain=in,https://www.twitter.com/,https://www.youtube.com/,https://www.twitter.com/,1000,"Distributor,exporter,importer",CHAIZUP BEVERAGES LLP,https://erp.tpci.in/images/upload/company_logo/Exhibitor-Logo-6687.jpeg?rand=45444,,0,[],,[]
MmFjOTg0YTcyNDhjNWZmODoyNjRiMmZiNGMxNGJiNDVjYzdkZTM3MTJjMGE2NzQyOGI1YmVkMGUxOkw4VVF6ZzJFVnQ3U2lpbGtBdXpYSUE9PQ==,Chamber For Advancement Of Small & Medium Businesses,Private Limited,SHIVANSHI SRIVASTAV,Service Provider,Others,"{""Service, Associations & Trade Support"": [""Service, Associations & Trade Support""]}",[],"{""Service, Associations & Trade Support"": [""Service, Associations & Trade Support""]}",A-19,2,https://casmb.org.in/,"G-1/B, PLOT NO. E-7, DOSTI PINNACLE, ROAD NUMBER 22,
WAGLE ESTATE, THANE, THANE, MAHARASHTRA, 400604",THANE,Maharashtra,India,400604,AAJCC2149N,+917827751998,https://www.facebook.com/,https://www.linkedin.com/home?originalSubdomain=in,https://www.twitter.com/,https://www.youtube.com/,https://www.twitter.com/,NA,Exporter,"OUR CHAMBER IS FOCUSED ON NURTURING AND EMPOWERING SMALL AND MEDIUM ENTERPRISES (SMES) ACROSS SECTORS LIKE FOOD, MANUFACTURING, AND WOMEN-LED BUSINESSES BY FOSTERING INNOVATION, COLLABORATION, AND GROWTH. THROUGH EXPERT GUIDANCE, POLICY ADVOCACY, SKILL DEVELOPMENT, AND INCLUSIVE PLATFORMS, WE AIM TO BUILD A ROBUST AND SELF-RELIANT MSME ECOSYSTEM.",https://erp.tpci.in/images/upload/company_logo/Exhibitor-Logo-6788.jpg?rand=68972,,0,[],,[]
N2VmZTBhNTVkYjZiZTdlMDoyMmI3OTUyZGYwNjA0NjFlYmM5NjU4OTgxYTAzNzZlY2FhZDc1YzU1Ok5NMmszSVFpSmttS2ZyUUZia2gyL1E9PQ==,Collective Foods (india) Llp,Partnership,HARSH AKBARI,Manufacturer Exporter,Food & Agri Products,"{""Organic, Natural & Ethical Foods"": [""Organic, Natural & Ethical Foods""], ""Rice, Pulses, Grains, Spices and Commodities"": [""Rice, Pulses, Grains, Spices and Commodities""]}","[{""productName"": ""READY TO EAT AND COOK PRODUCTS WITH PRIVATE LABLE OPTIONS "", ""description"": ""Make Your Meal offers a premium range of ready-to-cook and ready-to-eat food products made with quality ingredients, authentic flavors, and a focus on convenience. Our products are designed to meet the evolving needs of modern consumers while maintaining high standards of taste, nutrition, and food"", ""productImage"": ""https://erp.tpci.in/frontend/exhibitor/product-178418154461275410.jpg?4.586027194360296""}, {""productName"": ""GINGER GARLIC PASTE "", ""description"": "" A smooth, ready-to-use blend of premium-quality ginger and garlic, crafted to deliver authentic flavor and aroma. Ideal for a wide range of cuisines, it saves preparation time while ensuring consistent taste and quality."", ""productImage"": ""https://erp.tpci.in/frontend/exhibitor/product-178418154462423364.jpg?78.8186379511083""}, {""productName"": ""GARLIC PASTE "", ""description"": ""A ready-to-use paste made from premium-quality garlic, offering rich flavor and aroma for everyday cooking. Perfect for curries, marinades, sauces, and a variety of savory dishes, ensuring convenience and consistent taste."", ""productImage"": ""https://erp.tpci.in/frontend/exhibitor/product-178418154457747.jpg?80.33511124582506""}, {""productName"": ""TOMATO PUREE 400GMS AND 800 GMS "", ""description"": ""Made from carefully selected ripe tomatoes, our tomato purée delivers a rich color, smooth texture, and authentic taste. Ideal for soups, sauces, curries, gravies, and a variety of culinary applications, offering consistent quality and convenience."", ""productImage"": ""https://erp.tpci.in/frontend/exhibitor/product-178418154456416667.jpg?65.21964544916491""}]","{""Organic, Natural & Ethical Foods"": [""Organic, Natural & Ethical Foods""], ""Rice, Pulses, Grains, Spices and Commodities"": [""Rice, Pulses, Grains, Spices and Commodities""]}",B-15,2,https://makeyourmeal.in/,"SURVEY NO. 236 KERALA NALSAROVAR ROAD (KENSVILLE ROAD AT AMIPURA OPPOSITE SWAYAM LIFESURVEY NO. 236 KERALA NALSAROVAR ROAD (KENSVILLE ROAD AT AMIPURA OPPOSITE SWAYAM LIFE SPACE), NEAR SHAKTI PETROLEUM",AHMEDABAD,Gujarat,India,382220,AANFC4959K,9724325940,https://www.facebook.com/,https://www.linkedin.com/home?originalSubdomain=in,https://www.twitter.com/,https://www.youtube.com/,http://www.instagram.com/https://www.instagram.com/make_yourmeal,1000,"Distributor,exporter","AT MAKE YOUR MEAL, WE BRING YOU AUTHENTIC, READY-TO-EAT MEALS CRAFTED WITH CARE, ENSURING FRESHNESS AND UNBEATABLE FLAVOURS IN EVERY BITE. EXPERIENCE THE TASTE OF HOME, WHEREVER YOU ARE.",https://erp.tpci.in/images/upload/company_logo/Exhibitor-Logo-6663.png?rand=52535,https://erp.tpci.in/uploads/ex_docs/6663/Brouchure Bi fold-compressed.pdf10d3a65e062dde07b2117892e911a3d7_6a588399b6d56.pdf,01,"[{""id"": ""11905"", ""description"": ""brc"", ""link"": ""https://erp.tpci.in//frontend/exhibitor/355a0746161b5dfbd47a1a25cba4502c_6a58802cac43d.pdf""}]",,"[{""type"": ""youtube"", ""video_url"": ""https://youtu.be/seoQWvQxUQU"", ""title"": ""food packing""}]"
ZmFhYzQyN2IzNTI0MDdiMTo1OGNiOWEyMzk3ZDY2ZjFhZjZiODg1YzIyZmFhM2MxMjgwNjRjYTk2OkZkcUhmazhFelFPcHRFcUpwU0Q0d1E9PQ==,Damani Beverages Llp,Partnership,KUNAL DAMANI,Manufacturer,Food & Agri Products,"{""Beverage & Hot Drinks"": [""Beverage & Hot Drinks""], ""Wines & Spirits"": [""Wines & Spirits""]}","[{""productName"": ""The Good Vibe - Virgin Mojito"", ""description"": ""A refreshing blend of zesty lime, cool mint, and a hint of sweetness, perfect for a revitalizing pick-me-up. \r\n\r\nAvailable Size - 250 ML Cans"", ""productImage"": ""https://erp.tpci.in/frontend/exhibitor/product-178395404094309224.jpg?78.33100527369511""}, {""productName"": ""The Good Vibe - Guava Chilli"", ""description"": ""A bold fusion of juicy guava and a spicy kick of chilli, creating an exciting and unique flavor experience.\r\n\r\nAvailable Size - 250 ML Cans"", ""productImage"": ""https://erp.tpci.in/frontend/exhibitor/product-178395404028250287.jpg?73.48448547859162""}, {""productName"": ""The Good Vibe - Litchi Lime"", ""description"": ""An exotic pairing of luscious litchi and zesty lime, delivering a refreshing and aromatic beverage.\r\n\r\nAvailable Size - 250 ML Cans"", ""productImage"": ""https://erp.tpci.in/frontend/exhibitor/product-17839540401160375.jpg?32.4294146452373""}, {""productName"": ""The Good Vibe - Green Apple Orange"", ""description"": ""A crisp and tangy combination of green apple and citrusy orange, providing a burst of invigorating freshness.\r\n\r\nAvailable Size - 250 ML Cans"", ""productImage"": ""https://erp.tpci.in/frontend/exhibitor/product-178395404065765358.jpg?41.693619863776135""}, {""productName"": ""The Good Vibe - Peach Berry"", ""description"": ""A delightful mix of succulent peach and vibrant berry flavors, offering a sweet and tangy refreshment.\r\n\r\nAvailable Size - 250 ML Cans"", ""productImage"": ""https://erp.tpci.in/frontend/exhibitor/product-178395404082041978.jpg?11.179858456533271""}, {""productName"": ""The Good Vibe - Pina Colada"", ""description"": ""A tropical escape in a can with the rich, creamy taste of coconut and the sweet tang of ripe pineapple.\r\n\r\nAvailable Size - 250 ML Cans"", ""productImage"": ""https://erp.tpci.in/frontend/exhibitor/product-178395404048957059.jpg?30.818435764702446""}, {""productName"": ""The Good Tempt - Classic"", ""description"": ""Pure indulgence, no distractions. A timeless taste for the true chocolate connoisseur.\r\n\r\nNo Added Sugar | No Palm Oil | No Preservatives \r\n\r\nAvailable Sizes: 20gms / 35gms / 50gms\r\n"", ""productImage"": ""https://erp.tpci.in/frontend/exhibitor/product-178395404070385218.jpg?20.5526065272769""}, {""productName"": ""The Good Tempt - Swiss Vanilla"", ""description"": ""Silky smooth with real vanilla extract. A delicate and sophisticated flavour experience.\r\n\r\nNo Added Sugar | No Palm Oil | No Preservatives \r\n\r\nAvailable Sizes: 20gms / 35gms / 50gms"", ""productImage"": ""https://erp.tpci.in/frontend/exhibitor/product-178395404088303105.jpg?10.30772841564168""}, {""productName"": ""The Good Tempt - Coffee Tiramisu"", ""description"": ""Bold, deep, unforgettable. The rich aroma of coffee infused with decadent chocolate notes.\r\n\r\nNo Added Sugar | No Palm Oil | No Preservatives \r\n\r\nAvailable Sizes: 20gms / 35gms / 50gms"", ""productImage"": ""https://erp.tpci.in/frontend/exhibitor/product-178395404033432252.jpg?89.8808255697422""}, {""productName"": ""The Good Tempt - Roasted Almond"", ""description"": ""Crunch meets creamy. Perfectly roasted almonds enveloped in smooth, rich chocolate.\r\n\r\nNo Added Sugar | No Palm Oil | No Preservatives \r\n\r\nAvailable Sizes: 20gms / 35gms / 50gms"", ""productImage"": ""https://erp.tpci.in/frontend/exhibitor/product-178395404056205774.jpg?18.48094567515044""}]","{""Beverage & Hot Drinks"": [""Beverage & Hot Drinks""], ""Wines & Spirits"": [""Wines & Spirits""]}",B-17,2,https://thegoodvibe.in,"206, 2ND FLOOR, RICHA COMMERCE CENTRE BUILDING NO 11, WALIV PHATA",PALGHAR,Maharashtra,India,401208,AAWFD7305B,7021771681,https://www.facebook.com/,http://www.linkedin.com/in/sumit-bafna,https://www.twitter.com/,http://www.youtube.com/@GoodVibe-signaturemocktails,http://www.instagram.com/thegoodvibein,,"Distributor,exporter,importer","WE’RE THE GOOD VIBE – A SIGNATURE MOCKTAIL BRAND MADE FOR EVERYONE.

NOT YOUR AVERAGE BEVERAGE COMPANY, WE’RE HERE TO SHAKE UP HOW PEOPLE SIP, CELEBRATE, AND CHILL. WHETHER YOU’RE THE ONE HOSTING A HOUSE PARTY, ORDERING DRINKS AT A CAFÉ, OR JUST LOOKING FOR SOMETHING REFRESHING AND FUN – OUR CANS ARE YOUR PERFECT VIBE PARTNER.

WE BELIEVE IN BOLD FLAVOURS, AESTHETIC EXPERIENCES, AND DRINKS THAT EVERYONE CAN ENJOY – WHETHER MIXED, CHILLED, OR STRAIGHT FROM THE CAN.",https://erp.tpci.in/images/upload/company_logo/Exhibitor-Logo-6591_6a54fb88a45a5.png?rand=18452,https://erp.tpci.in/uploads/ex_docs/6591/TGV X TGT Portfolios 2.0.pdfbe6762875e6645ef2008d23a057e2b0e_6a54f31b37ca3.pdf,02,"[{""id"": ""11858"", ""description"": ""COI"", ""link"": ""https://erp.tpci.in//frontend/exhibitor/5f14247490a2712aadbe50496ec4ee57_6a54fabf9165e.pdf""}, {""id"": ""11859"", ""description"": ""MSME"", ""link"": ""https://erp.tpci.in//frontend/exhibitor/f5be699bf27278a1530a1cc288106a27_6a54face3cb7c.pdf""}]",,[]
NmJjMmY4NDBhZDIxNDBhNzoxMmUxODJjZGUxZjUwMzkwZTY1ZmNkOWIxOWE0YWRjNDQ4MzkxZGMxOmRaWlQ3Z2QzL0h0cGhRMVl2WElHbVE9PQ==,Dayalal Velji And Sons,Partnership,KRUNAL NAGRECHA,Manufacturer Exporter,Food & Agri Products,"{""Fats & Oils"": [""Fats & Oils""]}",[],"{""Fats & Oils"": [""Fats & Oils""]}",C-17,2,https://www.google.com,GAREDIYA KUWA ROAD,RAJKOT,Gujarat,India,360001,AALFD6885H,+917827751998,https://www.facebook.com/,https://www.linkedin.com/home?originalSubdomain=in,https://www.twitter.com/,https://www.youtube.com/,https://www.twitter.com/,1000,"Distributor,importer",DAYALAL VELJI AND SONS,https://erp.tpci.in/images/upload/company_logo/Exhibitor-Logo-6613_6a5b28391c998.jpeg?rand=37294,,0,[],,[]
MDhiZWE1YTlhNGY3NTMzYjpmZDM3MDllNmM1MzI4OWUxMDc5OTg5OWEyZTQzMWI1NmRhNTBiMWJjOjlOMzRvQkdvZHdEQkl6WXpJWC81Nnc9PQ==,Delite Industries,Proprietor,HIMANSHU PATIL,Manufacturer,Food & Agri Processing Machinery,"{""Automation, Robotics & Smart Factories"": [""Automation, Robotics & Smart Factories""], ""Digital FoodTech, Traceability & AI"": [""Digital FoodTech, Traceability & AI""], ""Quality Control, Testing & Compliance"": [""Quality Control, Testing & Compliance""]}","[{""productName"": ""vibro sifter "", ""description"": ""Engineered for precision screening and dependable performance, the Delite Vibro Sifter is a high?efficiency gyratory screening machine for grading, scalping, and safety sifting of powders and granules.  by Working principle of this equipment An energy?efficient vibratory motor with adjustable eccent"", ""productImage"": ""https://erp.tpci.in/frontend/exhibitor/product-17842030436738884.jpg?29.983417065798694""}]","{""Automation, Robotics & Smart Factories"": [""Automation, Robotics & Smart Factories""], ""Digital FoodTech, Traceability & AI"": [""Digital FoodTech, Traceability & AI""], ""Quality Control, Testing & Compliance"": [""Quality Control, Testing & Compliance""]}",E-22,2,https://deliteindustries.in/,"7-8,SAINATH IND.ESTATE,NR.BHAGVATI FOUNDRY, GIDC ODHAV-382415",AHMEDABAD,Gujarat,,382415,AEHPP6058C,9978618779,http://www.facebook.com/Deliteindustries,http://www.linkedin.com/company/deliteindustries,https://www.twitter.com/,http://www.youtube.com/@DeliteIndustries,http://www.instagram.com/deliteindustries/,1000,"Distributor,importer","WE ARE A RENOWNED MANUFACTURER, WHOLESALER, RETAILER AND EXPORTER OF MAGNETIC SEPARATOR, VIBRATING EQUIPMENT, MAGNETIC EQUIPMENT, INDUSTRIAL MAGNETS, ELECTRO MAGNETIC EQUIPMENT, ROLLER MAGNETIC SEPARATOR, INDUSTRIAL FEEDER, GYRO SCREEN AND MUCH MORE.",https://erp.tpci.in/images/upload/company_logo/Exhibitor-Logo-6607_6a5b1c0ba3b29.png?rand=45559,https://erp.tpci.in/uploads/ex_docs/6607/Delite Ind. - PDF (1) (2).pdf2ef7e23e3b66d5c46a8c46665ef1a4b6_6a58ad11cf5b4.pdf,0,[],,"[{""type"": ""youtube"", ""video_url"": ""https://www.youtube.com/watch?v=nL3K4kwGSa8"", ""title"": ""moringa powder cleaning & sieving"", ""description"": ""check out our trial working video of moringa Powder Cleaning & Sieving  separation video on Ultra Fine Wire-mesh in Delite vibro machine which have Mesh De-blinding arrangement (round Rings and rubber balls) to avoid mesh blockage.""}, {""type"": ""youtube"", ""video_url"": ""https://www.youtube.com/watch?v=-517smku9Wc"", ""title"": ""separation of Quartz in vibro sifter"", ""description"": ""check out our working video for gradation of Quartz,   The gyratory separator is one of the peerless & optimum sieving equipment that is useful for almost all kind of screening, scalping, de-dusting, filtering & graduation applications. many more application to screen any powder material and solid liquid separation vibro equipment designed to provide accurate and efficient screening, grading, and sorting of materials, making it an ideal solution for industries that require high precision and quality standards for more information call us  \n\ncall Us on :-  +91-6351265708""}]"
MzRjOWUxNDA3MWFiZDIxNDowM2MwNjNmZGQ5MjBlZTcwN2FlNDZmN2Q2NWVhYzhmMGU5YjA3NDVlOjFxb3VGNjdIQXhvSEhEWjVZVGtEd0E9PQ==,Desai Products,Proprietor,RAMCHANDRA JAYANT DESAI,Manufacturer,Food & Agri Products,"{""Fresh Produce"": [""Fresh Produce""]}",[],"{""Fresh Produce"": [""Fresh Produce""]}",A-35,2,https://www.desaiproducts.in/,"AT POST PAWAS, RATNAGIRI",RATNAGIRI,Maharashtra,India,415616,AECPD3908E,+917827751998,https://www.facebook.com/,https://www.linkedin.com/home?originalSubdomain=in,https://www.twitter.com/,https://www.youtube.com/,https://www.twitter.com/,1000,"Distributor,importer",DESAI PRODUCTS,https://erp.tpci.in/images/upload/company_logo/Exhibitor-Logo-6644_6a5b5ef7e242a.jpeg?rand=80649,,0,[],,[]
MDYzY2I5OTY4OWVmYTdmOTo5ZjE5NmE1ZmJlMDNhYmUxYWE0ZjU1Mzg3Y2ZjZTg1MzEwNDVhZmY3OmM2UTZvekYxT09jeHNIK2tNSE1LdFE9PQ==,Dhanhar Masala Bhandar Pvt. Ltd.,Public Limited,UTKARSH WANKAWALA,Manufacturer,Food & Agri Products,"{""Frozen, Ready to Eat & Ready to Cook Food"": [""Frozen, Ready to Eat & Ready to Cook Food""], ""Private Label"": [""Private Label""], ""Rice, Pulses, Grains, Spices and Commodities"": [""Rice, Pulses, Grains, Spices and Commodities""]}","[{""productName"": ""SHAHI PANEER MASALA"", ""description"": ""PACK INFO: 50g & 100g (BOX PACK)\r\n                     200g & 500g (JAR PACK)\r\nALSO AVAILABLE FOR PRIVATE LABELING, LOOSE SUPPLE, BULK ORDER & CONTRACT MANUFACTURING AS PER YOUR REQUIRMENT"", ""productImage"": ""https://erp.tpci.in/frontend/exhibitor/product-178359767195603147.jpg?75.70490797581608""}, {""productName"": ""KITCHEN KING MASALA"", ""description"": ""PACK INFO: 50g & 100g (BOX PACK)\r\n                     200g & 500g (JAR PACK)\r\nALSO AVAILABLE FOR PRIVATE LABELING, LOOSE SUPPLE, BULK ORDER & CONTRACT MANUFACTURING AS PER YOUR REQUIRMENT"", ""productImage"": ""https://erp.tpci.in/frontend/exhibitor/product-178359767160080872.jpg?29.489003149316652""}, {""productName"": ""PAVBHAJI MASALA"", ""description"": ""PACK INFO: 50g & 100g (BOX PACK)\r\n                     200g & 500g (JAR PACK)\r\nALSO AVAILABLE FOR PRIVATE LABELING, LOOSE SUPPLE, BULK ORDER & CONTRACT MANUFACTURING AS PER YOUR REQUIRMENT"", ""productImage"": ""https://erp.tpci.in/frontend/exhibitor/product-1783597671499793.jpg?20.3302948924995""}, {""productName"": ""KASHMIRI CHILLI POWDER (MILDLY SPICY)"", ""description"": ""PACK INFO: 50g & 100g (BOX PACK)\r\n                     30g (STANDY POUCH PACK)\r\n                     200g & 500g (JAR PACK)\r\nALSO AVAILABLE FOR PRIVATE LABELING, LOOSE SUPPLE, BULK ORDER & CONTRACT MANUFACTURING AS PER YOUR REQUIRMENT"", ""productImage"": ""https://erp.tpci.in/frontend/exhibitor/product-178359767143423762.jpg?13.184468087912041""}, {""productName"": ""INSTANT HOT / COLD CHOCOLATE POWDER"", ""description"": ""PACK INFO: 100g (POUCH PACK)                 \r\nALSO AVAILABLE FOR PRIVATE LABELING, LOOSE SUPPLE, BULK ORDER & CONTRACT MANUFACTURING AS PER YOUR REQUIRMENT"", ""productImage"": ""https://erp.tpci.in/frontend/exhibitor/product-178359767199987538.jpg?4.931458835426214""}, {""productName"": ""PREMIUM COMPOUND ASAFOETIDA (HING) POWDER"", ""description"": ""PACK INFO: 50g, 100g, 200g & 500g (POUCH PACK)\r\nALSO AVAILABLE FOR PRIVATE LABELING, LOOSE SUPPLE, BULK ORDER & CONTRACT MANUFACTURING AS PER YOUR REQUIRMENT"", ""productImage"": ""https://erp.tpci.in/frontend/exhibitor/product-178359767196709373.jpg?85.10389298675945""}, {""productName"": ""HOT CURRY / RAJWADI GARAM MASALA POWDER"", ""description"": ""PACK INFO: 50g, 100g, 200g & 500g (POUCH PACK)\r\nALSO AVAILABLE FOR PRIVATE LABELING, LOOSE SUPPLE, BULK ORDER & CONTRACT MANUFACTURING AS PER YOUR REQUIRMENT"", ""productImage"": ""https://erp.tpci.in/frontend/exhibitor/product-17835976714221632.jpg?10.725091500883076""}, {""productName"": ""SHINGODA (WATER CHESTNUT) POWDER"", ""description"": ""PACK INFO: 100g & 500g (POUCH PACK)\r\nALSO AVAILABLE FOR PRIVATE LABELING, LOOSE SUPPLE, BULK ORDER & CONTRACT MANUFACTURING AS PER YOUR REQUIRMENT"", ""productImage"": ""https://erp.tpci.in/frontend/exhibitor/product-178359767198587310.jpg?98.31378161750155""}, {""productName"": ""PIZZA SPRINKLER POWDER "", ""description"": ""PACK INFO: SASHAY (POUCH PACK)\r\nALSO AVAILABLE FOR PRIVATE LABELING, LOOSE SUPPLE, BULK ORDER & CONTRACT MANUFACTURING AS PER YOUR REQUIRMENT"", ""productImage"": ""https://erp.tpci.in/frontend/exhibitor/product-178359767188402579.jpg?59.393636658223""}, {""productName"": ""KADHI PREMIX  POWDER"", ""description"": ""PACK INFO: SASHAY (POUCH PACK)\r\nALSO AVAILABLE FOR PRIVATE LABELING, LOOSE SUPPLE, BULK ORDER & CONTRACT MANUFACTURING AS PER YOUR REQUIRMENT"", ""productImage"": ""https://erp.tpci.in/frontend/exhibitor/product-178359767187674247.jpg?2.026841511974895""}, {""productName"": ""GUJARATI KADHI PREMIX POWDER"", ""description"": ""PACK INFO: SASHAY (POUCH PACK)\r\nALSO AVAILABLE FOR PRIVATE LABELING, LOOSE SUPPLE, BULK ORDER & CONTRACT MANUFACTURING AS PER YOUR REQUIRMENT"", ""productImage"": ""https://erp.tpci.in/frontend/exhibitor/product-178359767115187212.jpg?31.95330065856995""}, {""productName"": ""INSTANT IMLY CHUTENY POWDER"", ""description"": ""PACK INFO: SASHAY (POUCH PACK)\r\nALSO AVAILABLE FOR PRIVATE LABELING, LOOSE SUPPLE, BULK ORDER & CONTRACT MANUFACTURING AS PER YOUR REQUIRMENT"", ""productImage"": ""https://erp.tpci.in/frontend/exhibitor/product-178359767175188653.jpg?53.68598183028958""}, {""productName"": ""INSTANT DABELI POWDER"", ""description"": ""PACK INFO: SASHAY (POUCH PACK)\r\nALSO AVAILABLE FOR PRIVATE LABELING, LOOSE SUPPLE, BULK ORDER & CONTRACT MANUFACTURING AS PER YOUR REQUIRMENT"", ""productImage"": ""https://erp.tpci.in/frontend/exhibitor/product-178359767110943357.jpg?72.5700102491025""}, {""productName"": ""PICKLE / AACHAR MASALA"", ""description"": ""PACK INFO: 100g, 200g & 500g (POUCH PACK)\r\nALSO AVAILABLE FOR PRIVATE LABELING, LOOSE SUPPLE, BULK ORDER & CONTRACT MANUFACTURING AS PER YOUR REQUIRMENT"", ""productImage"": ""https://erp.tpci.in/frontend/exhibitor/product-178359767188593333.jpg?1.7921088280082764""}, {""productName"": ""CHICKEN CURRY MASALA"", ""description"": ""PACK INFO: 50g & 100g (BOX PACK)\r\n                     200g & 500g (JAR PACK)\r\nALSO AVAILABLE FOR PRIVATE LABELING, LOOSE SUPPLE, BULK ORDER & CONTRACT MANUFACTURING AS PER YOUR REQUIRMENT"", ""productImage"": ""https://erp.tpci.in/frontend/exhibitor/product-178359767187952425.jpg?91.25051646609839""}, {""productName"": ""MEAT MASALA"", ""description"": ""PACK INFO: 50g & 100g (BOX PACK)\r\n                     200g & 500g (JAR PACK)\r\nALSO AVAILABLE FOR PRIVATE LABELING, LOOSE SUPPLE, BULK ORDER & CONTRACT MANUFACTURING AS PER YOUR REQUIRMENT"", ""productImage"": ""https://erp.tpci.in/frontend/exhibitor/product-178359767144645970.jpg?50.876258919831606""}, {""productName"": ""LAJAWAB GARAM MASALA"", ""description"": ""PACK INFO: 50g & 100g (BOX PACK)\r\n                     200g & 500g (JAR PACK)\r\nALSO AVAILABLE FOR PRIVATE LABELING, LOOSE SUPPLE, BULK ORDER & CONTRACT MANUFACTURING AS PER YOUR REQUIRMENT"", ""productImage"": ""https://erp.tpci.in/frontend/exhibitor/product-178359767119888336.jpg?80.62974827422738""}, {""productName"": ""SAMBAR MASALA"", ""description"": ""PACK INFO: 50g & 100g (BOX PACK)\r\n                     200g & 500g (JAR PACK)\r\nALSO AVAILABLE FOR PRIVATE LABELING, LOOSE SUPPLE, BULK ORDER & CONTRACT MANUFACTURING AS PER YOUR REQUIRMENT"", ""productImage"": ""https://erp.tpci.in/frontend/exhibitor/product-178359767149930917.jpg?50.51996768500653""}, {""productName"": ""CHICKEN TANDOORI MASALA"", ""description"": ""PACK INFO: 50g & 100g (BOX PACK)\r\n                     200g & 500g (JAR PACK)\r\nALSO AVAILABLE FOR PRIVATE LABELING, LOOSE SUPPLE, BULK ORDER & CONTRACT MANUFACTURING AS PER YOUR REQUIRMENT"", ""productImage"": ""https://erp.tpci.in/frontend/exhibitor/product-178359767147611397.jpg?10.710596675715035""}, {""productName"": ""CHICKEN TIKKA MASALA"", ""description"": ""PACK INFO: 50g & 100g (BOX PACK)\r\n                     200g & 500g (JAR PACK)\r\nALSO AVAILABLE FOR PRIVATE LABELING, LOOSE SUPPLE, BULK ORDER & CONTRACT MANUFACTURING AS PER YOUR REQUIRMENT"", ""productImage"": ""https://erp.tpci.in/frontend/exhibitor/product-178359767111318928.jpg?1.9930833969200807""}, {""productName"": ""FISH FRY / CURRY MASALA"", ""description"": ""PACK INFO: SASHAY (POUCH PACK)\r\nALSO AVAILABLE FOR PRIVATE LABELING, LOOSE SUPPLE, BULK ORDER & CONTRACT MANUFACTURING AS PER YOUR REQUIRMENT"", ""productImage"": ""https://erp.tpci.in/frontend/exhibitor/product-1783597671311242.jpg?77.8336300308198""}, {""productName"": ""EGG CURRY MASALA"", ""description"": ""PACK INFO: SASHAY (POUCH PACK)\r\nALSO AVAILABLE FOR PRIVATE LABELING, LOOSE SUPPLE, BULK ORDER & CONTRACT MANUFACTURING AS PER YOUR REQUIRMENT"", ""productImage"": ""https://erp.tpci.in/frontend/exhibitor/product-178359767188235151.jpg?83.18890303670327""}, {""productName"": ""CHILLI POWDER (SPICY)"", ""description"": ""PACK INFO: 50g, 100g, 200g & 500g (POUCH PACK)\r\nALSO AVAILABLE FOR PRIVATE LABELING, LOOSE SUPPLE, BULK ORDER & CONTRACT MANUFACTURING AS PER YOUR REQUIRMENT"", ""productImage"": ""https://erp.tpci.in/frontend/exhibitor/product-178359767183301772.jpg?82.44362816442143""}, {""productName"": ""TURMERIC POWDER"", ""description"": ""PACK INFO: 50g, 100g, 200g & 500g (POUCH PACK)\r\nALSO AVAILABLE FOR PRIVATE LABELING, LOOSE SUPPLE, BULK ORDER & CONTRACT MANUFACTURING AS PER YOUR REQUIRMENT"", ""productImage"": ""https://erp.tpci.in/frontend/exhibitor/product-178359767174353983.jpg?62.6514347853618""}, {""productName"": ""CORIANDER POWDER"", ""description"": ""PACK INFO: 50g, 100g, 200g & 500g (POUCH PACK)\r\nALSO AVAILABLE FOR PRIVATE LABELING, LOOSE SUPPLE, BULK ORDER & CONTRACT MANUFACTURING AS PER YOUR REQUIRMENT"", ""productImage"": ""https://erp.tpci.in/frontend/exhibitor/product-178359767124176363.jpg?65.92629250690926""}, {""productName"": ""BIRIYANI / PILAV MASALA"", ""description"": ""PACK INFO: 50g & 100g (BOX PACK)\r\n                     200g & 500g (JAR PACK)\r\nALSO AVAILABLE FOR PRIVATE LABELING, LOOSE SUPPLE, BULK ORDER & CONTRACT MANUFACTURING AS PER YOUR REQUIRMENT"", ""productImage"": ""https://erp.tpci.in/frontend/exhibitor/product-17835976716850834.jpg?41.67716125182543""}]","{""Frozen, Ready to Eat & Ready to Cook Food"": [""Frozen, Ready to Eat & Ready to Cook Food""], ""Private Label"": [""Private Label""], ""Rice, Pulses, Grains, Spices and Commodities"": [""Rice, Pulses, Grains, Spices and Commodities""]}",D-37,2,https://www.google.com,"21, VISHESH HOUSE, DORIWALA COMPOUND, AMBER COLONY, HARINAGAR, UDHNA",SURAT,Gujarat,,394210,AABCD9910E,9004403946,http://www.facebook.com/share/1J5sG8uxdA/?mibextid=wwXIfr,http://www.linkedin.com/company/vishesh-masala/,https://www.twitter.com/,https://www.youtube.com/,http://www.instagram.com/vishesh_masala?igsh=MTBuejl3MWR3Y3U3aw==,"55,000","Distributor,exporter,importer,market Servey",DHANHAR MASALA BHANDAR PVT. LTD.,https://erp.tpci.in/images/upload/company_logo/Exhibitor-Logo-6621_6a5de741f2d8c.jpg?rand=61578,https://erp.tpci.in/uploads/ex_docs/6621/VISHESH MASALA BROUCHER (C).pdfcedbf4d19ac73b822ceb35de94627a6b_6a5dea60d5455.pdf,01,"[{""id"": ""11793"", ""description"": ""FSSAI LICENSE"", ""link"": ""https://erp.tpci.in//frontend/exhibitor/e066cd1487cfdb34857a9ab93c6021c0_6a4f84bb68d32.pdf""}]",,[]
ZDAxN2I4NmUwMjYwNDFiMzo2MWYwMDIzYjg3OGQ4NTdlYThkNDZmOGU4N2I5YzcwYTNiNzljNWNkOmkwVlBKQUNZRWIwdTczTzlISUJEYkE9PQ==,Divine Cooling Solutions India Pvt Ltd,Private Limited,HARSH DAVE,Manufacturer Exporter,"Engineering, Machine & Machine Tools","{""Cold Chain & Logistics Solutions"": [""Cold Chain & Logistics Solutions""]}",[],"{""Cold Chain & Logistics Solutions"": [""Cold Chain & Logistics Solutions""]}",A-11,2,https://divinecooling.com/,"703, ATLANTA TOWER, GULBAI TEKRA, AHMEDABAD, GUJARAT, INDIA 380006",AHMEDABAD,Gujarat,India,380006,AAJCD2099J,+917827751998,https://www.facebook.com/,https://www.linkedin.com/home?originalSubdomain=in,https://www.twitter.com/,https://www.youtube.com/,https://www.twitter.com/,1000,"Distributor,exporter",DIVINE COOLING SOLUTIONS INDIA PVT LTD,https://erp.tpci.in/images/upload/company_logo/Exhibitor-Logo-6755.jpeg?rand=50525,,0,[],,[]
ZDkxYzRmYjg1YmE4NjE4ODo0YjE2YjNhZjNkODNkN2MwZTM1YWZiZDcxMTA4MjAwNmNiOTAzMjUzOi83UHZ4eCs1V3BEeVplK0FQNU5McFE9PQ==,Divyansh Infomedia (food & Matrix),Private Limited,DHEERAJ DUBEY,Manufacturer Exporter,Service Sector,"{""Digital FoodTech, Traceability & AI"": [""Digital FoodTech, Traceability & AI""]}",[],"{""Digital FoodTech, Traceability & AI"": [""Digital FoodTech, Traceability & AI""]}",B-31A,2,https://www.google.com,A/202 OM NAGESHWAR APT NR MANDLI TALAO BHAYANDER WEST PIN 401101 MUMBA,MUMBAI,Maharashtra,India,401101,9869987731,+917827751998,https://www.facebook.com/,https://www.linkedin.com/home?originalSubdomain=in,https://www.twitter.com/,https://www.youtube.com/,https://www.twitter.com/,1000,"Distributor,exporter",DIVYANSH INFOMEDIA (FOOD & MATRIX),https://erp.tpci.in/images/upload/company_logo/Exhibitor-Logo-6796_6a5cc02709747.png?rand=15621,,0,[],,[]
YjA5N2YxMjI1YmRlOGJmNDoxN2U3ZDY5ZGRjMjY5ZDg1YzE2NTI1YjQ1ODkwOTE5Y2U0ZWMxOWVlOlZFUFBQMjU1bXFUalQ4S1FGSmM3eHc9PQ==,Dr. Ma Essentials Llp,Partnership,DR. NEERJA ARORA,Manufacturer,Food & Agri Products,"{""Organic, Natural & Ethical Foods"": [""Organic, Natural & Ethical Foods""]}","[{""productName"": ""BeePops Honey Sticks | Box of 20 | Pure Himalayan Honey"", ""description"": ""Enjoy your daily dose of pure Himalayan honey- anytime, anywhere, with BeePops Honey Sticks. Each stick contains just the right amount of honey, making it easy to add to tea, school tiffins, or enjoy as a quick energy booster."", ""productImage"": ""https://erp.tpci.in/frontend/exhibitor/product-178453168646008351.jpg?78.47680410228371""}, {""productName"": ""BeePops Protein Bars-Chocolate (6NX30G)"", ""description"": ""A nutritious on-the-go snack made with plant-based protein, high dietary fibre, jaggery and natural honey, instead of white sugar. This gluten-free bar pairs rich chocolate taste with wholesome ingredients to give lasting energy and fuller satiety."", ""productImage"": ""https://erp.tpci.in/frontend/exhibitor/product-178453168676603058.jpg?44.44380769919959""}, {""productName"": ""BeePops Assorted Millet Protein Bars – 6 Bar Family Pack (5 Variants|30g Per Bar)"", ""description"": ""Wholesome nutrition for the entire family. BeePops Millet Protein Bars are made with natural superfoods to deliver clean energy, high protein, and great taste without processed sugars, or artificial flavours. This Assorted pack has 1 bar each of Vanilla, Dates & No Seeds, Pumpkin Seeds, Ashwagandha "", ""productImage"": ""https://erp.tpci.in/frontend/exhibitor/product-17845316869000845.jpg?86.78862926251128""}, {""productName"": ""BeePops Millet Protein Bars- Vanilla (6NX30)"", ""description"": ""A wholesome snack bar made from the goodness of millets, wheat, jaggery, peanuts, and honey.Power-packed with Natural Energy. No Refined Sugar – Sweetened with Jaggery & Honey. Crunchy Peanuts & Soft Millet Base. Ideal for Kids, Adults & On the Go."", ""productImage"": ""https://erp.tpci.in/frontend/exhibitor/product-178453168651682120.jpg?0.6117262883221044""}, {""productName"": ""BeePops Millet Protein Bars-Ashwagandha (6NX30G)"", ""description"": ""Combining the power of Ayurvedic herbs & modern nutrition, this bar is rich in dietary fiber; and sweetened naturally with honey and jaggery. Each bite delivers sustained energy, improved digestion, and the calming benefits of traditional herbs."", ""productImage"": ""https://erp.tpci.in/frontend/exhibitor/product-178453168680484972.jpg?42.6927467274412""}, {""productName"": ""BeePops Protein Bars-Dates & No Nuts (6NX30G)"", ""description"": ""A healthy snack bar made primarily with millets and dates a ready-to-eat “millet protein bar” with no nuts, intended as a wholesome, on-the-go snack."", ""productImage"": ""https://erp.tpci.in/frontend/exhibitor/product-178453168697672306.jpg?11.628557845604194""}, {""productName"": ""BeePops Protein Bars- Pumpkin Seeds-Honey (6NX30G)"", ""description"": ""BeePops Pumpkin Seeds Protein Bars make a premium high-protein snack with pumpkin seeds. Each 30g bar is made using natural ingredients, has no white sugar, and contains high fibre."", ""productImage"": ""https://erp.tpci.in/frontend/exhibitor/product-178453168638653552.jpg?30.064552119061865""}, {""productName"": ""BeePops Himalayan Honey 500 G"", ""description"": ""BeePops Pure Himalayan Honey is naturally sourced, unprocessed, and packed with the goodness of antioxidants and nutrients. Ideal for daily wellness, sweetening beverages, or drizzling on your favorite foods. Experience the Purity of Uttarakhand s Natural Honey."", ""productImage"": ""https://erp.tpci.in/frontend/exhibitor/product-178453168681385046.jpg?15.437090131861241""}, {""productName"": ""BeePops Himalayan Honey 250 G"", ""description"": ""BeePops Pure Himalayan Honey is naturally sourced, unprocessed, and packed with the goodness of antioxidants and nutrients. Ideal for daily wellness, sweetening beverages, or drizzling on your favorite foods. Experience the Purity of Uttarakhand s Natural Honey."", ""productImage"": ""https://erp.tpci.in/frontend/exhibitor/product-178453168630693572.jpg?86.99179737548512""}]","{""Organic, Natural & Ethical Foods"": [""Organic, Natural & Ethical Foods""]}",D-13,2,www.beepops.in,"507, ROYAL ENSIGN, A-6 PRITHVIRAJ ROAD",JAIPUR,Rajasthan,,302001,AAYFD0580C,9314508284,http://www.facebook.com/share/1ChfEsfU5r/,http://www.linkedin.com/in/drneerjaarora,https://www.twitter.com/,http://www.youtube.com/@beepopsofficial,http://www.instagram.com/@officialbeepops,1000,"Distributor,exporter,importer,jv",DR. MA ESSENTIALS LLP,https://erp.tpci.in/images/upload/company_logo/Exhibitor-Logo-6653_6a5b4cc15b45e.jpeg?rand=73437,https://erp.tpci.in/uploads/ex_docs/6653/Beepops Product Catalog 7 Page 18th July 1026 compressed.pdfc6ce8db4f5212ef9276cd3e0c18b36c7_6a5b5a0e7c279.pdf,03,"[{""id"": ""11940"", ""description"": ""FSSAI"", ""link"": ""https://erp.tpci.in//frontend/exhibitor/49831eec9966e312e874f0147b9205df_6a5b52cdcf786.pdf""}, {""id"": ""11941"", ""description"": ""gst"", ""link"": ""https://erp.tpci.in//frontend/exhibitor/aa05df04bef3f0afc7496bd11327ae70_6a5b52f15c1b4.pdf""}, {""id"": ""11942"", ""description"": ""udyam"", ""link"": ""https://erp.tpci.in//frontend/exhibitor/288bfcde8c9b4cc95a9d953cfde10bd3_6a5b530ed29fb.pdf""}]",,"[{""type"": ""youtube"", ""video_url"": ""https://youtu.be/e7DP6jDrxUE?si=SPBXYbLzD0ylC4qZ"", ""title"": ""FROM BITS TO BEEPOPS- Building Beepops: Startups, Farming & Life Lessons with Prof. Naval Arora"", ""description"": ""What happens when a chemical engineer from BITS Pilani chooses honeybees, nutrition, and farming to build a purpose-driven startup?\n\nIn this insightful conversation, RJ Ravindra from Box FM Radio sits down with Prof. Naval Arora, co-founder of Beepops, to explore his remarkable journey—from studying at BITS Pilani to building Beepops, a brand focused on clean nutrition through honey and protein bars.\n\nIn this episode, Prof. Arora shares:\n0.00 Intro \n0.20 ? How honeybees inspired his entrepreneurial journey\n0.36 ? The deeper life lessons we can learn from bees\n2.13 ? Why Beepops created millet-based protein bars for Anganwadi children\n3.28 ? The science and philosophy behind Beepops’ protein bar variants\n4.34 ?️ Why Beepops consciously chose not to target gym-goers\n6.36 ? Entrepreneurship lessons from his time at BITS Pilani\n6.27 ? His haldi farming journey in Devprayag, deep in the Himalayas\n7.57 ? What’s next for Beepops\n8.32 ✨ Powerful life lessons for young people: dream big, stay curious, and don’t set boundaries on what’s possible\n\nThis is more than a startup story—it’s a conversation about purpose, health, sustainability, and building a meaningful life.\n\nIf you’re interested in startups, nutrition, farming, or entrepreneurship, this episode is for you.""}]"
ZjEwZmJkY2QwNzJjZTliOTowMTZjODc2M2MwNjc2ZDQ2NjQ3OGU0NTg5YTI5NWExMDRlN2YwY2JmOk9ScTBQOVhKT05TQUZNRTcwN3R4TkE9PQ==,Durrant Packagers Ind. Pvt. Ltd.,Private Limited,BHUPENDRA JOSHI,Manufacturer,Printing & Packaging Products & Machinery,"{""Packaging Material"": [""Packaging Material""], ""Private Label"": [""Private Label""]}",[],"{""Packaging Material"": [""Packaging Material""], ""Private Label"": [""Private Label""]}",B-12,2,https://www.durrant.co.in/,"104-C, SEC-B, INDUTRIAL AREA, SANWER ROAD",INDORE,Madhya Pradesh,,452015,AAACD7024J,+917827751998,https://www.facebook.com/,https://www.linkedin.com/home?originalSubdomain=in,https://www.twitter.com/,https://www.youtube.com/,https://www.twitter.com/,1000,"Distributor,exporter",DURRANT PACKAGERS IND. PVT. LTD.,https://erp.tpci.in/images/upload/company_logo/Exhibitor-Logo-6655_6a4cc98fe20eb.jpeg?rand=74976,,0,[],,[]
MGU0YTcxMTAzODI5MGNkODo1YmQ1NDcxYjFjYzBiZThmMzYyNDVlZjRjZDk4ZWRkODcyYWRkNjU4OkNBWDl0Skk2YWpkWW85YmltbVNscEE9PQ==,Earthroot Spices And Herbs Llp,Partnership,MOHAMMADALI MAKNOJIYA,Manufacturer Exporter,Food & Agri Products,"{""Food Ingredients"": [""Food Ingredients""], ""Ingredients, Additives & Raw Material"": [""Ingredients, Additives & Raw Material""], ""Private Label"": [""Private Label""], ""Rice, Pulses, Grains, Spices and Commodities"": [""Rice, Pulses, Grains, Spices and Commodities""]}",[],"{""Food Ingredients"": [""Food Ingredients""], ""Ingredients, Additives & Raw Material"": [""Ingredients, Additives & Raw Material""], ""Private Label"": [""Private Label""], ""Rice, Pulses, Grains, Spices and Commodities"": [""Rice, Pulses, Grains, Spices and Commodities""]}",E-32,2,https://www.earthroot.in,"EARTHROOT SPICES AND HERBS LLP, PLOT NO. 105,GIDC,SIDHPUR,DIST.:PATAN",SIDHPUR,Gujarat,,384151,AAHFE0900G,+917827751998,https://www.facebook.com/,http://www.linkedin.com/earthroot,https://www.twitter.com/,https://www.youtube.com/,http://www.instagram.com/earthroot,1000,"Distributor,exporter,importer","EARTH ROOT SPICES AND HERBS IS A CULTIVATOR, MANUFACTURER AND EXPORTER OF ORGANIC AND CONVENTIONAL SPICES, HERBS, OIL SEEDS, GRAIN SEEDS, PSYLLIUM AND ITS RELATED PRODUCTS. THIS NOBLE INITIATIVE BASED IN SIDHPUR, GUJARAT, HAS BEEN TOILING RIGOROUSLY FOR THE LAST 23 YEARS TO SPREAD THE EXOTIC AND FRAGRANT INDIAN SPICES AND HERBS ALL AROUND THE WORLD.",https://erp.tpci.in/images/upload/company_logo/Exhibitor-Logo-6563_6a54c31745641.png?rand=74454,https://erp.tpci.in/uploads/ex_docs/6563/New Earthroot Introduction.pdfd65f8ee8ce514fbf61ebf22e04be30c2_6a54c5dd120ab.pdf,05,"[{""id"": ""11847"", ""description"": ""FSSAI"", ""link"": ""https://erp.tpci.in//frontend/exhibitor/ebd890280c357135d887e48d90f2793d_6a54c4036e60a.pdf""}, {""id"": ""11848"", ""description"": ""USFDA"", ""link"": ""https://erp.tpci.in//frontend/exhibitor/b998b30bf8982d5b6319ee30d871208e_6a54c42b94a39.pdf""}, {""id"": ""11849"", ""description"": ""KOSHER"", ""link"": ""https://erp.tpci.in//frontend/exhibitor/a9176f6fedb3abc737ef1070fcfc0b83_6a54c45c8f90c.pdf""}, {""id"": ""11850"", ""description"": ""BRCGS"", ""link"": ""https://erp.tpci.in//frontend/exhibitor/21989667be7a536c9433da2ca1699f51_6a54c48226894.pdf""}, {""id"": ""11851"", ""description"": ""HALAL"", ""link"": ""https://erp.tpci.in//frontend/exhibitor/4c271cc7934bd22c62079f241031607a_6a54c5583ad36.pdf""}]",,[]
ODQ0ZWNiZjM3NDgyZGNjNjo4Njg3OTAxMjc3YjBkZGMxN2QxYWRlZTNkMzA1NjdhMDVjZThiOTg3OlNGNDhseEk2UjQ3MzIyRHFjLzFVRWc9PQ==,Eazy Erp Technologies Pvt. Ltd.,Private Limited,SAPNA,Consultant,Food & Agri Products,"{""Digital FoodTech, Traceability & AI"": [""Digital FoodTech, Traceability & AI""]}","[{""productName"": ""Eazy ERP"", ""description"": ""Eazy ERP is an enterprise resource planning solution for optimizing, streamlining, and managing daily operations procedures of the business. It efficiently handles inventory, procurement, sales, purchase, etc. Eazy ERP is extremely easy to use and comes pre-integrated with Tally and BUSY."", ""productImage"": ""https://erp.tpci.in/frontend/exhibitor/product-178410306825949677.jpg?47.22646367477855""}, {""productName"": ""Eazy DMS"", ""description"": ""Fusion Eazy DMS is a distributor management solution for capturing, storing and managing secondary sales data. By integrating with the distributor’s Tally/BUSY system, it provides complete visibility into secondary sales operations."", ""productImage"": ""https://erp.tpci.in/frontend/exhibitor/product-178410306812243297.jpg?33.45567689599066""}, {""productName"": ""Recibo-(SFA)"", ""description"": ""A powerful Sales Force Automation (SFA) solution designed to track and optimize sales staff performance at every level through an intuitive mobile app. Equipped with advanced features for B2B trading, distribution management, mobile CRM, order management, retail execution, invoicing, and more."", ""productImage"": ""https://erp.tpci.in/frontend/exhibitor/product-178410306830301369.jpg?25.59899652898218""}, {""productName"": ""Retail Eazy"", ""description"": ""The Retail Eazy app simplifies order management procedures. It also provides real-time visibility into schemes, tracks orders, and simplifies purchase validations. It also offers advanced loyalty management and handles distributor KYC details."", ""productImage"": ""https://erp.tpci.in/frontend/exhibitor/product-17841030687355743.jpg?27.627955030303408""}, {""productName"": ""Eazy Pay"", ""description"": ""Eazy Pay simplifies payroll management, helping HR and finance teams process salaries, reimbursements, and loans accurately and on time. It also streamlines employee data, leave tracking, and training records for better workforce management."", ""productImage"": ""https://erp.tpci.in/frontend/exhibitor/product-178410306834912970.jpg?61.34278863793499""}, {""productName"": ""Eazy CRM "", ""description"": ""Eazy CRM is a customer relationship management software designed to streamline and optimize both pre-sales and post-sales activities. It helps businesses with managing customers and lead data, generating sales pipeline reports, and improving decision making with the accurate customer journey data."", ""productImage"": ""https://erp.tpci.in/frontend/exhibitor/product-178410306896252132.jpg?23.830081172129212""}, {""productName"": ""Eazy Asset"", ""description"": ""Eazy Asset is an asset management solution to track and manage the entire lifecycle of the fixed assets within an organization. It makes it easier to track the location, condition, quantity, maintenance, and depreciation status of all the fixed assets."", ""productImage"": ""https://erp.tpci.in/frontend/exhibitor/product-178410306821735325.jpg?35.12204302020561""}]","{""Digital FoodTech, Traceability & AI"": [""Digital FoodTech, Traceability & AI""]}",D-26,2,https://www.google.com,"201 (A, B,D, E, F), 2ND FL0OR, VIPUL AGORA MALL, MG ROAD",GURGAON,Haryana,India,122002,AALCS3172P,+917827751998,https://www.facebook.com/,https://www.linkedin.com/home?originalSubdomain=in,https://www.twitter.com/,https://www.youtube.com/,https://www.twitter.com/,1000,"Distributor,importer",EAZY ERP TECHNOLOGIES PVT. LTD.,https://erp.tpci.in/images/upload/company_logo/Exhibitor-Logo-6672_6a59fddfe9cfa.png?rand=24770,https://erp.tpci.in/uploads/ex_docs/6672/All in one- Indian flyer.pdf58a2d4b9bb4f17c0b3f5ea077b8c5275_6a57420f47d69.pdf,02,"[{""id"": ""11950"", ""description"": ""GST Certificate"", ""link"": ""https://erp.tpci.in//frontend/exhibitor/b65d10dd67f3cb5663d0b2ee5a191b05_6a5dd2817a20e.pdf""}, {""id"": ""11951"", ""description"": ""MSME Certificate"", ""link"": ""https://erp.tpci.in//frontend/exhibitor/40b55f7812b4b9eddffc6f00b8bc1f0d_6a5dd295cdada.pdf""}]",,[]
YTE5NDdlMTVlYzBlZGE0MDo5ODRlN2E4MDhjM2JlZjUxZTVkZTQ0ZWE4YmNiMTlmYWViMjQ0ZTYyOmFuQ08vWGFEbFRENzdkYTFralVIRGc9PQ==,Ejag Foods Private Limited,Private Limited,ANUJ GUPTA,Manufacturer,Food & Agri Products,"{""Frozen, Ready to Eat & Ready to Cook Food"": [""Frozen, Ready to Eat & Ready to Cook Food""], ""Snacks & On the Go Foods"": [""Snacks & On the Go Foods""]}","[{""productName"": ""Nools Masala Kehvu Pade Bada Pack"", ""description"": ""Local Gujarati flavored instant noodles"", ""productImage"": ""https://erp.tpci.in/frontend/exhibitor/product-178419900793014054.jpg?13.651146659302663""}, {""productName"": ""Nools Teekha Misal Instant Noodles"", ""description"": ""Misal flavored spicy instant noodles"", ""productImage"": ""https://erp.tpci.in/frontend/exhibitor/product-178419900737421086.jpg?62.633962615052205""}]","{""Frozen, Ready to Eat & Ready to Cook Food"": [""Frozen, Ready to Eat & Ready to Cook Food""], ""Snacks & On the Go Foods"": [""Snacks & On the Go Foods""]}",C-07,2,https://nools.com/,1201 SOLITAIRE CONNECT NEAR BMW MOTORS. AHMEDABAD,AHMEDABAD,Gujarat,India,380054,AAICE7684B,+917827751998,https://www.facebook.com/,https://www.linkedin.com/home?originalSubdomain=in,https://www.twitter.com/,https://www.youtube.com/,https://www.twitter.com/,,"Distributor,exporter","NOOLS IS NOT JUST ANOTHER NOODLE BRAND.
WE ARE BUILDING A NEW KIND OF NOODLE CULTURE FOR INDIA’S NEXT GENERATION OF CONSUMERS.
AT NOOLS, WE ARE REIMAGINING NOODLES FOR GROWN-UP PALATES — BOLD, REGIONAL FLAVORS WITH REAL DEPTH. OUR PRODUCTS ARE INSPIRED BY LOCAL TASTES BUT DESIGNED WITH A REBELLIOUS SPIRIT, CREATING SOMETHING VERY DIFFERENT FROM THE BASIC OPTIONS CURRENTLY IN THE MARKET.",https://erp.tpci.in/images/upload/company_logo/Exhibitor-Logo-6579_6a574d6a2b3cd.jpg?rand=38423,https://erp.tpci.in/uploads/ex_docs/6579/Retail Brochure (A4) 23-06-2026_compressed.pdf9951586dbae5de543f5349b16d8c61a4_6a58b61ad427e.pdf,01,"[{""id"": ""11913"", ""description"": ""GST Certificate"", ""link"": ""https://erp.tpci.in//frontend/exhibitor/cc6ece452c58ace73423f71d9f85d940_6a58b3f577f7d.pdf""}]",,"[{""type"": ""youtube"", ""video_url"": ""https://www.youtube.com/watch?v=t1pnlfcuYBg"", ""title"": ""Partnership Wanted for NOOLS""}]"
NDdjMzZmZjQ4YzhiYzJhMzpkMTlkOTE2MzZkNjFmZWMzOGE1ZjhkNGZiOTgwNzhiMGJlNDYzYjBmOk01a3kvV2RCb0lpSndiZXJvcTJCUlE9PQ==,Ekta Traders,Proprietor,MR. NILESH HARCHANDANI,Manufacturer,Food & Agri Products,"{""Food Ingredients"": [""Food Ingredients""], ""Sweets & Confectionery"": [""Sweets & Confectionery""]}","[{""productName"": ""150gm Roasted Masala Peanuts "", ""description"": ""Traditional clay-roasted peanuts with a seasoning of traditional spices\r\n\r\n• No synthetic colours or artificial flavours\r\n• No artificial preservatives\r\n• No palm oil\r\n• No onion, no garlic\r\n• One serving of peanuts contains 6grams of protein and is rich in heart-healthy nutrients\r\n• Cholestrol and gluten "", ""productImage"": ""https://erp.tpci.in/frontend/exhibitor/product-178437393928465222.jpg?5.842829407977713""}, {""productName"": "" 200gm Roastman Masala Chana"", ""description"": ""Traditional clay-roasted Chana with a seasoning of traditional spices\r\n\r\n• No synthetic colours or artificial flavours\r\n• No artificial preservatives\r\n• No palm oil\r\n• No onion, no garlic\r\n• One serving of Chama contains 8grams of protein and is rich in heart-healthy nutrients\r\n• Cholestrol and gluten free"", ""productImage"": ""https://erp.tpci.in/frontend/exhibitor/product-178437393938961686.jpg?21.3143510942481""}, {""productName"": ""200gm & 500gm Double Hathi Chana"", ""description"": ""Traditional clay-roasted chickpeas seasoned with natural turmeric \r\n\r\n• Whole chickpeas with skin\r\n• No synthetic colours or artificial flavours\r\n• No artificial preservatives\r\n• No palm oil\r\n• No onion, no garlic\r\n• One serving containss 6grams of protein, 3grams of dietary fibre and 2mg iron\r\n• Cholestrol"", ""productImage"": ""https://erp.tpci.in/frontend/exhibitor/product-178437393951004018.jpg?89.04327032067187""}, {""productName"": ""200gm & 500gm Pronut Chikki"", ""description"": ""200g  Pronut Paenut Crunch Chikki\r\n200gm Pronut Peanut Butter\r\n200gm Pronut Mawa Malai                                                                     500g  Pronut Paenut Crunch Chikki\r\n500gm Pronut Peanut Butter\r\n500gm Pronut Mawa Malai"", ""productImage"": ""https://erp.tpci.in/frontend/exhibitor/product-178437393918921001.jpg?81.27330139397951""}, {""productName"": ""200gm  Pronut Chikki"", ""description"": ""200gm Pronut Dry Fruit Chikki\r\n200gm Pronut Gajak Chikki\r\n200gm Pronut Kaju Roal Chikki\r\n200gm Pronut Khajoor Roll Chikki                                                       "", ""productImage"": ""https://erp.tpci.in/frontend/exhibitor/product-178437393990472226.jpg?39.23669908124646""}, {""productName"": ""? 5 Pronut  Chikki"", ""description"": ""? 5 Pronut - Crunchy Peanut Chikki\r\n? 5 Pronut - Peanut Butter Chikki\r\n? 5 Pronut - Crush Coconut\r\n? 5 Pronut - Magic Chikki\r\n? 5 Pronut - Rajgira Panut\r\n? 5 Pronut - Till Chikki"", ""productImage"": ""https://erp.tpci.in/frontend/exhibitor/product-178437393994387561.jpg?52.36359429765828""}]","{""Food Ingredients"": [""Food Ingredients""], ""Sweets & Confectionery"": [""Sweets & Confectionery""]}",D-31,2,www.ektafoods.com,"SURVEY NO 184/3, PLOT NO 7 TO 13, VAVDI BUZARG, DHOLAKUVA",GODHRA,Gujarat,India,389001,ABVPH4413N,+917827751998,https://www.facebook.com/,https://www.linkedin.com/home?originalSubdomain=in,https://www.twitter.com/,https://www.youtube.com/,https://www.twitter.com/,1000,"Distributor,exporter",EKTA TRADERS,https://erp.tpci.in/images/upload/company_logo/Exhibitor-Logo-6772_6a5b5523639be.jpeg?rand=83320,https://erp.tpci.in/uploads/ex_docs/6772/PRODUCT CATALOGUE (1).pdf34b0e0e21f65fa8dae10bb2b4e48d14a_6a5b474c8984b.pdf,03,"[{""id"": ""11937"", ""description"": ""GST CERTIFICATE"", ""link"": ""https://erp.tpci.in//frontend/exhibitor/04c7aa2dc841c957d24001c59274e018_6a5b49d7b0785.pdf""}, {""id"": ""11938"", ""description"": ""FSSAI"", ""link"": ""https://erp.tpci.in//frontend/exhibitor/04c7aa2dc841c957d24001c59274e018_6a5b49d7badeb.pdf""}, {""id"": ""11939"", ""description"": ""Importer-Exporter Code"", ""link"": ""https://erp.tpci.in//frontend/exhibitor/7c74b78ba9db69e31c702e59af5dca84_6a5b49f6dc16c.pdf""}]",,[]
YzZmY2VmZjhjY2QyODgyNDo1MzcwNmVkZjJhNzVjNGI2ZmIwMjg4NWViNTliODY5YTIzYjA3Zjk3OmJmdktGUGtid2NLaCtQM29MdVZJbXc9PQ==,Erocare Retails Private Limited,Private Limited,SHIVANGI,Manufacturer Exporter,Food & Agri Products,"{""Dry Fruits & Nuts"": [""Dry Fruits & Nuts""]}",[],"{""Dry Fruits & Nuts"": [""Dry Fruits & Nuts""]}",A-23A,2,https://www.google.com,"204,SNS PLATINA,NEAR RELIANCE MEGA MART,VESU,SURAT",SURAT,Gujarat,India,395007,ASDFGHJKL1,+917827751998,https://www.facebook.com/,https://www.linkedin.com/home?originalSubdomain=in,https://www.twitter.com/,https://www.youtube.com/,https://www.twitter.com/,1000,"Distributor,exporter",EROCARE RETAILS PRIVATE LIMITED,https://erp.tpci.in/images/upload/company_logo/Exhibitor-Logo-6735_6a5f753a7cdb5.jpeg?rand=8384,,0,[],,[]
ODA5YjM5NzY4ZjI2N2M0NToyNTY1ZGZhMTY4M2I4MWY1ZDcwYzc3ZmMzNmZkZWU5OTI0NDM4ZTgzOlphQmVNL1BXUnh6WGVjeFRqdTJJWlE9PQ==,Eureka Analytical Services Pvt Ltd,Private Limited,ANAND,Service Provider,Test,"{""Quality Control, Testing & Compliance"": [""Quality Control, Testing & Compliance""]}","[{""productName"": ""Testing, inspection and auditing services"", ""description"": ""Eureka Analytical Services (Eureka) is a provider of leading testing, inspection and auditing services for food, agricultural commodities, feed, nutraceuticals, pharmaceuticals and the environment, with labs in Bangalore, Kundli-Delhi, Unjha, Gujarat, Guntur-Andhra Pradesh, Bramer, Kerala, Kolkata, "", ""productImage"": ""https://erp.tpci.in/frontend/exhibitor/product-178366628143605744.jpg?50.36941650357974""}]","{""Quality Control, Testing & Compliance"": [""Quality Control, Testing & Compliance""]}",D-33A,2,https://eurekaserv.com/,"1410, SHILP EPITOME, B/H RAJPATH CLUB, BODAKDEV",AHMEDABAD,Gujarat,India,380054,AAFCE6293D,7795833308,https://www.facebook.com/,http://www.linkedin.com/company/eurekaserv/,https://www.twitter.com/,https://www.youtube.com/,http://www.instagram.com/eureka_serv?igsh=MWpuaXF6aWJkYXQxaA==,1000,"Exporter,importer",EUREKA ANALYTICAL SERVICES PVT LTD,https://erp.tpci.in/images/upload/company_logo/Exhibitor-Logo-6715_6a5096a51b546.png?rand=28575,https://erp.tpci.in/uploads/ex_docs/6715/TF (General)_compressed.pdfd519f658ae3075bffb73b0dbab4e859e_6a509919914f1.pdf,02,"[{""id"": ""11809"", ""description"": ""Eureka _ UNjha Nabl Certificate"", ""link"": ""https://erp.tpci.in//frontend/exhibitor/a0d4986694cc9528d95709115a15cf9d_6a5098559b4d5.pdf""}, {""id"": ""11810"", ""description"": ""Eureka_BLr Nabl Ceritficate"", ""link"": ""https://erp.tpci.in//frontend/exhibitor/4ed564dbce07be460eacc63503089184_6a50986b58ad0.pdf""}]",,[]
NjQyZjk3N2IyNWY0MWZmODpjNGRmOTZlZWZhZWI1MzhhZDgzYjVlMjA3YWZkMzFiYTU1NjRlYzA5OlBpYzJ4UThBeGpoMElXMlgrYmUvTFE9PQ==,Farmton Foods Private Limited,Private Limited,DEBASHIS MISHRA,Manufacturer,Food & Agri Products,"{""Frozen, Ready to Eat & Ready to Cook Food"": [""Frozen, Ready to Eat & Ready to Cook Food""]}",[],"{""Frozen, Ready to Eat & Ready to Cook Food"": [""Frozen, Ready to Eat & Ready to Cook Food""]}",A-54,2,https://farmtonfoods.com/,"OFIICE NO. A€31, A€32, AND A€33, MONEY PLANT HIGH STREET, NEAR BSNL OF,I@, JAGAHUR ROAD, SG HIGHMY, GOTA",AHMEDABAD,Gujarat,India,382470,AAFCF5920L,+917827751998,https://www.facebook.com/,https://www.linkedin.com/home?originalSubdomain=in,https://www.twitter.com/,https://www.youtube.com/,https://www.twitter.com/,1000,"Distributor,importer,jv",FARMTON FOODS PRIVATE LIMITED,https://erp.tpci.in/images/upload/company_logo/Exhibitor-Logo-6625.jpeg?rand=92538,https://erp.tpci.in/uploads/ex_docs/6625/Farmton Foods_ Brochure_Final-02.06.26.pdfa27244d93c97be852638517b114f0400_6a5d1c701059c.pdf,0,[],,[]
MTBlNDA2N2M3YjUzYjY0MzpkZDJiYmE4YzViM2Y1ZTg2ZTdiNjJmNDdlOGYyZDJjN2Q4OGE5N2QyOkRZNzluWjNEdEd4ZGpjbXVVRVVpWXc9PQ==,Federation Of Indian Spices Stakeholders (fiss),Private Limited,GANESHAN,Service Provider,Service Sector,"{""Service, Associations & Trade Support"": [""Service, Associations & Trade Support""]}",[],"{""Service, Associations & Trade Support"": [""Service, Associations & Trade Support""]}",E-10,2,https://www.fissh.org/,"SF-210, Shoolin Square, Vishnagar Road, Unjha, North Gujarat",UNJHA,Gujarat,,384170,9632587410,+917827751998,https://www.facebook.com/,https://www.linkedin.com/home?originalSubdomain=in,https://www.twitter.com/,https://www.youtube.com/,https://www.twitter.com/,,Exporter,FEDERATION OF INDIAN SPICES STAKEHOLDERS (FISS),https://erp.tpci.in/images/upload/company_logo/Exhibitor-Logo-6795_6a5b68b200bea.png?rand=95374,,0,[],,[]
ZDliYzAyZjQ5NzcyODA3MDo3MzY5Nzc3NTAzZjA1OGMzYTlkMTkyMTVjYjc3OWIwODBjNDgzMjQ4OlRYOUVJOTYwd2FSbUZYUzdHWUg5NWc9PQ==,Fillpack Technology Pvt Ltd,Private Limited,PRATIKSHA DHURANDHAR,Manufacturer Exporter,Printing & Packaging Products & Machinery,"{""Beverage & Hot Drinks"": [""Beverage & Hot Drinks""], ""Dairy"": [""Dairy""], ""Private Label"": [""Private Label""], ""Service, Associations & Trade Support"": [""Service, Associations & Trade Support""]}",[],"{""Beverage & Hot Drinks"": [""Beverage & Hot Drinks""], ""Dairy"": [""Dairy""], ""Private Label"": [""Private Label""], ""Service, Associations & Trade Support"": [""Service, Associations & Trade Support""]}",D-18,2,https://www.fillpacktechnology.com/,"PLOT NO. D 26/6, ANAND NAGAR, ADDITIONAL MIDC, AMBERNATH (E) 421 506, MUMBAI, MAHARASHTRA, INDIA",THANE,Maharashtra,India,421506,AAGCF2914B,+917827751998,https://www.facebook.com/,https://www.linkedin.com/home?originalSubdomain=in,https://www.twitter.com/,https://www.youtube.com/,https://www.twitter.com/,1000,"Distributor,exporter",FILLPACK TECHNOLOGY PVT LTD,https://erp.tpci.in/images/upload/company_logo/Exhibitor-Logo-6769_6a5b556d672dd.png?rand=59666,,0,[],,[]
NmNjMThiOWE2YjEyOTc5MzpjNTU2ODE0ZDI0ZjNiY2E2MDkyYTg3MDdjZTc4NTEzZDEzNTcwMWY3OmNkY1RuUy95QXIyNmdjTjF4cFVWY0E9PQ==,Fishfa Agri World Limited,Public Limited,MALAY BAVARIA,Manufacturer Exporter,Food & Agri Products,"{""Fats & Oils"": [""Fats & Oils""], ""Food Ingredients"": [""Food Ingredients""], ""Rice, Pulses, Grains, Spices and Commodities"": [""Rice, Pulses, Grains, Spices and Commodities""]}","[{""productName"": ""Bold Peanut Kernel "", ""description"": ""Peanuts of the bold variety have a reddish-brown skin and an oblong shape. Bold-type peanut kernels are thicker and larger than other varieties of peanut kernels. These nuts are superfoods when it comes to their health benefits. They are also good sources of energy and help to increase the metabolic"", ""productImage"": ""https://erp.tpci.in/frontend/exhibitor/product-178472544959692675.jpg?30.940648569670177""}]","{""Fats & Oils"": [""Fats & Oils""], ""Food Ingredients"": [""Food Ingredients""], ""Rice, Pulses, Grains, Spices and Commodities"": [""Rice, Pulses, Grains, Spices and Commodities""]}",F-28,2,https://fishfaagri.com/,"KUVADVA WANKANER HIGHWAY, AT SURYA RAMPARA, POST SANOSARA",RAJKOT,Gujarat,India,360003,AACCF1776D,7043407005,https://www.facebook.com/,https://www.linkedin.com/home?originalSubdomain=in,https://www.twitter.com/,http://www.youtube.com//@Peanutji,https://www.twitter.com/,100,"Distributor,exporter",FISHFA AGRI WORLD LIMITED,https://erp.tpci.in/images/upload/company_logo/Exhibitor-Logo-6760.png?rand=52805,https://erp.tpci.in/uploads/ex_docs/6760/Fishfa Agril World Ltd-new_compressed.pdf84e22b047fbbbe661cf720e59905bc0b_6a60bdcecf289.pdf,0,[],,[]
YTZmYzk2MGZlYmRiOWM5NTphNjBiMWNlZWJjOTViMGQ1NzZhNjMwMmUzYWZhYjE0MGZkZjZhMGE1Omh0SkNQMk5TWHBSSFY1WmRiN0tGSHc9PQ==,Foodoko World Private Limited,Private Limited,RAHUL SAVLANI,Manufacturer Exporter,Food & Agri Products,"{""Beverage & Hot Drinks"": [""Beverage & Hot Drinks""], ""Food Ingredients"": [""Food Ingredients""], ""Grocery, Staple & Dry Foods"": [""Grocery, Staple & Dry Foods""], ""Indian Ethnic Food"": [""Indian Ethnic Food""], ""Private Label"": [""Private Label""], ""Rice, Pulses, Grains, Spices and Commodities"": [""Rice, Pulses, Grains, Spices and Commodities""], ""Snacks & On the Go Foods"": [""Snacks & On the Go Foods""]}","[{""productName"": ""Turmeric Powder"", ""description"": ""100gm,200gm,500gm,1kg upto 5kg & 20kg Bulk packing"", ""productImage"": ""https://erp.tpci.in/frontend/exhibitor/product-178461255069465103.jpg?50.95339422202986""}, {""productName"": ""Coriander Powder"", ""description"": ""100gm,200gm,500gm,1kg upto 5kg & 20kg Bulk packing"", ""productImage"": ""https://erp.tpci.in/frontend/exhibitor/product-178461255053579054.jpg?13.392063056483924""}, {""productName"": ""Kashmiri Chilli Powder"", ""description"": ""100gm,200gm,500gm,1kg upto 5kg & 20kg Bulk packing"", ""productImage"": ""https://erp.tpci.in/frontend/exhibitor/product-178461255052415916.jpg?14.100135689694559""}, {""productName"": ""Chilli Powder (Mild, Hot & Ext Hot)"", ""description"": ""100gm,200gm,500gm,1kg upto 5kg & 20kg Bulk packing"", ""productImage"": ""https://erp.tpci.in/frontend/exhibitor/product-178461255065889862.jpg?30.324492352385533""}]","{""Beverage & Hot Drinks"": [""Beverage & Hot Drinks""], ""Food Ingredients"": [""Food Ingredients""], ""Grocery, Staple & Dry Foods"": [""Grocery, Staple & Dry Foods""], ""Indian Ethnic Food"": [""Indian Ethnic Food""], ""Private Label"": [""Private Label""], ""Rice, Pulses, Grains, Spices and Commodities"": [""Rice, Pulses, Grains, Spices and Commodities""], ""Snacks & On the Go Foods"": [""Snacks & On the Go Foods""]}",F-03,2,https://www.foodoko.in/,"PLOT NO 159,160,160/A ,SHIV SHAKTI INDU. EST,B/H R.K. TRIPATHI SCHOOL ,AHMEDABAD",AHMEDABAD,Gujarat,,382340,AAGCF2019M,+917827751998,https://www.facebook.com/,https://www.linkedin.com/home?originalSubdomain=in,https://www.twitter.com/,https://www.youtube.com/,https://www.twitter.com/,1000,"Distributor,exporter,importer",FOODOKO PRODUCTS PRIVATE LIMITED,https://erp.tpci.in/images/upload/company_logo/Exhibitor-Logo-6700_6a5f051819cf7.png?rand=29494,https://erp.tpci.in/uploads/ex_docs/6700/Foodoko Corporate Profile_ENG-2.pdf16ad3c5b84d27e946e6f3b49c51bb1a1_6a54cc2a493d1.pdf,01,"[{""id"": ""11868"", ""description"": ""IEC certificate"", ""link"": ""https://erp.tpci.in//frontend/exhibitor/10979227ed5e520988edbdbcfe1b7459_6a5622c02744c.pdf""}]",,[]
ZTU2MDg0ZjJiZjgyNTQ5NDozZGIzOTc1ZjVhNjBlOWI2MmI5Zjk2OTI3MGJjNjExYjgxYTZhNTQ5OnhxQmQrRkVocWNGZ0ZrRW0zU0dFMnc9PQ==,Foodtechbiz (opc) Private Limited,Private Limited,MANDEEP KAUR,Service Provider,Others,"{""Service, Associations & Trade Support"": [""Service, Associations & Trade Support""]}",[],"{""Service, Associations & Trade Support"": [""Service, Associations & Trade Support""]}",F-13B,2,https://www.foodtechbiz.com/,"#O-1003, AJNARA DAFFODILS, SECTOR-137, NOIDA - 201305",NOIDA,Uttar Pradesh,India,201305,AAECF6398M,+917827751998,https://www.facebook.com/,https://www.linkedin.com/home?originalSubdomain=in,https://www.twitter.com/,https://www.youtube.com/,https://www.twitter.com/,1000,"Distributor,exporter",FOODTECHBIZ (OPC) PRIVATE LIMITED,https://erp.tpci.in/images/upload/company_logo/Exhibitor-Logo-6770.png?rand=72520,,0,[],,[]
NTQ1OTVjYzU1OWQwZmE1ZTpjYzQ0ODlmYjA3MDU5NTM3YTQ1YjllMjczNTMxMzI2MWZhMTk4OTU2OmVEdEFSb2dZMUdRcEdWZWNmb2lGUXc9PQ==,Fourteen Foods Private Limited,Private Limited,GAZIABBAS MINSARIYA,Manufacturer,Food & Agri Products,"{""Food Ingredients"": [""Food Ingredients""]}",[],"{""Food Ingredients"": [""Food Ingredients""]}",,,https://14foods.in/,MAHUVA,MAHUVA,Gujarat,India,364290,AAFCF1547H,+917827751998,https://www.facebook.com/,https://www.linkedin.com/home?originalSubdomain=in,https://www.twitter.com/,https://www.youtube.com/,https://www.twitter.com/,80000,"Distributor,exporter",OUR COMPANY NAME IS FOURTEEN FOODS PVT LTD . WE ARE MANUFACTURER OF DEHYDRATED ONION & GARLIC PRODUCTS,https://erp.tpci.in/images/upload/company_logo/Exhibitor-Logo-6570_6a251ad6216a7.png?rand=39232,,0,[],,[]
MmE1OWJiNDFkYTVmNTU0YzowODBkZTA4ZjlmYTM1M2NmMWMzMTdiNGMzMWFkYWIxOTIzNjRkYjZiOjVaV1I1cnVGRnIwb0p3VWhQU3ZzU2c9PQ==,Freeze Drying Systems Private Limited,Private Limited,SIJU AVIRAH CHANDY,Manufacturer,Food & Agri Processing Machinery,"{""Food Processing & Packaging Machinery"": [""Food Processing & Packaging Machinery""], ""Frozen, Ready to Eat & Ready to Cook Food"": [""Frozen, Ready to Eat & Ready to Cook Food""]}","[{""productName"": ""60 KGS FOOD FREEZE DRYER"", ""description"": ""60 KGS FOOD FREEZE DRYER CAPACITY PER DAY (20 KGS OF BATCH EACH OF 08/09 HOURS) "", ""productImage"": ""https://erp.tpci.in/frontend/exhibitor/product-178306820215286267.jpg?96.78057785777429""}]","{""Food Processing & Packaging Machinery"": [""Food Processing & Packaging Machinery""], ""Frozen, Ready to Eat & Ready to Cook Food"": [""Frozen, Ready to Eat & Ready to Cook Food""]}",B-39,2,https://www.freezedryingsystems.com/,"505/506, GIDC, SAVLI MANJUSAR ROAD, SAVLI",VADODARA,Gujarat,India,391775,AACCF0465B,7600134824,https://www.facebook.com/,https://www.linkedin.com/home?originalSubdomain=in,https://www.twitter.com/,https://www.youtube.com/,https://www.twitter.com/,"15,00,000","Distributor,importer","WE ARE OFFERING THE BEST QUALITY IN FOOD PRESERVING DRYER, INDUSTRIAL LYOPHILIZER, COMMERCIAL LYOPHILIZER, LABORATORY FREEZE DRYERS, VACUUM FOOD FREEZE DRYERS, COMMERCIAL FOOD FREEZE DRYER, FOOD DRYING MACHINE AND MANY MORE.",https://erp.tpci.in/images/upload/company_logo/Exhibitor-Logo-6577.png?rand=74564,https://erp.tpci.in/uploads/ex_docs/6577/1. Brochure.pdf9db634f430733964a6bb22b5444fb07a_6a33ccc8a8c23.pdf,01,"[{""id"": ""11759"", ""description"": ""FREEZE DRYING SYSTEMS PVT LTD"", ""link"": ""https://erp.tpci.in//frontend/exhibitor/ffe887ba270e29ee1c2e15a7ba96ee68_6a4c9f78de7c7.pdf""}]",,"[{""type"": ""youtube"", ""video_url"": ""https://youtu.be/sce84yzBtas?si=t7UB9lpO5C9THRs5"", ""title"": ""Export of Freeze Dried Product and Opportunities | Export Game Changer | KDSushma""}]"
NTFhNWNjNDZhMTM4MTc5MToyOTg1ZWNkZmE0NzAwNjBkNjU0ODhmMTE0ZjI1NTQxZmYwOWQ3ZjNkOk90NFB6OXpldXRrTG1HcDMxbUg1Wnc9PQ==,Frocare Retails Private Limited,Private Limited,SHUBHANGI SINGH,Manufacturer,Food & Agri Products,"{""Beverage & Hot Drinks"": [""Beverage & Hot Drinks""]}",[],"{""Beverage & Hot Drinks"": [""Beverage & Hot Drinks""]}",,,http://www.cocohigh.com,"204 SN8 ELA NON BE SHWSRE BESIDE RELIANCER MOO MALL, VESU",SURAT,Gujarat,India,195007,AAFCE7557A,+917827751998,https://www.facebook.com/,https://www.linkedin.com/home?originalSubdomain=in,https://www.twitter.com/,https://www.youtube.com/,https://www.twitter.com/,1000,"Distributor,exporter,importer",FROCARE RETAILS PRIVATE LIMITED,https://erp.tpci.in/images/upload/company_logo/Exhibitor-Logo-6683.png?rand=6448,,0,[],,[]
YWUxNjQ1NzVmMGQ5YWQ0NDpkNjI2NjIyZWMwOWZjMjM3ZWMwZjM1YzUwMzIzYmZkMzZiYzE3OTIzOmVucDlGL1AycjJTaHpheGlUYkxJN2c9PQ==,Frontline Info Media,Proprietor,KAMLAKAR DHALE,Service Provider,Others,"{""Food Processing & Packaging Machinery"": [""Food Processing & Packaging Machinery""]}",[],"{""Food Processing & Packaging Machinery"": [""Food Processing & Packaging Machinery""]}",F-16,2,www.frontlineinfomedia.com,"RZ- 139/140, R BLOCK, CHANAKYA PLACE PART 2, UTTAM NAGAR, NEW DELHI",NEW DELHI,Delhi,India,110059,ALMPD7286L,+917827751998,https://www.facebook.com/,https://www.linkedin.com/home?originalSubdomain=in,https://www.twitter.com/,https://www.youtube.com/,https://www.twitter.com/,NA,"Distributor,exporter","PUBLISHERS OF B2B MAGAZINES - ""FOOD PROCESSING & HOSPITALITY INDIA"", ""PLAST-O-PRINT PACK INDIA"" AND ""ELECTRICAL & LEDTRONICS INDIA"" CIRCULATED IN PAN INDIA.
WE ALSO PRODUCE & PROVIDE INDUSTRIAL DATABASE RELATED TO VARIOUS INDUSTRY SEGMENTS IN EXCEL FORMAT",https://erp.tpci.in/images/upload/company_logo/Exhibitor-Logo-6776.png?rand=53804,,0,[],,[]
MDU2NWJlMzA2ZDE3MWMzZjpmOWFjNTM5NTg1ZDEyMDk2ZDgyN2Q5NTY1ZWI1NjM1NzY1NWI5ZWZmOnU4TWFXd2lnOHlvbGxTVVg4MTUveFE9PQ==,G.m Overseas,Partnership,ABHIMANYU PRAKASH,Manufacturer Exporter,Home & Personal Care,"{""Beverage & Hot Drinks"": [""Beverage & Hot Drinks""], ""Dairy"": [""Dairy""], ""Dry Fruits & Nuts"": [""Dry Fruits & Nuts""], ""Fats & Oils"": [""Fats & Oils""], ""Food Ingredients"": [""Food Ingredients""], ""Organic, Natural & Ethical Foods"": [""Organic, Natural & Ethical Foods""], ""Packaging Material"": [""Packaging Material""], ""Rice, Pulses, Grains, Spices and Commodities"": [""Rice, Pulses, Grains, Spices and Commodities""], ""Wines & Spirits"": [""Wines & Spirits""]}","[{""productName"": ""Food Packaging Empty Glass Bottles"", ""description"": ""We are Offering a Wide Range of Food Packaging Empty Glass Bottles to our Clients.\r\nUsage : Packaging of Oil, Syrups, Kombucha, Milk, Water, Etc"", ""productImage"": ""https://erp.tpci.in/frontend/exhibitor/product-178419216510732172.jpg?63.098161353821084""}, {""productName"": ""Food Packaging Empty Glass Jars"", ""description"": ""We are Offering a Wide Range of Food Packaging Empty Glass Jars to our Clients.\r\nUsage : Packaging of Honey, Jam, Pickles, Olive, Paste, Ghee, Coffee, Etc"", ""productImage"": ""https://erp.tpci.in/frontend/exhibitor/product-178419216586800679.jpg?33.68229459382807""}]","{""Beverage & Hot Drinks"": [""Beverage & Hot Drinks""], ""Dairy"": [""Dairy""], ""Dry Fruits & Nuts"": [""Dry Fruits & Nuts""], ""Fats & Oils"": [""Fats & Oils""], ""Food Ingredients"": [""Food Ingredients""], ""Organic, Natural & Ethical Foods"": [""Organic, Natural & Ethical Foods""], ""Packaging Material"": [""Packaging Material""], ""Rice, Pulses, Grains, Spices and Commodities"": [""Rice, Pulses, Grains, Spices and Commodities""], ""Wines & Spirits"": [""Wines & Spirits""]}",D-15,2,https://www.google.com,"48 KHANJAPUR, AGRA ROAD",FIROZABAD,Uttar Pradesh,,283203,AAJFG1263C,7409800056,https://www.facebook.com/,https://www.linkedin.com/home?originalSubdomain=in,https://www.twitter.com/,http://www.youtube.com/@glassmenabhimanyu7361/videos,https://www.twitter.com/,1000000,"Distributor,exporter,importer",G.M OVERSEAS [GLASSMEN],https://erp.tpci.in/images/upload/company_logo/Exhibitor-Logo-6601_6a589de88a1cf.jpg?rand=81085,https://erp.tpci.in/uploads/ex_docs/6601/GMO Brochure GMO.pdf992f0fdfc8215f17e26e18b6b77cb4f4_6a58998061dd3.pdf,01,"[{""id"": ""11908"", ""description"": ""ISO 9001 : 2015"", ""link"": ""https://erp.tpci.in//frontend/exhibitor/8fe33461018c817f78a6ea5f0af54a48_6a5899c28734a.pdf""}]",,"[{""type"": ""youtube"", ""video_url"": ""https://youtu.be/jcmhZOe122I?si=VbU_6agyubrkMQl9"", ""title"": ""GM Overseas Factory Introduction Video"", ""description"": ""Manufacturer & Exporter of Empty Glass Bottles , Jars & Promotional Glasses""}]"
YTdhMWQ4NTY3OTFhNjZmNzoxODNiZjQ1MmQxNTVjYzI1YjAzMjM3ODg1NWMxM2NjMTJlYjUyNjJkOnlCSWNwTVBCMUl0VDdVTSs2WXgyK3c9PQ==,Gajanand Foods Pvt. Ltd.,Private Limited,SAMIR PATEL,Manufacturer Exporter,Food & Agri Products,"{""Beverage & Hot Drinks"": [""Beverage & Hot Drinks""], ""Dry Fruits & Nuts"": [""Dry Fruits & Nuts""], ""Food Ingredients"": [""Food Ingredients""], ""Grocery, Staple & Dry Foods"": [""Grocery, Staple & Dry Foods""], ""Halal Food"": [""Halal Food""], ""Rice, Pulses, Grains, Spices and Commodities"": [""Rice, Pulses, Grains, Spices and Commodities""]}","[{""productName"": ""Chilli Powder"", ""description"": ""We are the manufacturer of different types of Chilli Powder that includes Kashmiri Chilli Powder, Reshamlaal Chilli Powder (Blend of Kashmiri & Reshampatti), Premium Chilli Powder, Tejalal Chilli Powder. Available in all Pack Sizes including 5kg Packs for Instituitional Uses."", ""productImage"": ""https://erp.tpci.in/frontend/exhibitor/product-178247222730178589.jpg?76.62462049780844""}, {""productName"": ""Turmeric Powder"", ""description"": ""We are the manufacturer of different types of Turmeric Powder that includes Selam Turmeric Powder, Curcuveda Turmeric Powder (Blend of Selam & Waigaon Turmeric. Available in all Pack Sizes including 5kg Packs for Instituitional Uses."", ""productImage"": ""https://erp.tpci.in/frontend/exhibitor/product-178247222734758003.jpg?92.80040254145898""}, {""productName"": ""Coriander & Coriander-Cumin Powder"", ""description"": ""We are the manufacturer of Coriander Powder as wells as Coriander-Cumin Powder. Products are Available in all Pack Sizes including 5kg Packs for Instituitional Uses."", ""productImage"": ""https://erp.tpci.in/frontend/exhibitor/product-178247222772359693.jpg?34.12815428723409""}, {""productName"": ""Strong Hing"", ""description"": ""We are the manufacturer of Strong Hing (Compounded Asafoetida). Available in various Blends & in Different Pack sizes."", ""productImage"": ""https://erp.tpci.in/frontend/exhibitor/product-178247222788584530.jpg?92.23956688515801""}, {""productName"": ""Blended Spices"", ""description"": ""We are manufacturers of varieties of Blended spices that gives the authentic taste of its recipe. The most preferred products are Rajwadi Garam Masala, Chhole Masala, Chat Masala, Kitchen King Masala, Buttermilk Masala & many more. Available in various Pack Sizes including 500g Instituitional Packs."", ""productImage"": ""https://erp.tpci.in/frontend/exhibitor/product-1782472227973124.jpg?58.8133746374523""}]","{""Beverage & Hot Drinks"": [""Beverage & Hot Drinks""], ""Dry Fruits & Nuts"": [""Dry Fruits & Nuts""], ""Food Ingredients"": [""Food Ingredients""], ""Grocery, Staple & Dry Foods"": [""Grocery, Staple & Dry Foods""], ""Halal Food"": [""Halal Food""], ""Rice, Pulses, Grains, Spices and Commodities"": [""Rice, Pulses, Grains, Spices and Commodities""]}",A-51,2,https://www.gajanand.com,"814, KOTHARI CROSS ROAD, SANTEJ, TA. KALOL",GANDHINAGAR,Gujarat,,382721,AAACG7007N,+917827751998,https://www.facebook.com/,https://www.linkedin.com/home?originalSubdomain=in,https://www.twitter.com/,https://www.youtube.com/,https://www.twitter.com/,1000,"Distributor,importer",GAJANAND FOODS PVT. LTD.,https://erp.tpci.in/images/upload/company_logo/Exhibitor-Logo-6560_6a4778551cf65.jpg?rand=20848,https://erp.tpci.in/uploads/ex_docs/6560/Export Brochure (2).pdfd14147ad1fa6a0d70e3c7039df0af08d_6a4504ca3450e.pdf,07,"[{""id"": ""11748"", ""description"": ""FSSAI Certificate"", ""link"": ""https://erp.tpci.in//frontend/exhibitor/7c7c04d046529e107e25390dfa9e9e13_6a45008dc9cf3.pdf""}, {""id"": ""11749"", ""description"": ""ISO Certificate"", ""link"": ""https://erp.tpci.in//frontend/exhibitor/5deb1e6fa8b3ff37eaae45e911af8422_6a4500b705bdf.pdf""}, {""id"": ""11750"", ""description"": ""IMPORT EXPORT CERTIFICATE"", ""link"": ""https://erp.tpci.in//frontend/exhibitor/ef34a88f4c9cca1553ce47e619d891be_6a4500e4bd84b.pdf""}, {""id"": ""11751"", ""description"": ""USFDA Certificate"", ""link"": ""https://erp.tpci.in//frontend/exhibitor/786d3a8d5a78ebebfe98a521e2bbf0e3_6a4500ff96b92.pdf""}, {""id"": ""11752"", ""description"": ""DUNS Certificate"", ""link"": ""https://erp.tpci.in//frontend/exhibitor/cebe40456e38f02824f13cf085cedb13_6a45012cc5863.pdf""}, {""id"": ""11753"", ""description"": ""APEDA"", ""link"": ""https://erp.tpci.in//frontend/exhibitor/c8253dd8f4e0a56db20f39e66646d806_6a450160de400.pdf""}, {""id"": ""11754"", ""description"": ""Tea Board"", ""link"": ""https://erp.tpci.in//frontend/exhibitor/62891b2559cd5a1a1a0019a2f4c6f8d7_6a450211b93bc.pdf""}]",,[]
ZWNjOWM5OTBmOGExMjNkOTo1Nzg1ZmRkNjNiMWI5YTY1MTFmOGU0NDY4OGEwOTJlNjcwYTZlN2VhOklzWWVyRVVucm9mY3NBbDhrSE1sTkE9PQ==,Galaxy Sivtek Private Limited,Private Limited,RAHUL SETHI,Manufacturer,Food & Agri Products,"{""Beverage & Hot Drinks"": [""Beverage & Hot Drinks""], ""Dairy"": [""Dairy""], ""Rice, Pulses, Grains, Spices and Commodities"": [""Rice, Pulses, Grains, Spices and Commodities""]}",[],"{""Beverage & Hot Drinks"": [""Beverage & Hot Drinks""], ""Dairy"": [""Dairy""], ""Rice, Pulses, Grains, Spices and Commodities"": [""Rice, Pulses, Grains, Spices and Commodities""]}",A-02,2,https://www.galaxysivteck.com,"PLOT NO. 2, SIDDHI INDUSTRIAL INFRA PARK, WAGHODIA",VADODARA,Gujarat,India,391760,AACCG61TOG,+917827751998,https://www.facebook.com/,https://www.linkedin.com/home?originalSubdomain=in,https://www.twitter.com/,https://www.youtube.com/,https://www.twitter.com/,1000,"Distributor,importer",REDEFINING THE FILTRATION AND SCREENING EXPERIENCE FOR THE FOOD & BEVERAGE INDUSTRY,https://erp.tpci.in/images/upload/company_logo/Exhibitor-Logo-6564_6a4f68b6dfdbb.jpeg?rand=64487,,0,[],,[]
ZDc5Yjk0ZGIxMDkzNTJhODphNWIwNjE2YTFhN2ZjMmViYTNhZjY5NTEyNWUyMTU3ZmFkZTY1NGViOllIQTBJNlNPODhld0ZzWE0xSFBOZ0E9PQ==,Garima Dehydrated Food Llp,Partnership,TANMAY JAIN,Manufacturer Exporter,Food & Agri Products,"{""Dry Fruits & Nuts"": [""Dry Fruits & Nuts""]}",[],"{""Dry Fruits & Nuts"": [""Dry Fruits & Nuts""]}",D-11,2,https://garimafoods.co.in/,"7/8 KHERI JASANA ROAD, GREATER FARIDABAD",FARIDABAD,Haryana,India,121101,ABBFG1127C,+917827751998,https://www.facebook.com/,https://www.linkedin.com/home?originalSubdomain=in,https://www.twitter.com/,https://www.youtube.com/,https://www.twitter.com/,1000,"Distributor,exporter","DRAPPLE PREMIUM DRY FRUITS STRONG WORLD TO DISCOVER AND PROCURE THE VERY BEST NUTS & DRY FRUITS, EACH REGION HAS TO OFFER - WITH THE SIGNIFICANT QUALITIES OF EACH REGION. DRAPPLE PREMIUM DRY FRUIT'S STRONG WORLDWIDE NETWORK OF PROCESSORS AND PARTNERS ENABLE US TO OFFER GOOD QUALITY, EFFICIENT SERVICE AND COMPETITIVE PRICES. HONESTY, INTEGRITY AND COMMITMENT ARE VALUES WE HOLD AS KEY PRINCIPLES.",https://erp.tpci.in/images/upload/company_logo/Exhibitor-Logo-6668_6a563901a3f8e.png?rand=7975,,0,[],,[]
YmIyODIwMzJmZTJmZDI2ZjowNmJhZmUwZmFhNDM0NDg2MDRjZGQ2Zjg0OWRiMjU2MDM4YTIyYmMzOjRqMXcxdXIwYkM1Yng3VDFFU25ZMEE9PQ==,Gawdee Organic Pvt Ltd,Private Limited,NAVAZ KADIVAR,Manufacturer,Food & Agri Products,"{""Dairy"": [""Dairy""], ""Organic, Natural & Ethical Foods"": [""Organic, Natural & Ethical Foods""]}","[{""productName"": ""Gawdee Gir Cow A2 Ghee "", ""description"": ""Curd-Churned Bilona | Slow Prepared | Grainy Texture | Daily Use\r\n\r\nPrepared using the traditional Bilona method, this ghee is made from curd derived from Gir Cow A2 milk. The process includes churning and slow cooking, resulting in a naturally aromatic and grainy-textured ghee. It contains no preserv"", ""productImage"": ""https://erp.tpci.in/frontend/exhibitor/product-17841965537483479.jpg?25.13053913147239""}, {""productName"": ""Gawdee Mixme Choco Nutrition Powder"", ""description"": ""Gawdee MixMe is thoughtfully crafted using a premium blend of roasted nuts, wholesome grains, seeds, natural sweeteners, and 8 carefully selected Ayurvedic herbs. Each ingredient is hygienically processed, finely milled, and blended to ensure smooth texture, delicious taste, and consistent quality i"", ""productImage"": ""https://erp.tpci.in/frontend/exhibitor/product-178419655383840074.jpg?86.42157668845874""}, {""productName"": ""Gawdee Moriinga Powder "", ""description"": ""GAWDEE Moringa Powder is made from carefully selected moringa leaves, dried and powdered to retain natural green colour, earthy aroma, and plant-based nutrition. It is a simple daily wellness superfood that can be added to water, juices, smoothies, soups, salads, or regular meals.\r\n\r\n"", ""productImage"": ""https://erp.tpci.in/frontend/exhibitor/product-178419655343304433.jpg?56.71626912124107""}, {""productName"": ""Gawdee Raw Forest Honey "", ""description"": ""Collected from forest regions across India where bees gather nectar from a wide variety of wild flowers. Carefully filtered to remove impurities while preserving natural nutritional value, aroma, and thickness."", ""productImage"": ""https://erp.tpci.in/frontend/exhibitor/product-178419655335232474.jpg?24.316618614193626""}]","{""Dairy"": [""Dairy""], ""Organic, Natural & Ethical Foods"": [""Organic, Natural & Ethical Foods""]}",B-21,2,https://gawdee.com/,"PROPERTY NO 113, VILLAGE - LIMBALA, TA - WANKANER, MORBI - 363621 (GUJARAT)",WANKANER,Gujarat,India,363621,AAJCG6632L,+917827751998,https://www.facebook.com/,https://www.linkedin.com/home?originalSubdomain=in,https://www.twitter.com/,https://www.youtube.com/,https://www.twitter.com/,1000,"Distributor,exporter",GAWDEE ORGANIC PVT LTD,https://erp.tpci.in/images/upload/company_logo/Exhibitor-Logo-6659.png?rand=58999,https://erp.tpci.in/uploads/ex_docs/6659/Gawdee Tri Fold Brochure group.pdf1271582f78f0436aca7b3077951c1057_6a586e265aed1.pdf,03,"[{""id"": ""11902"", ""description"": ""Fssai Licence "", ""link"": ""https://erp.tpci.in//frontend/exhibitor/a270d6bf7923f4bebae5072dd078da33_6a586f26e8fbd.pdf""}, {""id"": ""11903"", ""description"": ""Gst Certificate "", ""link"": ""https://erp.tpci.in//frontend/exhibitor/8abab01fd6cf35cb0978124afeaed43e_6a586f5de9f5f.pdf""}, {""id"": ""11904"", ""description"": ""Start Up India Certificate "", ""link"": ""https://erp.tpci.in//frontend/exhibitor/1bca6f4ec854c7385c2b808c827d1675_6a586f811c691.pdf""}]",,"[{""type"": ""youtube"", ""video_url"": ""https://youtu.be/vZeFo86JXAU"", ""title"": ""https://youtu.be/vZeFo86JXAU""}, {""type"": ""youtube"", ""video_url"": ""https://youtu.be/vhiGJO081Sk"", ""title"": ""✨ Should humans drink cow’s milk before the calf""}, {""type"": ""youtube"", ""video_url"": ""https://youtu.be/mMKVjFh4JaA"", ""title"": ""12,000 Milk Samples FAIL"", ""description"": ""ndia me hazaron milk samples testing me fail ho chuke hain.\n\nReports ke according 33,000+ milk samples test hue aur 12,000 se zyada non-conforming mile.\n\nMilk adulteration ek serious issue hai.\n\nNext video me bataunga ghar pe doodh kaise check kare.\n\nShare this video to spread awareness.""}, {""type"": ""youtube"", ""video_url"": ""https://www.youtube.com/watch?v=03Y26aqbla4a4"", ""title"": ""Welcome to our Gawdee Gaushala"", ""description"": ""Gawdee Gaushala | Home of Love, Purity & Divine Energy ?\n\nWelcome to Gawdee Gaushala, where sacred Gir cows are nurtured with care, compassion, and devotion. Every cow here is a part of our family – their well-being is our priority, and their blessings help us craft the purest A2 Gir Cow Ghee using the ancient Bilona method.\n\nThis isn’t just a shelter — it’s a sanctuary of Gau Seva, where tradition meets purpose and nature heals.""}]"
NmU1NmY0ZjNlOTc3ODEwMzpkMzU2NTAwMjU1OTVhYjc5N2M0NGM4NDI3YzA0MGUzZGRhY2U1Zjg3OkhlQmg1MlVZK3dVbDdsTk8xaG8vMVE9PQ==,Gayatri Magnet,Proprietor,GIRISH YADAV,Manufacturer Exporter,Food & Agri Processing Machinery,"{""Digital FoodTech, Traceability & AI"": [""Digital FoodTech, Traceability & AI""]}",[],"{""Digital FoodTech, Traceability & AI"": [""Digital FoodTech, Traceability & AI""]}",F-05,2,https://www.gayatrimagnets.com/,A/6 ANMOL COMLEX RABARI COLONY CROSS ROAD NHNO8 AMRAIWADI,AHMEDABAD,Gujarat,India,380026,AAMPY8505G,9898462210,https://www.facebook.com/,https://www.linkedin.com/home?originalSubdomain=in,https://www.twitter.com/,https://www.youtube.com/,https://www.twitter.com/,1000,"Distributor,exporter",GAYATRI MAGNET,https://erp.tpci.in/images/upload/company_logo/Exhibitor-Logo-6766.jpeg?rand=12937,,0,[],,[]
ZTMxY2Q1OWQ2ZmQ3MWJkMzpkNjA3N2Q4M2ZlODY3YWI5MTdiMDYwM2JjMzllYTQ2NDFjYzI1ZjE1Om55MGNtaWFNL0YrSkNXQ1dRN09sTHc9PQ==,Geebees Foods & Beverages Pvt Ltd.,Private Limited,SANJAY DEKHTAWALA,Manufacturer Exporter,Food & Agri Products,"{""Beverage & Hot Drinks"": [""Beverage & Hot Drinks""]}","[{""productName"": ""Masala Chai Sweetened - Premix (3 In 1) Tea"", ""description"": ""Masala Chai contains tea, cloves, cinnamon which helps in reducing sugar, cardamom helps in lowering bad cholesterol and increase good cholesterol, ginger helps in common cold, digestion, strengthening immunity, blood circulation, and nausea relieving. Our pack contains 10 single serving sachets."", ""productImage"": ""https://erp.tpci.in/frontend/exhibitor/product-178461937774663907.jpg?86.72557946920915""}, {""productName"": ""Cardamom (Elaichi) Chai - Premix (3 In 1) Tea"", ""description"": ""Cardamom is rich in riboflavin, vitamins A, B, C, which are very much essential for our body. It has natural anti-depressant, good stimulant, enhances appetite, helpful in reducing inflammation of lungs and airway path, excellent detoxifying agent. Our pack contains 10 single serving sachets."", ""productImage"": ""https://erp.tpci.in/frontend/exhibitor/product-178461937794297937.jpg?90.42395380365099""}, {""productName"": ""Ginger Chai - Premix (3 In 1) Tea"", ""description"": ""Enjoy hot cup of instant Ginger. Ginger is helpful in common cold, digestion, strengthen immunity, improves blood circulation, stress and nausea reliving and more. This Instant Premix Tea Pack contains 10 single serving sachets of, rich in taste ready to drink authentic Indian ginger sweetened tea."", ""productImage"": ""https://erp.tpci.in/frontend/exhibitor/product-178461937736723082.jpg?91.94303368399203""}, {""productName"": ""Lemon Grass Chai - Premix (3 In 1) Tea"", ""description"": ""Lemon Grass chai is a very unique flavor with brilliant appeal to your senses. All mix is ready, just put hot water and its ready to go!"", ""productImage"": ""https://erp.tpci.in/frontend/exhibitor/product-17846193776457.jpg?88.44331008237164""}, {""productName"": ""French Vanilla Chai - Premix (3 In 1) Tea"", ""description"": ""Enjoy our premium French Vanilla chai anywhere you go! This chai will make you feel as if you were sitting in a local cafe in Paris sipping on amazing tea. A true delight."", ""productImage"": ""https://erp.tpci.in/frontend/exhibitor/product-178461937790957870.jpg?66.38745243324661""}, {""productName"": ""Original (Plain) Chai - Premix (3 In 1) Tea"", ""description"": ""This Instant Premix Tea Pack contains 10 single serving sachets of rich in taste and ready to drink authentic Indian Classic Plain sweetened tea"", ""productImage"": ""https://erp.tpci.in/frontend/exhibitor/product-17846193776304219.jpg?66.60733499248263""}, {""productName"": ""Classic Coffee - Premix (3 In 1) Coffee Blend"", ""description"": ""Coffee Gold which comes with blend of chicory. It has natural sedative which boosts immune systems, along which, world of health benefits such as, preventing kidney stones, heart disease, and bacterial infections, detoxify gallbladder, and liver. Our pack contains 10 single serving sachets"", ""productImage"": ""https://erp.tpci.in/frontend/exhibitor/product-178461937763030132.jpg?33.874320736037866""}, {""productName"": ""Madras Coffee - Premix (3 In 1) Coffee Blend"", ""description"": ""Madras Coffee Gold which comes with blend Pure coffee. It has natural sedative which boosts immune systems, along which, world of health benefits such as, preventing kidney stones, heart disease, and bacterial infections, detoxify gallbladder, and liver. Our pack contains 10 single serving sachets"", ""productImage"": ""https://erp.tpci.in/frontend/exhibitor/product-178461937762696562.jpg?69.5496017761059""}, {""productName"": ""Instant Tea And Coffee Vending Machine - Domestic And Export Compatibility"", ""description"": ""Our Instant Tea and Coffee vending machine has up to 4 options and can be used anywhere such as, coffee shop, restaurant, grocery store, events, catering and so on. Top Quality Machine with superior backup from Geebees Beverages."", ""productImage"": ""https://erp.tpci.in/frontend/exhibitor/product-178461937789872292.jpg?46.12504974578046""}]","{""Beverage & Hot Drinks"": [""Beverage & Hot Drinks""]}",C-32,2,https://geebeesbeverages.com/,"101,JIVDANI INDUSTRIAL ESTATE NO.2,K.N.DHUMAL NAGAR,",MUMBAI,Maharashtra,,401208,AACCG4562G,+917827751998,https://www.facebook.com/,https://www.linkedin.com/home?originalSubdomain=in,https://www.twitter.com/,https://www.youtube.com/,https://www.twitter.com/,1000,"Distributor,exporter,jv,technology Transfer",GEEBEES FOODS & BEVERAGES PVT LTD.,https://erp.tpci.in/images/upload/company_logo/Exhibitor-Logo-6638_6a5f1e29d59f6.jpg?rand=4852,https://erp.tpci.in/uploads/ex_docs/6638/Catalog - Geebees.pdfd8ea49b7d7bab1e065e19979247de8a0_6a5f24bb8b1cb.pdf,05,"[{""id"": ""11976"", ""description"": ""ISO 9001"", ""link"": ""https://erp.tpci.in//frontend/exhibitor/7af8f45f613b9c58cb2036f6b353eb1d_6a5f253eb7105.pdf""}, {""id"": ""11977"", ""description"": ""iso 22000"", ""link"": ""https://erp.tpci.in//frontend/exhibitor/8e820d4a98cf597b97aa925f17fb27e4_6a5f254e20131.pdf""}, {""id"": ""11978"", ""description"": ""Tea board"", ""link"": ""https://erp.tpci.in//frontend/exhibitor/1f99c1c6df0239dae04e77e33fea518a_6a5f258c4a39e.pdf""}, {""id"": ""11979"", ""description"": ""IEC"", ""link"": ""https://erp.tpci.in//frontend/exhibitor/428d1dc9e3efd6d83749add70107b147_6a5f2598d227e.pdf""}, {""id"": ""11980"", ""description"": ""FSSAI"", ""link"": ""https://erp.tpci.in//frontend/exhibitor/1646556687d04a121ead0044d464dce1_6a5f25a9cc153.pdf""}]",,[]
ZmU4YzFlZTYyMzE3ODI3YjoxYmY3ZDY2YmUzZDA5N2U2ZWJkNWE1MzVlNTBlYWNiNTYyODA1ZDAwOnBZNTVwSm40L2hMVGgxNlI1M1V0dnc9PQ==,Globriddge International Private Limited,Private Limited,VALLABH GULVE,Merchant Exporter,Food & Agri Products,"{""Bakery & Breads"": [""Bakery & Breads""], ""Beverage & Hot Drinks"": [""Beverage & Hot Drinks""], ""Dairy"": [""Dairy""], ""Dry Fruits & Nuts"": [""Dry Fruits & Nuts""], ""Fats & Oils"": [""Fats & Oils""], ""Fine Food"": [""Fine Food""], ""Food Ingredients"": [""Food Ingredients""], ""Fresh Produce"": [""Fresh Produce""], ""Frozen, Ready to Eat & Ready to Cook Food"": [""Frozen, Ready to Eat & Ready to Cook Food""], ""Grocery, Staple & Dry Foods"": [""Grocery, Staple & Dry Foods""], ""Halal Food"": [""Halal Food""], ""Health Food, Free From & Super Food"": [""Health Food, Free From & Super Food""], ""Indian Ethnic Food"": [""Indian Ethnic Food""], ""Ingredients, Additives & Raw Material"": [""Ingredients, Additives & Raw Material""], ""Organic, Natural & Ethical Foods"": [""Organic, Natural & Ethical Foods""], ""Pet Food & Animal Nutrition"": [""Pet Food & Animal Nutrition""], ""Plant Based & Alternative Proteins"": [""Plant Based & Alternative Proteins""], ""Private Label"": [""Private Label""], ""Rice, Pulses, Grains, Spices and Commodities"": [""Rice, Pulses, Grains, Spices and Commodities""], ""Snacks & On the Go Foods"": [""Snacks & On the Go Foods""], ""Sweets & Confectionery"": [""Sweets & Confectionery""], ""Wines & Spirits"": [""Wines & Spirits""]}","[{""productName"": ""Sella Basmati "", ""description"": ""1121"", ""productImage"": ""https://erp.tpci.in/frontend/exhibitor/product-178464511369261518.jpg?88.96584239692041""}, {""productName"": ""Black Pepper"", ""description"": ""GL 560"", ""productImage"": ""https://erp.tpci.in/frontend/exhibitor/product-178464511335399130.jpg?43.61999309027566""}, {""productName"": ""Sugar"", ""description"": ""M130"", ""productImage"": ""https://erp.tpci.in/frontend/exhibitor/product-178464511361194073.jpg?51.20244133398164""}]","{""Bakery & Breads"": [""Bakery & Breads""], ""Beverage & Hot Drinks"": [""Beverage & Hot Drinks""], ""Dairy"": [""Dairy""], ""Dry Fruits & Nuts"": [""Dry Fruits & Nuts""], ""Fats & Oils"": [""Fats & Oils""], ""Fine Food"": [""Fine Food""], ""Food Ingredients"": [""Food Ingredients""], ""Fresh Produce"": [""Fresh Produce""], ""Frozen, Ready to Eat & Ready to Cook Food"": [""Frozen, Ready to Eat & Ready to Cook Food""], ""Grocery, Staple & Dry Foods"": [""Grocery, Staple & Dry Foods""], ""Halal Food"": [""Halal Food""], ""Health Food, Free From & Super Food"": [""Health Food, Free From & Super Food""], ""Indian Ethnic Food"": [""Indian Ethnic Food""], ""Ingredients, Additives & Raw Material"": [""Ingredients, Additives & Raw Material""], ""Organic, Natural & Ethical Foods"": [""Organic, Natural & Ethical Foods""], ""Pet Food & Animal Nutrition"": [""Pet Food & Animal Nutrition""], ""Plant Based & Alternative Proteins"": [""Plant Based & Alternative Proteins""], ""Private Label"": [""Private Label""], ""Rice, Pulses, Grains, Spices and Commodities"": [""Rice, Pulses, Grains, Spices and Commodities""], ""Snacks & On the Go Foods"": [""Snacks & On the Go Foods""], ""Sweets & Confectionery"": [""Sweets & Confectionery""], ""Wines & Spirits"": [""Wines & Spirits""]}",C-04A,2,https://globriddge.com,OFFICE NO 10 SURVEY NO 28,PUNE,Maharashtra,India,411014,AAMCG0721B,+917827751998,http://www.facebook.com/people/Globriddge-International-Private-Limited/61585944181801/,http://www.linkedin.com/https://www.linkedin.com/company/globriddge/posts/?feedView=all,https://www.twitter.com/,http://www.youtube.com/https://www.youtube.com/@GlobriddgeInternational,http://www.instagram.com/https://www.instagram.com/globriddge/,250000,"Distributor,exporter,importer",GLOBRIDDGE INTERNATIONAL PRIVATE LIMITED,https://erp.tpci.in/images/upload/company_logo/Exhibitor-Logo-6820_6a60c1d8bba76.png?rand=34040,https://erp.tpci.in/uploads/ex_docs/6820/Glob-Brochure-compressed.pdf4dba7de6bf678bb4c8239a325160d849_6a5f84b81b8a9.pdf,02,"[{""id"": ""11994"", ""description"": ""gst"", ""link"": ""https://erp.tpci.in//frontend/exhibitor/56f36dc92105276b02079d06a5e53750_6a5f81989d7a7.pdf""}, {""id"": ""11995"", ""description"": ""pan"", ""link"": ""https://erp.tpci.in//frontend/exhibitor/e54bcedd01e5f5bde2982194cef0bddc_6a5f81c2a45bb.pdf""}]",,[]
MWEwMjNhZTRhZDMyNmQyNTpjN2NkYzNkNWEwOGY3OTkwODlkNmYzMjVjNTZiZDA0MmM0ZDE2NzQxOnplZ0lpRmxZZkROQnF2SXJzRnZub1E9PQ==,Goma Process Technologies Pvt Ltd,Private Limited,SURYA,Manufacturer,Food & Agri Products,"{""Beverage & Hot Drinks"": [""Beverage & Hot Drinks""], ""Dairy"": [""Dairy""]}",[],"{""Beverage & Hot Drinks"": [""Beverage & Hot Drinks""], ""Dairy"": [""Dairy""]}",C-27,2,https://goma.co.in/,"SURVEY NO.558, VILLAGE- SARONDA
TALUKA- UMBERGAON,DIST- VALSAD, GUJARAT 396135",VALSAD,Gujarat,India,396135,AAGCG3162J,+917827751998,https://www.facebook.com/,https://www.linkedin.com/home?originalSubdomain=in,https://www.twitter.com/,https://www.youtube.com/,https://www.twitter.com/,12500000,"Distributor,exporter,importer","GOMA GROUP OF COMPANIES IS A 40+ YEAR OLD COMPANY DEALING IN PROCESS TECHNOLOGY EQUIPMENT & HIGH-PRESSURE PUMPS. WE PRIORITIZE DELIVERING HIGH-QUALITY PRODUCTS AND SERVICES TO OUR CLIENTS.
WE STRIVE FOR CONTINUOUS IMPROVEMENT AND THE DEVELOPMENT OF NEW SOLUTIONS FOR THE DAIRY & BEVERAGE INDUSTRIES. WE PRIORITIZE DELIVERING HIGH-QUALITY PRODUCTS AND SERVICES TO OUR CLIENTS.
WE PROVIDE TURNKEY SOLUTIONS FOR,
MILK WITH BY PRODUCT ( CURD, LASSI, BUTTER MILK, PANEER ETC.), ICE CREAM, RTS BEVERAGE, CARBONATED SOFT DRINKS, ASEPTIC BEVERAGE ETC.CIP SYSTEMS, UHT SYSTEM, SANITARY PUMP.",https://erp.tpci.in/images/upload/company_logo/Exhibitor-Logo-6667.jpg?rand=82608,,0,[],,[]
MDc0NGVlMjcwM2Y3ZTUxYjpjNDFmZDMwNTlmNjllYmRkZmNiZGViMzc5NmM3NDFhZDdkMjNjYTQ0Om5xNGthd2JGejdNS0FLTnNDMlZCd0E9PQ==,Good Fettle Private Limited,Private Limited,AKHIL GUPTA,Manufacturer Exporter,Food & Agri Products,"{""Plant Based & Alternative Proteins"": [""Plant Based & Alternative Proteins""]}","[{""productName"": ""Protein masala chaas"", ""description"": ""Ready to make buttermilk with protein"", ""productImage"": ""https://erp.tpci.in/frontend/exhibitor/product-178445564963647814.jpg?44.158404734133185""}]","{""Plant Based & Alternative Proteins"": [""Plant Based & Alternative Proteins""]}",D-20,2,https://podnutrition.in/,"10, MANOJ KUNJ, S.B. MARG, MATUNGA WEST,",MUMBAI,Maharashtra,India,400016,AAICG0586E,+917827751998,https://www.facebook.com/,https://www.linkedin.com/home?originalSubdomain=in,https://www.twitter.com/,https://www.youtube.com/,https://www.twitter.com/,1000,"Distributor,importer","WE HAVE BEEN BUSINESS PARTNERS FOR THE LAST 8 YEARS AND SPENT MOST OF THAT TIME RESEARCHING, FORMULATING AND LAUNCHING PRODUCTS THAT ARE BETTER FOR YOU.",https://erp.tpci.in/images/upload/company_logo/Exhibitor-Logo-6616.png?rand=51231,,0,[],,[]
NzM2YjU5M2I3YjAzYWE5ODo3NmQwZmRkOTQ2OWRmYmNmMzQxYmJhZjFhNTAxYTRlNjk4ZDdlOWZjOjNOOExHQmdDazE3KzNjNVpwZ0VQMFE9PQ==,Gooddot Spices  Pvt.ltd.,Private Limited,HARISH JOSHI,Manufacturer,Food & Agri Products,"{""Ingredients, Additives & Raw Material"": [""Ingredients, Additives & Raw Material""], ""Plant Based & Alternative Proteins"": [""Plant Based & Alternative Proteins""]}",[],"{""Ingredients, Additives & Raw Material"": [""Ingredients, Additives & Raw Material""], ""Plant Based & Alternative Proteins"": [""Plant Based & Alternative Proteins""]}",,,www.mysecretspices.com,"2ND FLOOR, CROSSWAY BUILDING, NEAR FORUM CELEBRATION MALL, UADIPUR",UADIPUR,Rajasthan,India,313001,AAHCG607D1,+917827751998,https://www.facebook.com/,https://www.linkedin.com/home?originalSubdomain=in,https://www.twitter.com/,https://www.youtube.com/,https://www.twitter.com/,NA,"Distributor,importer,market Servey","FOUNDED IN 2017 AS GOODDOT SPICES PVT. LTD, WE BRING YOU PURE , CHEMICAL- FREE STERILISED SPICES AND BLENDS UNDER THE BRAND MY SECRET SPICES. CRAFTED FROM INDIA 'S FINEST FARM , OUR PRODUCT DELIVER FRESHNESS , FLAVOUR, AND TRADITION IN EVERY PINCH , WHILE EMPOWERING WOMEN IN RURAL UADIPUR THROUGH SPICE - MAKING .",https://erp.tpci.in/images/upload/company_logo/Exhibitor-Logo-6675_6a44c6d693f7f.jpg?rand=35613,,0,[],,[]
MzZhNGM2MGIzY2M0ZDBhZTo1OWYyZGNlODkyNDZhNTEzNDVhYjY0YzhlODYyMWFhZmNjMDI0OTM3Oi90ZTZlQk1YcVFhOHVnNExrak5NTkE9PQ==,Gooddot Spices Private Limited,Private Limited,HARISH JOSHI,Manufacturer,Food & Agri Products,"{""Rice, Pulses, Grains, Spices and Commodities"": [""Rice, Pulses, Grains, Spices and Commodities""]}","[{""productName"": ""Seasonings, Marinades, Sprinklers, Pure Spices, and Blended Spices,"", ""description"": ""Trusted B2B Partner for Premium Spices, Seasonings &\r\nCustom Food Ingredient Solutions"", ""productImage"": ""https://erp.tpci.in/frontend/exhibitor/product-178359890419371174.jpg?20.296922251858675""}]","{""Rice, Pulses, Grains, Spices and Commodities"": [""Rice, Pulses, Grains, Spices and Commodities""]}",A-34,2,https://www.gooddot.in,"G-155, RIICO INDUSTRIAL AREA, GOOLI, UDAIPOR",UDAIPOR,Rajasthan,India,313024,AAHCG0760D,9773358069,https://www.facebook.com/,http://www.linkedin.com/https://www.linkedin.com/in/harishjoshi-global?utm_source=share_via,https://www.twitter.com/,https://www.youtube.com/,http://www.instagram.com/https://www.instagram.com/mysecretspices?igsh=cW1tczM3bmF4OTdk,1000,"Distributor,exporter,importer",GOODDOT SPICES,https://erp.tpci.in/images/upload/company_logo/Exhibitor-Logo-6680_6a4f46782ab53.png?rand=92059,https://erp.tpci.in/uploads/ex_docs/6680/Draft Catalague 2_compressed.pdf4b366c392b94469cfb93162acaa9dca1_6a4f8d505b680.pdf,04,"[{""id"": ""11779"", ""description"": ""fssai license"", ""link"": ""https://erp.tpci.in//frontend/exhibitor/52aeb24701c19cff7d4e2a196343fc3d_6a4f657970098.pdf""}, {""id"": ""11780"", ""description"": ""GSPL Spices Board Certificate RCMC 2024"", ""link"": ""https://erp.tpci.in//frontend/exhibitor/52aeb24701c19cff7d4e2a196343fc3d_6a4f65797a1e5.pdf""}, {""id"": ""11781"", ""description"": ""gooddot fsms"", ""link"": ""https://erp.tpci.in//frontend/exhibitor/02f9aa8a4fbe54e7bad37729e1893263_6a4f65eeed2ea.pdf""}, {""id"": ""11782"", ""description"": ""certificate of incorporation"", ""link"": ""https://erp.tpci.in//frontend/exhibitor/02f9aa8a4fbe54e7bad37729e1893263_6a4f65ef03064.pdf""}]",,[]
MGEwMWYxOTk1Y2JiZWQ0YTphNTU2YzQxNzBkZDkyMWZlM2UxOTA5ZTZjNGM5NTVhZWNlZTAyMzFkOm11K3JoU0tSUGVjejBZckhPekNQVmc9PQ==,Grainiq Innovations Pvt Ltd,Private Limited,MR. MRIGANKA SAHA,Manufacturer,"Engineering, Machine & Machine Tools","{""Quality Control, Testing & Compliance"": [""Quality Control, Testing & Compliance""]}","[{""productName"": ""InstaGrainX 3D"", ""description"": ""InstaGrainX 3D is a comprehensive hardware and software solution built on AI and computer vision that offers a detailed, three-dimensional perspective of individual grains.\r\n"", ""productImage"": ""https://erp.tpci.in/frontend/exhibitor/product-178464640576268724.jpg?69.86808904434376""}, {""productName"": ""InstaGrainX Live"", ""description"": ""InstaGrainX Live is a scalable, low-cost mobile app platform that leverages AI and computer vision to deliver real-time analysis directly to field personnel."", ""productImage"": ""https://erp.tpci.in/frontend/exhibitor/product-178464640581859833.jpg?54.68285936367033""}, {""productName"": ""InstaGrainX Local"", ""description"": ""InstaGrainX Local is a revolutionary, cutting-edge scanner based digital assaying technology stack. Legacy offline platform, a proven product used by all major rice processing companies for 5 years. It is suitable for rice millers, exporters and traders. "", ""productImage"": ""https://erp.tpci.in/frontend/exhibitor/product-178464640514486592.jpg?63.81003275868486""}]","{""Quality Control, Testing & Compliance"": [""Quality Control, Testing & Compliance""]}",D-33B,2,https://www.grainiq.in/,"PLOT# 4, MINARCH TOWERS, SECTOR-44,",GURGAON,Haryana,India,122003,AAMCG3785F,+917827751998,https://www.facebook.com/,https://www.linkedin.com/home?originalSubdomain=in,https://www.twitter.com/,https://www.youtube.com/,https://www.twitter.com/,1000,"Distributor,exporter",GRAINIQ INNOVATIONS PVT LTD,https://erp.tpci.in/images/upload/company_logo/Exhibitor-Logo-6765.jpeg?rand=79165,https://erp.tpci.in/uploads/ex_docs/6765/GrainIQ- Customer Pitch.pdf2809aecf00e92dd37b55ff8544c7ae27_6a5f8dcc014f4.pdf,01,"[{""id"": ""11996"", ""description"": ""ISO 22000"", ""link"": ""https://erp.tpci.in//frontend/exhibitor/a84fe57d42409f5b2ffe65125157f3fb_6a5f8e52c0114.pdf""}]",,[]
NzA5M2I0MTU2ZGZhZWI1Njo2MDQwOWUxMDc2M2JiNDRlYzNmNjQyNzY1Y2Q3MmIyY2FiZjkzMDgwOkNnYXFGbXlTTFJnOTlnTXJUb1pybXc9PQ==,Green Haven Llp,Proprietor,NAMRITA KABRA,Manufacturer,Food & Agri Products,"{""Fats & Oils"": [""Fats & Oils""], ""Service, Associations & Trade Support"": [""Service, Associations & Trade Support""]}",[],"{""Fats & Oils"": [""Fats & Oils""], ""Service, Associations & Trade Support"": [""Service, Associations & Trade Support""]}",B-30A,2,https://www.greenhavendevelopers.com/,"1ST FLOOR, A 16, NARAYAN PLAZA, OFF SAKI VIHAR ROAD, ANDHERI EAST, SAKINAKA, BOOMERANG COOPERATIVE PREMISES SOCIETY LTD, CHANDIVALI",MUMBAI,Maharashtra,India,400072,ABEFG0534C,+917827751998,https://www.facebook.com/,https://www.linkedin.com/home?originalSubdomain=in,https://www.twitter.com/,https://www.youtube.com/,https://www.twitter.com/,1000,"Distributor,exporter,importer",GREEN HAVEN LLP,https://erp.tpci.in/images/upload/company_logo/Exhibitor-Logo-6696.jpeg?rand=14482,,0,[],,[]
ZTdkMmIxNzZjMjRmYzMzYzphOWQyMTUyZDNlZjU4NzM5MDcwYWVmZDQxYzIxMWQ5NjU1ZTBiY2FlOmtTZSs1NVVnbEF6K2F4a0VCR2xKeEE9PQ==,Gsy International Trade Private Limited,Private Limited,EDWIN ZAVIYAR,Manufacturer Exporter,Food & Agri Products,"{""Dry Fruits & Nuts"": [""Dry Fruits & Nuts""], ""Grocery, Staple & Dry Foods"": [""Grocery, Staple & Dry Foods""], ""Rice, Pulses, Grains, Spices and Commodities"": [""Rice, Pulses, Grains, Spices and Commodities""]}","[{""productName"": ""Noor Al Arab Steam Basmati Rice"", ""description"": ""Steam Basmati rice is long-grain basmati that has been steam-treated (parboiled) before milling. This process strengthens the grain, improves cooking performance, and keeps the rice extra long, fluffy, and non-sticky after cooking."", ""productImage"": ""https://erp.tpci.in/frontend/exhibitor/product-178358951473123105.jpg?58.79173079393034""}, {""productName"": ""Noor Al Arab Sella Basmati Rice"", ""description"": ""Sella Basmati rice is premium long-grain basmati that is parboiled in the husk before milling. This process gives the grains a golden/yellow tint, extra strength, and excellent cooking performance especially for biryani."", ""productImage"": ""https://erp.tpci.in/frontend/exhibitor/product-178358951434853311.jpg?54.48172311715942""}, {""productName"": ""Noor Al Arab Cooking Oil"", ""description"": ""High-quality cooking oil with a light texture, excellent frying performance, and consistent quality for households, restaurants, and catering businesses."", ""productImage"": ""https://erp.tpci.in/frontend/exhibitor/product-178358951472464155.jpg?96.0334262773706""}, {""productName"": ""Noor Al Arab Sunflower Oil"", ""description"": ""Premium refined sunflower oil offering excellent quality, light flavor, and reliable performance for households, restaurants, catering, and foodservice operations."", ""productImage"": ""https://erp.tpci.in/frontend/exhibitor/product-178358951412171328.jpg?16.721965108739177""}, {""productName"": ""Noor Al Arab Corn Oil"", ""description"": ""Premium refined corn oil offering superior quality, light flavor, and consistent performance for households, restaurants, catering, and foodservice operations."", ""productImage"": ""https://erp.tpci.in/frontend/exhibitor/product-178358951438094028.jpg?95.50954978494863""}, {""productName"": ""Noor Al Arab Sona Masoori"", ""description"": ""Sona Masoori is a medium-grain, lightweight, aromatic rice widely grown and consumed in South India. It is known for its soft texture, mild aroma, and low starch content, making it easy to digest and ideal for daily meals."", ""productImage"": ""https://erp.tpci.in/frontend/exhibitor/product-178358951447509239.jpg?27.38185667189011""}, {""productName"": ""Noor Al Arab Matta Rice"", ""description"": ""Matta rice is a parboiled, red-husked, coarse-grain rice traditionally grown in Kerala. It is famous for its distinct reddish color, earthy flavor, and high nutritional value due to the retention of bran during processing."", ""productImage"": ""https://erp.tpci.in/frontend/exhibitor/product-178358951467071115.jpg?50.38063707796916""}, {""productName"": ""Noor Al Arab Jeerakasala"", ""description"": ""Jeerakasala is a premium, small-grain, aromatic rice native to Kerala, prized for its rich fragrance, soft texture, and ability to absorb flavors. The grains resemble cumin seeds (jeera), which is how the rice gets its name."", ""productImage"": ""https://erp.tpci.in/frontend/exhibitor/product-178358951457387589.jpg?69.75761844753997""}, {""productName"": ""Noor Al Arab Idly Rice"", ""description"": ""Idly Rice is a short-grain, parboiled white rice specially processed for making soft and fluffy South Indian steamed foods like idly and dosa."", ""productImage"": ""https://erp.tpci.in/frontend/exhibitor/product-178358951491843601.jpg?97.64618407715689""}, {""productName"": ""Noor Al Arab Ponni Rice"", ""description"": ""Ponni rice is a popular South Indian variety of medium-grain rice, widely grown along the banks of the Kaveri River. It is commonly available in both raw and parboiled forms and is a staple for daily meals in Tamil Nadu and nearby regions."", ""productImage"": ""https://erp.tpci.in/frontend/exhibitor/product-178358951494753165.jpg?78.95806811652898""}, {""productName"": ""Noor Al Arab Masoor Dal"", ""description"": ""Masoor dal is a popular red lentil that is split and skinned, known for its quick cooking time, soft texture, and mild earthy flavor. It is widely used in Indian, Middle Eastern, and South Asian home cooking."", ""productImage"": ""https://erp.tpci.in/frontend/exhibitor/product-178358951453021260.jpg?1.8517914245387461""}, {""productName"": ""Noor Al Arab Toor Dal"", ""description"": ""A split yellow pigeon pea lentil, commonly used in South Indian and North Indian cooking. It has a mild nutty flavor, cooks to a soft texture, and is mainly used for sambar and dal curry."", ""productImage"": ""https://erp.tpci.in/frontend/exhibitor/product-17835895142573872.jpg?72.3847558464713""}, {""productName"": ""Noor Al Arab Moong Dal"", ""description"": ""A light, easily digestible split yellow lentil. It cooks quickly and turns soft and creamy, widely used for khichdi, soups, and simple dal dishes."", ""productImage"": ""https://erp.tpci.in/frontend/exhibitor/product-178358951439554845.jpg?56.36840803210475""}, {""productName"": ""Noor Al Arab Urad Dal"", ""description"": ""A rich, protein-heavy split white lentil with a slightly sticky texture when cooked. It is essential for idly, dosa batter, and thick North Indian dals."", ""productImage"": ""https://erp.tpci.in/frontend/exhibitor/product-178358951414003436.jpg?64.68777569447437""}, {""productName"": ""Noor Al Arab Black Channa"", ""description"": ""A small, dark brown chickpea with a firm texture and earthy taste. It is high in protein and used in curries, salads, and sprouts."", ""productImage"": ""https://erp.tpci.in/frontend/exhibitor/product-178358951492358181.jpg?54.33365744942209""}, {""productName"": ""Noor Al Arab Sugar"", ""description"": ""A sweet crystalline ingredient made from sugarcane or sugar beet. It is used in beverages, desserts, bakery items, and cooking."", ""productImage"": ""https://erp.tpci.in/frontend/exhibitor/product-178358951449232124.jpg?77.60496323705182""}, {""productName"": ""Noor Al Arab Salt"", ""description"": ""A basic seasoning mineral composed mainly of sodium chloride. It enhances flavor in all types of food and is essential in daily cooking."", ""productImage"": ""https://erp.tpci.in/frontend/exhibitor/product-178358951435178381.jpg?25.023846910357335""}, {""productName"": ""Noor Al Arab Cummin Powder"", ""description"": ""A finely ground spice made from roasted cumin seeds. It has a warm, earthy, slightly nutty flavor and is commonly used in curries, dals, and seasoning blends."", ""productImage"": ""https://erp.tpci.in/frontend/exhibitor/product-178358951410406360.jpg?92.30434791399571""}, {""productName"": ""Noor Al Arab Chilli Powder"", ""description"": ""A spicy red powder made from dried chillies. It adds heat, color, and flavor to Indian dishes, curries, and marinades."", ""productImage"": ""https://erp.tpci.in/frontend/exhibitor/product-178358951482560943.jpg?86.45020191227105""}, {""productName"": ""Noor Al Arab Pepper Powder"", ""description"": ""A sharp, pungent spice made from dried black pepper seeds. It adds heat and strong aroma to soups, meats, and vegetable dishes."", ""productImage"": ""https://erp.tpci.in/frontend/exhibitor/product-178358951441821207.jpg?55.337968892732604""}, {""productName"": ""Noor Al Arab Turmeric Powder"", ""description"": ""A bright yellow spice known for its earthy flavor and natural color. It is widely used in curries and has strong medicinal properties."", ""productImage"": ""https://erp.tpci.in/frontend/exhibitor/product-178358951465907331.jpg?17.33924180021439""}, {""productName"": ""Noor Al Arab Coriander Powder"", ""description"": ""A mild, citrusy-flavored spice made from dried coriander seeds. It is commonly used as a base spice in gravies and curries."", ""productImage"": ""https://erp.tpci.in/frontend/exhibitor/product-178358951433907730.jpg?20.682305396238625""}, {""productName"": ""Noor Al Arab Kashmiri Chilli Powder"", ""description"": ""Kashmiri chili powder is a vibrant red spice blend originating from the Kashmir region of India. It's made from dried Kashmiri chilies, which are known for their mild heat and rich color."", ""productImage"": ""https://erp.tpci.in/frontend/exhibitor/product-178358951489913846.jpg?51.393804653914465""}]","{""Dry Fruits & Nuts"": [""Dry Fruits & Nuts""], ""Grocery, Staple & Dry Foods"": [""Grocery, Staple & Dry Foods""], ""Rice, Pulses, Grains, Spices and Commodities"": [""Rice, Pulses, Grains, Spices and Commodities""]}",D-34,2,https://gsyinternationalgroup.com/,"GSY INTERNATIONAL TRADE PVT LTD, GROUND FLOOR, SRI DEVI APARTMENT, NO.3, G-7, LAKSHMIKANTHAN ST, PONDY BAZAAR, T. NAGAR, CHENNAI, TAMIL NADU 600017",CHENNAI,Tamil Nadu,India,600017,AAMCG3810B,9025795155,http://www.facebook.com/profile.php?id=61579747550514,http://www.linkedin.com/company/94790638/admin/dashboard/,https://www.twitter.com/,https://www.youtube.com/,http://www.instagram.com/gsy_groups/,1000,"Distributor,exporter,importer",GSY INTERNATIONAL TRADE PRIVATE LIMITED,https://erp.tpci.in/images/upload/company_logo/Exhibitor-Logo-6677.jpeg?rand=24547,https://erp.tpci.in/uploads/ex_docs/6677/GSY Profile_compressed.pdfe7f8a07701e382cc8c1b8acf0f38775d_6a4b7b0a7b703.pdf,05,"[{""id"": ""11756"", ""description"": ""Noor Al Arab For Foodstuff"", ""link"": ""https://erp.tpci.in//frontend/exhibitor/4de262d6eb88707456e05ef67485073f_6a4b7e05bd63e.pdf""}, {""id"": ""11822"", ""description"": ""GSY"", ""link"": ""https://erp.tpci.in//frontend/exhibitor/95ac4a38b907b05563d21b9a4803b848_6a50ec48d8c60.pdf""}, {""id"": ""11823"", ""description"": ""GSY_L"", ""link"": ""https://erp.tpci.in//frontend/exhibitor/df60739fdb54747290ec4e52f7daa39f_6a50ec5d7889b.pdf""}, {""id"": ""11824"", ""description"": ""GSY Membership"", ""link"": ""https://erp.tpci.in//frontend/exhibitor/1e48e45f73fa8e661d7330f28a32e98d_6a50ec6d928ad.pdf""}, {""id"": ""11825"", ""description"": ""HACCP"", ""link"": ""https://erp.tpci.in//frontend/exhibitor/c34a7d75639a88a2b9ed5fd4808e3356_6a50ecb8b457f.pdf""}]",,[]
YTM1YTZlNTI5MWY3MDg3NDoyNGE0MzRmYzYzZWZmZjIwZjMyZDc0NTE1ZWI1NmNjMjc0NmM1ZDliOjU5Z05JaVB0WFBZazgvd1hYd01Bc1E9PQ==,Gujarat State Plastic Manufacturers Association,Society,ANISH PATEL,Service Provider,Others,"{""Service, Associations & Trade Support"": [""Service, Associations & Trade Support""]}",[],"{""Service, Associations & Trade Support"": [""Service, Associations & Trade Support""]}",D-30A,2,www.gspma.in,"7TH FLOOR, SPAN TRADE CENTRE, OPP. KOCHRAB ASHRAM, PALDI, ELLISBRIDGE,",AHMEDA BAD,Gujarat,,380006,AAATG3563A,+917827751998,https://www.facebook.com/,https://www.linkedin.com/home?originalSubdomain=in,https://www.twitter.com/,https://www.youtube.com/,https://www.twitter.com/,NA,Market Servey,"GUJARAT STATE PLASTIC MANUFACTURERS ASSOCIATION IS ONE OF THE LEADING ASSOCIATIONS IN THE COUNTRY, HAVING LARGE NUMBER OF MEMBERS, REPRESENTING & WORKING FOR THE CAUSE OF PLASTIC INDUSTRY SINCE 1970. IT HAS BEEN CONSTANTLY ENGAGED IN THE DEVELOPMENT OF PLASTIC INDUSTRY SINCE 1970. GSPMA IS ONE OF THE FOUNDER MEMBERS OF PLASTINDIA FOUNDATION. GSPMA ALSO ORGANIZED INTERNATIONAL PLASTIC EXHIBITION PLEXPOINDIA IN GUJARAT. THE 10TH EDITION WILL TAKE PLACE AT GANDHINAGAR (GUJRAT) DURING 17TH TO 20TH SEPTEMBER 2027.  FIRST-EVER PLASTIC INDUSTRY EXHIBITION ORGANIZED BY GSPMA IN 1979 @ AHMEDABAD.",https://erp.tpci.in/images/upload/company_logo/Exhibitor-Logo-6732_6a59f9bcafaaa.jpg?rand=98103,,0,[],,[]
NDdmZGI1OWFmMTRlNTQwODo5NjVkOWRiMzEzMjczMTdhYjMzNGE5YjM2NDc3OWU0NWZkYzk3NDk3OndRS0hha3g3QTVud1hiaGt5WXNNdnc9PQ==,Gut Feeling,Proprietor,NEEL SHAH,Trader,Vegan Foods,"{""Indian Ethnic Food"": [""Indian Ethnic Food""]}",[],"{""Indian Ethnic Food"": [""Indian Ethnic Food""]}",,,www.pasandfoods.com,"VASNA BHAYLI ROAD,",VADODARA,Gujarat,,391410,BSEPS2166N,+917827751998,https://www.facebook.com/,https://www.linkedin.com/home?originalSubdomain=in,https://www.twitter.com/,https://www.youtube.com/,https://www.twitter.com/,NIL,"Distributor,importer","PASAND IS AN EXCITING RANGE OF PREMIUM QUALITY FOOD PRODUCTS.
WE HAVE AN ENTICING BASKET OF PICKLES AND CHUTNEYS.
PASAND PICKLES ARE A SUPERIOR QUALITY FRUIT AND VEGETABLE PRODUCTS WITH HIGH SHELF LIFE MANUFACTURED UNDER STRINGENT PROTOCOLS OF HYGIENE AND SAFETY.
PASAND PICKLES AND CHUTNEYS ARE HAND CRAFTED GOURMET RECIPES MADE WITH THE FINEST INGREDIENTS AND UTMOST CARE.
THE AUTHENTIC FORMULATIONS ARE A TRIBUTE TO THE HIGHEST CULINARY TRADITIONS AND APPEAL TO EVERYONE EQUALLY. QUALITY, ORIGINALITY AND TASTE ARE AT THE CORE OF ITS PROCESS.
THE RICHNESS OF THE PRODUCTS BRING ULTIMATE EPICUREA",https://erp.tpci.in/images/upload/company_logo/Exhibitor-Logo-6657_6a3dff57b1672.png?rand=49469,,0,[],,[]
OTNmMTI0MGEzYTY0MTcxYTpkNTcwYmEyZjlhMmJkM2M4YWVhYTQyODRhM2Y5NzhlOWQyMmRkMWE5OndZWE9PTkZKa1ZmV3VHM3J5RTRrUVE9PQ==,H.r. Exports Private Limited,Private Limited,MOHIT GUPTA,Manufacturer Exporter,Food & Agri Products,"{""Rice, Pulses, Grains, Spices and Commodities"": [""Rice, Pulses, Grains, Spices and Commodities""]}",[],"{""Rice, Pulses, Grains, Spices and Commodities"": [""Rice, Pulses, Grains, Spices and Commodities""]}",B-40,2,https://www.shaziarice.com/,"2646, 1ST FLOOR,GALI RAGHUNANDAN, , NAYA BAZAR",NEW DELHI,Delhi,India,110034,AACCH3738H,+917827751998,https://www.facebook.com/,https://www.linkedin.com/home?originalSubdomain=in,https://www.twitter.com/,https://www.youtube.com/,https://www.twitter.com/,1000,"Distributor,importer",H.R. EXPORTS PRIVATE LIMITED,https://erp.tpci.in/images/upload/company_logo/Exhibitor-Logo-6627.jpeg?rand=34372,https://erp.tpci.in/uploads/ex_docs/6627/NEW CATALOGUE 24.pdf7664df9de57c07c19b7aed3c8e2d82fb_6a54cd6393be7.pdf,0,[],,[]
MDhmNjQwYjI4YjEwMmRmMjo1MGM3ZjRlZWQ0Yzg1ZjZjN2ViYmZlMWM3MDE0YWE0MTcyZTkzMGI3OjNQY1ljYnJTRnY2MmJuNGgxUXJSK1E9PQ==,Hayacinth Agro Products Private Limited,Private Limited,SHAHJAHAN,Manufacturer,Food & Agri Products,"{""Cold Chain & Logistics Solutions"": [""Cold Chain & Logistics Solutions""], ""Dry Fruits & Nuts"": [""Dry Fruits & Nuts""], ""Food Processing & Packaging Machinery"": [""Food Processing & Packaging Machinery""], ""Marine & Sea Food"": [""Marine & Sea Food""]}",[],"{""Cold Chain & Logistics Solutions"": [""Cold Chain & Logistics Solutions""], ""Dry Fruits & Nuts"": [""Dry Fruits & Nuts""], ""Food Processing & Packaging Machinery"": [""Food Processing & Packaging Machinery""], ""Marine & Sea Food"": [""Marine & Sea Food""]}",B-07,2,www.hyacinthfood.com,"87 INDUSTRIAL ESTATE, ZANAKOTE",SRINAGAR,Jammu And Kashmir,India,190012,AABCH5762L,+917827751998,https://www.facebook.com/,https://www.linkedin.com/home?originalSubdomain=in,https://www.twitter.com/,https://www.youtube.com/,https://www.twitter.com/,2577,"Distributor,exporter,importer,jv,market Servey,technology Transfer","HYACINTH AGRO PRODUCTS PRIVATE LIMITED ARE ENGAGED IN PACKING OF CANNED VEGETABLES, ASPARAGUS, PLUMS, PEACHES, PEARS AND CHERRIES. THE COMPANY PROPOSES TO ENTER INTO THE EXPORT MARKET WITH ITÂ€™S READY TO AUTHENTIC KASHMIR CUISINE CALLED, WAZWAN. THEIR INFRASTRUCTURE IS SPREAD OVER IN 20000 SQ FT AREA",https://erp.tpci.in/images/upload/company_logo/Exhibitor-Logo-6792_6a5a41c1b9d1f.jpg?rand=15601,,0,[],,[]
NGY3ZDc3NTI0ZmE3NGRjODpiNzAwMGUxZjZmY2RkZTA2NDc4Y2FmZWIzY2FkODQ2NzRiODFhZGEwOk5VNHpwaFlsWXJMaEtqL0FIdlpDQXc9PQ==,Helios Concrew Pvt Ltd,Private Limited,HITARTH RAVAL,Manufacturer Exporter,Others,"{""Food Processing & Packaging Machinery"": [""Food Processing & Packaging Machinery""]}","[{""productName"": ""HC FOODPACK 2440"", ""description"": ""We Helios Concrew Pvt. Ltd. aims at providing Packaging Solutions for Food industry We have extensive experience in manufacturing superior quality BLISTER PACKING MACHINES suitable for  YOGURT, CURD, BUTTER, LIQUID, CHOCOLATE, JELLY, JAM, HONEY, PEANUT BUTTER packing solutions."", ""productImage"": ""https://erp.tpci.in/frontend/exhibitor/product-178184966588192883.jpg?81.22245602423554""}]","{""Food Processing & Packaging Machinery"": [""Food Processing & Packaging Machinery""]}",A-45,2,www.blisterking.com/,"44, AMBICA INDUSTRIAL HUB, AMBICA TUBE COMPOUND, VATVA RAILWAY BRIDGE, VATVA, AHMEDABAD - 382440, GUJARAT(INDIA)",AHMEDABAD,Gujarat,India,382440,AAECH2903E,+917827751998,https://www.facebook.com/,https://www.linkedin.com/home?originalSubdomain=in,https://www.twitter.com/,https://www.youtube.com/,https://www.twitter.com/,1000000,"Distributor,importer","WE HELIOS CONCREW PVT. LTD. AIMS AT PROVIDING PACKAGING SOLUTIONS FOR FOOD INDUSTRY. WE HAVE
EXTENSIVE EXPERIENCE IN MANUFACTURING SUPERIOR QUALITY BLISTER PACKING MACHINES SUITABLE FOR  YOGURT, CURD, BUTTER, LIQUID, CHOCOLATE, JELLY, JAM, HONEY, PEANUT BUTTER PACKING SOLUTIONS.


WE AT HELIOS CONCREW PVT. LTD. EMPHASES ON QUALITY AND NO COMPROMISE POLICY. EACH OF OUR MACHINES ARE MANUFACTURED USING WORLD CLASS INFRASTRUCTURE HIGHLY AUTOMATED MACHINES.QUALITY INSTRUMENTS ARE USED FOR INSPECTIONS WHICH ARE PERIODICALLY CALIBRATED. WE HAVE IN-LINE PRODUCTION OF 20 MACHINES IN OUR PRODUCTION HOUS",https://erp.tpci.in/images/upload/company_logo/Exhibitor-Logo-6553.png?rand=73474,https://erp.tpci.in/uploads/ex_docs/6553/HC FOODPACK 1540_2440_4540 BROCHURE_compressed.pdf7b764af114d6ec92da208eae4e565716_6a352d6fa672a.pdf,01,"[{""id"": ""11732"", ""description"": ""certificate "", ""link"": ""https://erp.tpci.in//frontend/exhibitor/e0a8d8035ac41f6fb446793eced6c514_6a352d9c05d0e.pdf""}]",,"[{""type"": ""youtube"", ""video_url"": ""https://www.youtube.com/watch?v=MWH0yRWh4vA"", ""title"": ""BLISTER PACKING MACHINE FOR FOOD"", ""description"": ""We Helios Concrew Pvt. Ltd. aims at providing Packaging Solutions for Food industry. We have\nextensive experience in manufacturing superior quality BLISTER PACKING MACHINES suitable for  YOGURT, CURD, BUTTER, LIQUID, CHOCOLATE, JELLY, JAM, HONEY, PEANUT BUTTER packing solutions.\n\n\nWe at Helios Concrew Pvt. Ltd. emphases on Quality and No compromise Policy. Each of our Machines are manufactured using world class Infrastructure Highly Automated Machines.Quality instruments are used for inspections which are periodically calibrated. We have in-line production of 20 machines in our production house.""}]"
Njc2MDZmODc0ZmRlNTQ2NDphZWUyYmM2MWE1MGQ4ZGQ0MTNhOGMxOGM0Y2E2OWZhY2JjODViM2U3OkhtYXFVdUYwaXJOYmtiUzV5aTVORUE9PQ==,Helse Foods Products Llp,Partnership,NEHA PRAVIN RAMBHIA,Manufacturer,Food & Agri Products,"{""Fine Food"": [""Fine Food""], ""Health Food, Free From & Super Food"": [""Health Food, Free From & Super Food""], ""Private Label"": [""Private Label""], ""Snacks & On the Go Foods"": [""Snacks & On the Go Foods""]}",[],"{""Fine Food"": [""Fine Food""], ""Health Food, Free From & Super Food"": [""Health Food, Free From & Super Food""], ""Private Label"": [""Private Label""], ""Snacks & On the Go Foods"": [""Snacks & On the Go Foods""]}",A-23,2,https://www.helsefoods.com,"E5-136 BHUMI WORLD, 1ST FLOOR, BHUMI WORLD INDUSTRIAL PARK, PIMPLAS, BHIWANDI.",THANE,Maharashtra,,421302,AAQFH4315P,+917827751998,https://www.facebook.com/,https://www.linkedin.com/home?originalSubdomain=in,https://www.twitter.com/,https://www.youtube.com/,https://www.twitter.com/,1000,"Distributor,exporter,importer",HELSE FOODS RODUCTS LLP,https://erp.tpci.in/images/upload/company_logo/Exhibitor-Logo-6681_6a5cb0e283ce1.png?rand=29019,https://erp.tpci.in/uploads/ex_docs/6681/1 - Helse Brochure-compressed.pdf873bb51398d6163b9463d4eeb5425106_6a5cb1e9eeeca.pdf,0,[],,[]
OWUxOTRiODgzMjFlOWNiNjpjZWI1Mzk0N2ZiNjZiNmQ3YzhjMTQ0NGQyOTI1NTQyNDQ5ZTY2NWI3OlNyeFdGd2trZi9USGg1anN2OE5rYmc9PQ==,Hesthetic Life Private Limited,Private Limited,ASHISH THESIA,Manufacturer Exporter,Food & Agri Products,"{""Fresh Produce"": [""Fresh Produce""], ""Rice, Pulses, Grains, Spices and Commodities"": [""Rice, Pulses, Grains, Spices and Commodities""]}","[{""productName"": ""Premium Cold Pressed Peanut (Groundnut) Cooking Oil"", ""description"": ""Crafted from carefully selected premium peanuts, this oil is extracted using our Single Screw Cold Pressed Extraction Method with German Technology to help retain maximum nutrients, natural flavor, and purity. "", ""productImage"": ""https://erp.tpci.in/frontend/exhibitor/product-178417884594155518.jpg?27.10013140654204""}, {""productName"": ""Premium Cold Pressed Coconut Cooking Oil"", ""description"": ""Crafted from carefully selected premium coconuts, our Coconut Oil is extracted using the Single Screw Cold Pressed Extraction Method with German Technology to help retain maximum nutrients, natural aroma, and purity. Enjoy wholesome goodness, rich flavor, and uncompromised quality in every drop."", ""productImage"": ""https://erp.tpci.in/frontend/exhibitor/product-178417884575877817.jpg?11.658227268288124""}, {""productName"": ""Premium Cold Pressed White Sesame (Gingelly) Cooking Oil"", ""description"": ""Crafted from carefully selected premium white sesame (gingelly) seeds, our oil is extracted using the Single Screw Cold Pressed Extraction Method with German Technology to help retain maximum nutrients, natural flavor, and purity. "", ""productImage"": ""https://erp.tpci.in/frontend/exhibitor/product-178417884576368523.jpg?76.99074519517902""}, {""productName"": ""Premium Cold Pressed Yellow Mustard Cooking Oil"", ""description"": ""Crafted from carefully selected premium white sesame (gingelly) seeds, our oil is extracted using the Single Screw Cold Pressed Extraction Method with German Technology to help retain maximum nutrients, natural flavor, and purity. Enjoy rich taste and wholesome goodness in every drop."", ""productImage"": ""https://erp.tpci.in/frontend/exhibitor/product-178417884582173324.jpg?49.979047244395176""}, {""productName"": ""Premium Cold Pressed Sunflower Cooking Oil"", ""description"": ""Crafted from carefully selected premium sunflower seeds, our Sunflower Cooking Oil is extracted using the Single Screw Cold Pressed Extraction Method with German Technology to help retain maximum nutrients, natural goodness, and purity. "", ""productImage"": ""https://erp.tpci.in/frontend/exhibitor/product-178417884558731959.jpg?18.92300370980334""}, {""productName"": ""Extra Virgin Cold Pressed Olive Oil"", ""description"": ""Crafted from carefully selected premium olives, our Olive Oil is extracted using the Single Screw Cold Pressed Extraction Method with German Technology to help retain maximum nutrients, natural antioxidants, and authentic flavor. "", ""productImage"": ""https://erp.tpci.in/frontend/exhibitor/product-178417884553834258.jpg?44.67787988919567""}, {""productName"": ""Edible Premium Cold Pressed Almond Oil"", ""description"": ""Crafted from carefully selected premium almonds, our Edible Premium Cold Pressed Almond Oil is extracted using the Single Screw Cold Pressed Extraction Method with German Technology to help retain maximum nutrients, natural goodness, and purity."", ""productImage"": ""https://erp.tpci.in/frontend/exhibitor/product-178417884537537101.jpg?66.62039138993285""}, {""productName"": ""Premium Cold Pressed Flaxseed Oil"", ""description"": ""Crafted from carefully selected premium flaxseeds, our Premium Cold Pressed Flaxseed Oil is extracted using the Single Screw Cold Pressed Extraction Method with German Technology to help retain maximum nutrients, natural goodness, and purity. "", ""productImage"": ""https://erp.tpci.in/frontend/exhibitor/product-17841788458962607.jpg?99.06832035544171""}, {""productName"": ""Premium Cold Pressed Hemp Seed Oil"", ""description"": ""Crafted from carefully selected premium hemp seeds, our Premium Cold Pressed Hemp Seed Oil is extracted using the Single Screw Cold Pressed Extraction Method with German Technology to help retain maximum nutrients, natural goodness, and purity. "", ""productImage"": ""https://erp.tpci.in/frontend/exhibitor/product-178417884517341217.jpg?95.48043068077455""}, {""productName"": ""Edible Premium Cold Pressed Pumpkin Seed Oil"", ""description"": ""Crafted from carefully selected premium pumpkin seeds, our Edible Premium Cold Pressed Pumpkin Seed Oil is extracted using the Single Screw Cold Pressed Extraction Method with German Technology to help retain maximum nutrients, natural goodness, and purity. "", ""productImage"": ""https://erp.tpci.in/frontend/exhibitor/product-17841788457517139.jpg?80.1971954109121""}]","{""Fresh Produce"": [""Fresh Produce""], ""Rice, Pulses, Grains, Spices and Commodities"": [""Rice, Pulses, Grains, Spices and Commodities""]}",E-30,2,https://hesthetic.com/,"FIRST FLOOR AND SECOND FLOOR, PLOT NO 11 AND 12, SHIVA PARK SOCIETY, VARACHHA ROAD, KARANJ",SURAT,Gujarat,India,395006,AAFCH2106L,+917827751998,https://www.facebook.com/,https://www.linkedin.com/home?originalSubdomain=in,https://www.twitter.com/,https://www.youtube.com/,https://www.twitter.com/,1000,"Distributor,importer",HESTHETIC LIFE PRIVATE LIMITED,https://erp.tpci.in/images/upload/company_logo/Exhibitor-Logo-6626.jpeg?rand=21382,,0,[],,[]
YzEyMmFmZWJlNGZhOTE0MzplZGUwNGM5YzdlNTI4YmQ2Y2I1M2FmYmJlNGJjNDljMDlmMjQ5ZDdiOnkya3lWOHo3N1BMZnZKdDUxUmNoeEE9PQ==,Himalayan Medicinal & Aromatic Producers Coop. Ltd.,Cooperatives,ARJUN RAINA,Manufacturer,Food & Agri Products,"{""Dry Fruits & Nuts"": [""Dry Fruits & Nuts""]}","[{""productName"": ""Kashmir Rosemary Water"", ""description"": ""Kashmiri rosemary water "", ""productImage"": ""https://erp.tpci.in/frontend/exhibitor/product-178419126856989382.jpg?39.12752693437741""}, {""productName"": ""Kashmiri Apple"", ""description"": ""Varieties Delicious, Amri, Gala, Green apple,"", ""productImage"": ""https://erp.tpci.in/frontend/exhibitor/product-178419126839750776.jpg?81.80730192159051""}, {""productName"": ""Kashmiri Lavender"", ""description"": ""Kashmiri Lavender"", ""productImage"": ""https://erp.tpci.in/frontend/exhibitor/product-178419126811720640.jpg?91.65393187818484""}, {""productName"": ""Improved Cultivated Dandelion"", ""description"": ""Cultivated Dandelion flower, shoot and root"", ""productImage"": ""https://erp.tpci.in/frontend/exhibitor/product-178419126892092361.jpg?12.847756699517143""}, {""productName"": ""saussurea costus"", ""description"": ""cultivated  costus (region Jammu kashmir)"", ""productImage"": ""https://erp.tpci.in/frontend/exhibitor/product-178419126831563541.jpg?89.2769909363957""}, {""productName"": ""Kashmiri Walnut"", ""description"": ""Kashmiri desi and chander walnut"", ""productImage"": ""https://erp.tpci.in/frontend/exhibitor/product-178419126853292490.jpg?7.84168765679159""}, {""productName"": ""Pears"", ""description"": ""Kashmiri red and green pears"", ""productImage"": ""https://erp.tpci.in/frontend/exhibitor/product-178419126843667077.jpg?71.37746854813534""}, {""productName"": ""Lavender essential Oil "", ""description"": ""Kashmiri Lavender oil"", ""productImage"": ""https://erp.tpci.in/frontend/exhibitor/product-17841912683444322.jpg?33.362282843666414""}, {""productName"": ""Pine Nut"", ""description"": ""Wild Pine Nut"", ""productImage"": ""https://erp.tpci.in/frontend/exhibitor/product-178419126898148554.jpg?52.679011647290565""}, {""productName"": ""Bhaderwahi Rajma"", ""description"": ""GI Tagged product of J&K"", ""productImage"": ""https://erp.tpci.in/frontend/exhibitor/product-178419126883638267.jpg?63.30821277881806""}]","{""Dry Fruits & Nuts"": [""Dry Fruits & Nuts""]}",A-15,2,ridayu.com,VILLAGE MANWAH BHALRA BHADERWAH,BHADERWAH,Jammu And Kashmir,India,182221,0000000000,9906200793,http://www.facebook.com/mailarjunraina,http://www.linkedin.com/mailarjunraina,http://www.twitter.com/mailarjunraina,http://www.youtube.com/mailarjunraina,http://www.instagram.com/mailarjunraina,NIL,"Distributor,exporter,importer,jv",H-MAP IS AN FPO SPECIALIZES IN CULTIVATION AMD VALUE ADDITION OF HORTICULTURAL AROMATIC AND MEDICINAL PRODUCE,https://erp.tpci.in/images/upload/company_logo/Exhibitor-Logo-6738.jpg?rand=69863,https://erp.tpci.in/uploads/ex_docs/6738/file_000000007b307207a4af7c7a6c6c2bae.png2c1cb300f0fa1c1df929d6e060388dc8_6a58973a5b3cc.png,02,"[{""id"": ""11906"", ""description"": ""Udyam Certificate"", ""link"": ""https://erp.tpci.in//frontend/exhibitor/f2af312aabad85e0a5f294394922a4d4_6a58927d9cdba.pdf""}, {""id"": ""11907"", ""description"": ""Registration certificate"", ""link"": ""https://erp.tpci.in//frontend/exhibitor/7fb4813fb76311a04dce180c73b737af_6a5892998c620.pdf""}]",,"[{""type"": ""youtube"", ""video_url"": ""https://youtu.be/PtxmJ7qvmC0?si=Y6viICndquxChj_j"", ""title"": ""Aroma mission""}]"
OTJhNGEwZDIyMGViNThjZjphNzJkOTYzMTI1OWU5MmZjYTNlNmE1ZWYzMzEyYjdkM2FmOGY0NmI3Ok0xRW45V0FiNjRhV09pVlNLZnJIR3c9PQ==,Hkl Agro Foods Pvt Ltd,Private Limited,HARISH PATEL,Manufacturer Exporter,Food & Agri Products,"{""Health Food, Free From & Super Food"": [""Health Food, Free From & Super Food""], ""Organic, Natural & Ethical Foods"": [""Organic, Natural & Ethical Foods""], ""Private Label"": [""Private Label""], ""Rice, Pulses, Grains, Spices and Commodities"": [""Rice, Pulses, Grains, Spices and Commodities""], ""Snacks & On the Go Foods"": [""Snacks & On the Go Foods""]}",[],"{""Health Food, Free From & Super Food"": [""Health Food, Free From & Super Food""], ""Organic, Natural & Ethical Foods"": [""Organic, Natural & Ethical Foods""], ""Private Label"": [""Private Label""], ""Rice, Pulses, Grains, Spices and Commodities"": [""Rice, Pulses, Grains, Spices and Commodities""], ""Snacks & On the Go Foods"": [""Snacks & On the Go Foods""]}",A-49,2,https://hklagrofoods.com/,"35/36/37,GOVINDJI INDUSTRIAL ESTATE, VALAN, MORTHANA, KAMREJ",SURAT,Gujarat,,394325,AAHCH5825L,9512960639,https://www.facebook.com/,https://www.linkedin.com/home?originalSubdomain=in,https://www.twitter.com/,https://www.youtube.com/,https://www.twitter.com/,12700000,"Distributor,importer",HKL AGRO FOODS PVT LTD,https://erp.tpci.in/images/upload/company_logo/Exhibitor-Logo-6630_6a5c7a7ee1a76.png?rand=58138,https://erp.tpci.in/uploads/ex_docs/6630/COMPANY PROFILE.pdf14e82a20185572b4eacb1f7a4b245619_6a5c780535ad7.pdf,01,"[{""id"": ""11949"", ""description"": ""APEDA"", ""link"": ""https://erp.tpci.in//frontend/exhibitor/2a8630855a51587fe99ac86e133b4d0d_6a5c784186e79.pdf""}]",,[]
MjkzOTgxMDQzOTAzNGZiMjo1NGUwZDZkMDY2Njk0NmI4OWY2ODhjOWM3NWM0MWJlMzc1MTJlY2Y3OlFkY0drNEhjTjgveS9wOXFXWHM3cXc9PQ==,Hotel Amarjit Private Limited,Private Limited,NARENDRA BONDRE,Manufacturer,Food & Agri Products,"{""Rice, Pulses, Grains, Spices and Commodities"": [""Rice, Pulses, Grains, Spices and Commodities""], ""Snacks & On the Go Foods"": [""Snacks & On the Go Foods""]}","[{""productName"": ""Ginger Garlic Paste"", ""description"": ""Micky’s Ginger Garlic Paste delivers fresh aroma and rich flavour instantly, saving prep time in any kitchen. Ready to use and thermally processed for consistency, it ensures authentic taste without artificial colours. Perfect for gravies, marinades, and everyday cooking."", ""productImage"": ""https://erp.tpci.in/frontend/exhibitor/product-178473005086159797.jpg?74.31047919607767""}, {""productName"": ""Pizza Pasta Sauce"", ""description"": ""Micky’s Pizza Pasta Sauce is a bold, tangy tomato-based sauce made with real spices for authentic flavour. Perfect for pizzas, pastas, and fusion dishes, it delivers consistency with no added preservatives or artificial colours. Just heat and use."", ""productImage"": ""https://erp.tpci.in/frontend/exhibitor/product-178473005089204972.jpg?51.73735669975854""}, {""productName"": ""Tomato Concasse"", ""description"": ""Micky’s Tomato Concasse offers chunky, juicy tomatoes with a fresh natural taste. Ready to use and preservative-free, it’s perfect for gravies, sauces, and fusion dishes. Just open, cook, and elevate your recipes."", ""productImage"": ""https://erp.tpci.in/frontend/exhibitor/product-178473005051623097.jpg?35.75534898392423""}, {""productName"": ""Onion Tomato Masala"", ""description"": ""Micky’s Onion Tomato Masala is a rich, slow-cooked base made from onions, tomatoes, and spices. Perfect for Indian gravies, it saves time while delivering consistent, homely flavour. Just heat, add ingredients, and cook."", ""productImage"": ""https://erp.tpci.in/frontend/exhibitor/product-17847300507556569.jpg?23.564677893710023""}, {""productName"": ""Kadhai Gravy"", ""description"": ""Micky’s Kadhai Gravy is a bold, spice-rich base made with tomatoes and aromatic Indian spices. Perfect for paneer, vegetables, and curries, it delivers authentic kadhai flavour with no added preservatives. Just heat, add ingredients, and cook."", ""productImage"": ""https://erp.tpci.in/frontend/exhibitor/product-17847300508137587.jpg?10.557345590141924""}, {""productName"": ""Makhani Gravy"", ""description"": ""Micky’s Makhani Gravy is a rich, creamy tomato-based gravy made with butter and cashews. Perfect for paneer and chicken dishes, it delivers authentic restaurant-style flavour with consistent quality. Just heat and cook."", ""productImage"": ""https://erp.tpci.in/frontend/exhibitor/product-178473005038165937.jpg?82.09269734294405""}, {""productName"": ""Malabari Gravy"", ""description"": ""Micky’s Malabari Gravy is a coconut-based coastal curry with roasted spices and mild tanginess. Perfect for South Indian-style dishes, it offers balanced flavour and ready-to-cook convenience with no added preservatives."", ""productImage"": ""https://erp.tpci.in/frontend/exhibitor/product-178473005096797208.jpg?78.79145301765898""}, {""productName"": ""Yellow Gravy"", ""description"": ""Micky’s Yellow Gravy is a smooth, creamy base made with cashews and mild spices. Ideal for comfort-style dishes, it offers rich texture and consistent flavour with ready-to-cook convenience."", ""productImage"": ""https://erp.tpci.in/frontend/exhibitor/product-178473005062819847.jpg?47.67917613282723""}, {""productName"": ""Toor Dal"", ""description"": ""Micky’s Boiled Toor Dal is made from premium quality split pigeon peas that are carefully cooked and ready to use. With its smooth texture and natural flavour, it is perfect for preparing traditional dishes like dal tadka, sambhar, and everyday home-style meals. Thermally processed with no added pre"", ""productImage"": ""https://erp.tpci.in/frontend/exhibitor/product-178473005078881142.jpg?2.021524684523721""}, {""productName"": ""Kabuli Chana"", ""description"": ""Micky’s Boiled Chole is made from high-quality Kabuli Chana that is soft, nutritious, and ready to use. With a mild nutty flavour and firm texture, it is perfect for preparing chole curry, salads, wraps, and rice bowls. Thermally processed with no added preservatives or additives, simply open the pa"", ""productImage"": ""https://erp.tpci.in/frontend/exhibitor/product-178473005050053368.jpg?67.07009809750141""}, {""productName"": ""Black Chana"", ""description"": ""Micky’s Boiled Black Chana is perfectly cooked to retain its natural earthy flavour and firm texture. Ready to use and thermally processed for safety, it helps you prepare delicious dishes quickly without soaking or long cooking time. Just open, cook, and serve with confidence."", ""productImage"": ""https://erp.tpci.in/frontend/exhibitor/product-178473005049485848.jpg?29.285919507300406""}, {""productName"": ""Kidney Beans"", ""description"": ""Micky’s Boiled Rajma is soft, creamy, and ready to cook, making it perfect for quick and delicious meals. Carefully cooked and thermally processed to maintain natural taste and quality, it contains no added preservatives or additives. Simply open, heat, and use it to prepare rajma curry, rice bowls,"", ""productImage"": ""https://erp.tpci.in/frontend/exhibitor/product-178473005031936521.jpg?45.21930631736229""}]","{""Rice, Pulses, Grains, Spices and Commodities"": [""Rice, Pulses, Grains, Spices and Commodities""], ""Snacks & On the Go Foods"": [""Snacks & On the Go Foods""]}",A-32,2,https://www.google.com,"24, FOTEL CENTRE POINT, CENTRAL BAZAR ROAD, RAMDASPETH",NAGPUR,Maharashtra,,44001,AAACH4474J,+917827751998,https://www.facebook.com/,https://www.linkedin.com/home?originalSubdomain=in,https://www.twitter.com/,https://www.youtube.com/,https://www.twitter.com/,1000,"Distributor,importer",HOTEL AMARJIT PRIVATE LIMITED,https://erp.tpci.in/images/upload/company_logo/Exhibitor-Logo-6669_6a60cfec4658b.png?rand=56852,https://erp.tpci.in/uploads/ex_docs/6669/Mickys-Brochure-English-compressed.pdfbfa4c1843d7966cd78e58ce47d375388_6a60896b8a4bf.pdfd6087b5de450cbe5e4f479b4dbe538c6_6a60d21e454ab.pdf,01,"[{""id"": ""12005"", ""description"": ""fssai license"", ""link"": ""https://erp.tpci.in//frontend/exhibitor/d6843f59500750a0268b1ae122d34985_6a60d2491ef50.pdf""}]",,[]
MDNkZjFkMTIxNjYzZGM0ODo4OTBhNzE0MTg3MzVjODMyNjJjMzk2ZWI1Mzk5N2MxOWQ2NzlkODJiOkoxYkJRQUtUbndmeUNMS25YcUF1Wmc9PQ==,Hs Proteins,Partnership,SHLOK,Manufacturer Exporter,Food & Agri Products,"{""Fresh Produce"": [""Fresh Produce""], ""Rice, Pulses, Grains, Spices and Commodities"": [""Rice, Pulses, Grains, Spices and Commodities""]}",[],"{""Fresh Produce"": [""Fresh Produce""], ""Rice, Pulses, Grains, Spices and Commodities"": [""Rice, Pulses, Grains, Spices and Commodities""]}",E-02A,2,https://hsproteins.com/,"151/3, PAIKI 0-64-75, SVIT COLLEGE ROAD, BH. BUS STAND, VASAD",ANAND,Gujarat,India,388306,AALFH7777C,+917827751998,https://www.facebook.com/,https://www.linkedin.com/home?originalSubdomain=in,https://www.twitter.com/,https://www.youtube.com/,https://www.twitter.com/,1000,"Distributor,exporter",HS PROTEINS,https://erp.tpci.in/images/upload/company_logo/Exhibitor-Logo-6782_6a5b4716cfb43.jpeg?rand=42157,,0,[],,[]
ZDE1NGNjYTQ1MWYyYzMwNTowY2U0ZDJjZmM3MTQyOWNiNmY4YThmMjMxZjE5MzdjYTA3OWM1MzdkOkF5RkZnTko2K0kxNDE5RWFJZWpEc3c9PQ==,Indian Freeze Drying Corporation,Partnership,SAHIL GOTHARIA,Manufacturer,Food & Agri Products,"{""Dry Fruits & Nuts"": [""Dry Fruits & Nuts""]}","[{""productName"": ""Freeze Dried Mango Cubes"", ""description"": ""Freeze Dried Mango Cubes"", ""productImage"": ""https://erp.tpci.in/frontend/exhibitor/product-17840271664565239.jpg?33.712104180559614""}, {""productName"": ""Freeze Dried Pink Guava"", ""description"": ""Freeze Dried Pink Guava"", ""productImage"": ""https://erp.tpci.in/frontend/exhibitor/product-178402716612229561.jpg?26.02007344925783""}]","{""Dry Fruits & Nuts"": [""Dry Fruits & Nuts""]}",E-21,2,https://ifdc.co.in/,"PLOT NO. 57 & 58, BROOK FIELD, INDUSTRIAL PARK, DASHARATH",VADODARA,Gujarat,,391750,AALF26755K,9574793979,https://www.facebook.com/,https://www.linkedin.com/home?originalSubdomain=in,https://www.twitter.com/,https://www.youtube.com/,https://www.twitter.com/,1000,"Distributor,exporter,importer",INDIAN FREEZE DRYING COPORATION,https://erp.tpci.in/images/upload/company_logo/Exhibitor-Logo-6676_6a5618a1542cb.png?rand=73556,https://erp.tpci.in/uploads/ex_docs/6676/Freeze Dried - ifdc brochure .pdfe2e38df309275bb21182165ed18c1d75_6a561777733b5.pdf,01,"[{""id"": ""11867"", ""description"": ""FSSAI "", ""link"": ""https://erp.tpci.in//frontend/exhibitor/bcfef973be82e499511d3c5596d6587a_6a5617909f6ff.pdf""}]",,[]
MTgwMWE3NDZjMWI3NDI4ODpjZTVhNGU5ZDM5ZDY3ZDgyMzczYmM3NmQ4NDdkNDVkOTNlYWZiNDY1OjdYTGtlK2lSQ3lHSktySy9nT285Smc9PQ==,Ipp Catalog Publications Pvt Ltd,Private Limited,PURVA RAI DWIVEDI,Service Provider,Others,"{""Food Processing & Packaging Machinery"": [""Food Processing & Packaging Machinery""]}",[],"{""Food Processing & Packaging Machinery"": [""Food Processing & Packaging Machinery""]}",F-07B,2,https://indifoodbev.com/,"N-10, SECTOR 11",NOIDA,Uttar Pradesh,,201301,AAACI0285J,+917827751998,https://www.facebook.com/,https://www.linkedin.com/home?originalSubdomain=in,https://www.twitter.com/,https://www.youtube.com/,https://www.twitter.com/,167000,Market Servey,"IPP CATALOG PUBLICATIONS, BASED IN NOIDA, PUBLISHES INDIAN PRINTER AND PUBLISHER (IPP), PACKAGING SOUTH ASIA (PSA), AND THE BIMONTHLY INDIFOODBEV (IFB). PSA COVERS THE FULL PACKAGING LIFECYCLE, WHILE IFB FOCUSES ON FOOD AND BEVERAGE PACKAGING AND PROCESSING. HEALTHTEKPACK, THEIR ONLINE PLATFORM, SPECIALIZES IN HEALTH, PHARMA, AND PERSONAL CARE PACKAGING. TOGETHER, THESE OUTLETS DELIVER TIMELY INSIGHTS, TECHNOLOGY UPDATES, AND MARKET TRENDS, OFFERING AUTHORITATIVE, SECTOR SPECIFIC COVERAGE FOR PROFESSIONALS ACROSS PRINT, PACKAGING, AND PROCESSING INDUSTRIES.",https://erp.tpci.in/images/upload/company_logo/Exhibitor-Logo-6744_6a59f7bf3a2aa.png?rand=94267,,0,[],,[]
NjhjMWMzOTRlYmQ3NDU3ZDozNTg5ODIyZDRjZWQ1ZmEwZTFiM2NlNTI1YWFlOGExYTI1NzBhNTg0OlE3Z3N5T1M2VW1yWlM2NG05YjhQL3c9PQ==,Ishani Impex,Proprietor,ISHIKA SHAH,Merchant Importer,Food & Agri Products,"{""Food Ingredients"": [""Food Ingredients""], ""Private Label"": [""Private Label""], ""Rice, Pulses, Grains, Spices and Commodities"": [""Rice, Pulses, Grains, Spices and Commodities""], ""Snacks & On the Go Foods"": [""Snacks & On the Go Foods""]}","[{""productName"": ""Spices "", ""description"": ""1. Whole Spices \r\n2. Powder Spices \r\n3. Blended Spices "", ""productImage"": ""https://erp.tpci.in/frontend/exhibitor/product-178272567711901575.jpg?67.29103668340578""}, {""productName"": ""Lentils and Pulses "", ""description"": ""Toor Dal Chana Dal Moong Dal (Yellow/Green) Urad Dal (Whole/Split) Masoor Dal (Red/Whole) Kabuli Chana Rajma ( Chitra / Kashmiri ) Moth Beans Horse Gram Cow Peas Soya Beans Green Peas White Peas Kala Chana"", ""productImage"": ""https://erp.tpci.in/frontend/exhibitor/product-178272567740730679.jpg?51.565171826225864""}, {""productName"": ""Flours "", ""description"": ""Wheat Flour (Atta) Maida Suji Besan Rice Flour Multigrain Flour Bajra Flour Jowar Flour Ragi Flour Corn Flour Sattu / Chana Sattu Buckwheat Flour Barley Flour Oats Flour Farali flour"", ""productImage"": ""https://erp.tpci.in/frontend/exhibitor/product-178272567792315054.jpg?55.952752154276475""}, {""productName"": ""Millets & Cereals "", ""description"": ""Wheat Rice Barley Oats Maize (Corn) Barley oats Kodo Millet Little Millet Sorghum (Jowar Whole) Pearl Millet (Bajra Whole) Finger Millet (Ragi Whole) Poha (Flattened Rice) Dalia (Broken Wheat) Proso Millet Barnyard Millet "", ""productImage"": ""https://erp.tpci.in/frontend/exhibitor/product-178272567767497694.jpg?25.06824836606928""}]","{""Food Ingredients"": [""Food Ingredients""], ""Private Label"": [""Private Label""], ""Rice, Pulses, Grains, Spices and Commodities"": [""Rice, Pulses, Grains, Spices and Commodities""], ""Snacks & On the Go Foods"": [""Snacks & On the Go Foods""]}",B-35A,2,https://www.google.com,"257 AUSHTLAXMI COMPLEX IDGAH ROAD. OUTSIDE DELHI DARWAJA,AHMEDABAD-GUJARAT-380004",AHMEDABAD,Gujarat,India,380004,AJMPS6626B,+917827751998,https://www.facebook.com/,https://www.linkedin.com/home?originalSubdomain=in,https://www.twitter.com/,https://www.youtube.com/,https://www.twitter.com/,100000,"Distributor,exporter",ISHANI IMPEX,https://erp.tpci.in/images/upload/company_logo/Exhibitor-Logo-6665_6a4367fc46912.jpeg?rand=16423,https://erp.tpci.in/uploads/ex_docs/6665/FOOD DISTRIBUTING WORLDWIDE_compressed.pdfd44c7f567e004c07dd8f5c919842077b_6a436859b6966.pdf,02,"[{""id"": ""11743"", ""description"": ""FSSAI CERTIFICATE "", ""link"": ""https://erp.tpci.in//frontend/exhibitor/8e17ccbc9a0f5e8077ee5fe75102e6d5_6a436944a2ced.pdf""}, {""id"": ""11744"", ""description"": ""SPICE BOARD "", ""link"": ""https://erp.tpci.in//frontend/exhibitor/8e17ccbc9a0f5e8077ee5fe75102e6d5_6a436944ad5c4.pdf""}]",,[]
NGUyZGY5MDBjZjA0ODBmMjo2ZjQ5YzcxNjAxOWMwZTEzY2Q5NWFmNDdiMGM2NTRmNjZlNjczOGEwOkNNYTQ2MTV0UkFrTnFDOExYblFvTVE9PQ==,Ishitva Robotic Systems Pvt Ltd,Private Limited,NIVEDITA JHA,Manufacturer Exporter,Food & Agri Processing Machinery,"{""Automation, Robotics & Smart Factories"": [""Automation, Robotics & Smart Factories""]}","[{""productName"": ""ISHITVA® Food Sorter"", ""description"": ""The ISHITVA® Food Sorter is an AI-powered optical sorting system designed to enhance food quality, safety, and processing efficiency. It combines high-resolution vision technology, advanced artificial intelligence, and precision rejection mechanisms to accurately detect and remove contaminants"", ""productImage"": ""https://erp.tpci.in/frontend/exhibitor/product-178452870687934503.jpg?66.43196862789985""}]","{""Automation, Robotics & Smart Factories"": [""Automation, Robotics & Smart Factories""]}",C-25,2`,https://www.google.com,"3RD FLOOR, KRISH CUBICAL, 301 TO 308, BLOCK C, AVALON HOTEL
ROAD, AHMEDABAD, GUJARAT, 380059",AHMEDABAD,Gujarat,,380059,AAECI9735P,+917827751998,https://www.facebook.com/,https://www.linkedin.com/home?originalSubdomain=in,https://www.twitter.com/,https://www.youtube.com/,https://www.twitter.com/,1000,Exporter,ISHITVA ROBOTIC SYSTEMS PVT LTD,https://erp.tpci.in/images/upload/company_logo/Exhibitor-Logo-6790_6a5db9fecbefb.png?rand=61485,https://erp.tpci.in/uploads/ex_docs/6790/ISHITVA Food Sorter (7).pdf0ca23436e7d1aa085cf1e66e8f2114f1_6a5deda76b471.pdf,02,"[{""id"": ""11953"", ""description"": ""CE Certification"", ""link"": ""https://erp.tpci.in//frontend/exhibitor/43d63a38c08c7162689ced8b4b330bb6_6a5dee5104c1d.pdf""}, {""id"": ""11954"", ""description"": ""GST Certificate"", ""link"": ""https://erp.tpci.in//frontend/exhibitor/8a04411b0b4a66a97a3aa2021c44e585_6a5dee671c012.pdf""}]",,[]
NzEzNjhkZWY4Y2YwZjc5ZTplMWZlN2E1ZmZiNmVhZDFmNjc5MzhhMmIyMDZkNWI0MzA3ZjNlZWViOnBkVVJIMFdjSHdRdjA3ZUVnWTYyMXc9PQ==,J Brother Spices And Agri Export Pvt Ltd,Private Limited,AELIS MUKESHBHAI JINJA,Manufacturer Exporter,Food & Agri Products,"{""Beverage & Hot Drinks"": [""Beverage & Hot Drinks""], ""Snacks & On the Go Foods"": [""Snacks & On the Go Foods""]}",[],"{""Beverage & Hot Drinks"": [""Beverage & Hot Drinks""], ""Snacks & On the Go Foods"": [""Snacks & On the Go Foods""]}",A-50C,2,https://jbrotherexports.com/,"178, AMRELI - LATHI HIGHWAY,AT. KERALA, TA. LATHI,DIST. AMRELI - 365430, GUJARAT",AMRELI,Gujarat,India,365430,AAFCJ5801L,+917827751998,https://www.facebook.com/,https://www.linkedin.com/home?originalSubdomain=in,https://www.twitter.com/,https://www.youtube.com/,https://www.twitter.com/,1000,"Distributor,exporter,importer",J BROTHER SPICES AND AGRI EXPORT PVT LTD,https://erp.tpci.in/images/upload/company_logo/Exhibitor-Logo-6686.png?rand=15401,,0,[],,[]
YTI4Mzg1NDE2Nzg4NmNiZjo1MTNiZTVjMWRmNTA2ZDhmZGIyOGU1MjhmNDliZmRkMDE1YzkyZDVmOnk3VXZCUEJtcWZUVWRVSXJnVmpncWc9PQ==,J K Agro Foods,Partnership,BHARATBHAI KAPURIYA,Manufacturer Exporter,Food & Agri Products,"{""Frozen, Ready to Eat & Ready to Cook Food"": [""Frozen, Ready to Eat & Ready to Cook Food""], ""Grocery, Staple & Dry Foods"": [""Grocery, Staple & Dry Foods""], ""Private Label"": [""Private Label""], ""Rice, Pulses, Grains, Spices and Commodities"": [""Rice, Pulses, Grains, Spices and Commodities""]}","[{""productName"": ""Kesar Mango Pulp"", ""description"": ""Kesar mango pulp is a rich, sweet, and vibrant saffron-colored puree made from handpicked, naturally ripened Kesar mangoes (often grown in Gujarat). Typically sold in 850g cans or 3.1kg catering tins, it is widely used to make milkshakes, aamras, ice creams."", ""productImage"": ""https://erp.tpci.in/frontend/exhibitor/product-178460980158541085.jpg?88.37370219488973""}, {""productName"": ""Alphonso Mango Pulp"", ""description"": ""Alphonso mango pulp is a premium fruit puree extracted from handpicked, ripened Alphonso (Hapus) mangoes. It is highly prized for its rich, golden-orange color, saffron-like aroma, and velvety, fiber-free consistency."", ""productImage"": ""https://erp.tpci.in/frontend/exhibitor/product-178460980197700076.jpg?58.33192501061776""}, {""productName"": ""Sweet Mango Pickle(Gor Keri)"", ""description"": ""Gor Keri (Sweet Mango Pickle) is a classic, beloved Gujarati condiment that perfectly balances sweet, sour, and mildly spicy flavors. It is crafted by curing freshly diced raw mangoes in a rich, luscious syrup made of natural jaggery or sugar and mixed with aromatic Indian spices"", ""productImage"": ""https://erp.tpci.in/frontend/exhibitor/product-178460980139119559.jpg?26.53852154178407""}, {""productName"": ""Mango Pickle"", ""description"": ""Mango Pickle is a traditional Indian condiment made from sun-ripened or unripe green mangoes, blended with aromatic spices and natural oils. It provides a tangy, spicy, and sometimes slightly sweet flavor that perfectly complements everyday meals like rice, rotis, and parathas."", ""productImage"": ""https://erp.tpci.in/frontend/exhibitor/product-178460980141895614.jpg?57.696835750431596""}, {""productName"": ""Gunda Pickle"", ""description"": ""Gunda Pickle (often called Gunda Nu Athanu in Gujarat or Lasoda Achar in other parts of India) is a traditional condiment made from fresh, hand-picked gunda (glue berry or bird lime) fruit, slow-marinated in pure mustard oil and authentic Indian spices. It pairs perfectly with everyday meals ."", ""productImage"": ""https://erp.tpci.in/frontend/exhibitor/product-178460980173655082.jpg?8.868617200170286""}, {""productName"": ""Hot Lime Pickle"", ""description"": ""Hot Lime Pickle is a bold, traditional condiment blending zesty citrus with fiery spices and oil. It balances intense tartness with a spicy kick, pairing perfectly with rice, curries, and Indian breads."", ""productImage"": ""https://erp.tpci.in/frontend/exhibitor/product-178460980199905282.jpg?71.25258182292113""}, {""productName"": ""Mixed Pickle"", ""description"": ""Mixed pickle is a traditional Indian condiment made by preserving a blend of fresh vegetables and fruits (like mango, carrot) in a mix of edible oils, salt, and spices. It brings a tangy, spicy, and savory zing to everyday meals like rice, parathas, and curries."", ""productImage"": ""https://erp.tpci.in/frontend/exhibitor/product-178460980132738143.jpg?29.6570605874593""}, {""productName"": ""Kerda Pickle"", ""description"": ""Kerda pickle is a traditional, tangy Indian condiment made from kerda (wild caper berries). Found mostly in Gujarat and Rajasthan, the tart, slightly fruity berries are soaked and blended with savory spices and edible oils. It pairs perfectly with everyday meals like roti, parathas, and rice dishes."", ""productImage"": ""https://erp.tpci.in/frontend/exhibitor/product-178460980140431647.jpg?34.5275605418976""}, {""productName"": ""Green Chilli Pickle"", ""description"": ""Green chilli pickle, known in India as Hari Mirch ka Achar, is a popular and fiery condiment. It is made by mixing chopped green chillies with oil, salt, and spices like mustard, fenugreek, and fennel. This gives it a hot, tangy, and slightly salty flavor that adds a punch to any meal."", ""productImage"": ""https://erp.tpci.in/frontend/exhibitor/product-178460980157061676.jpg?83.66662402047461""}]","{""Frozen, Ready to Eat & Ready to Cook Food"": [""Frozen, Ready to Eat & Ready to Cook Food""], ""Grocery, Staple & Dry Foods"": [""Grocery, Staple & Dry Foods""], ""Private Label"": [""Private Label""], ""Rice, Pulses, Grains, Spices and Commodities"": [""Rice, Pulses, Grains, Spices and Commodities""]}",B-01A,2,www.jkagrofoods.com,"PLOT NO. 240/3, VILLAGE: MADHUPUR TA. TALALA DISTRICT: GIR SOMANATH GUJARAT, INDIA-362150",SOMNATH,Gujarat,,362150,AAGFJ9162J,+917827751998,https://www.facebook.com/,https://www.linkedin.com/home?originalSubdomain=in,https://www.twitter.com/,https://www.youtube.com/,https://www.twitter.com/,2000000,"Distributor,exporter,importer,jv",J.K. AGRO FOODS,https://erp.tpci.in/images/upload/company_logo/Exhibitor-Logo-6742_6a5efc4e9d478.jpg?rand=80373,https://erp.tpci.in/uploads/ex_docs/6742/Brochure.pdffbf3ad682d40cd6c4800123e2785f512_6a5e246a9e7b1.pdf,05,"[{""id"": ""11969"", ""description"": ""Fssai"", ""link"": ""https://erp.tpci.in//frontend/exhibitor/c2142f0753e39b205b4af0c0c0de5d98_6a5e2446d7fbf.pdf""}, {""id"": ""11970"", ""description"": ""BRC"", ""link"": ""https://erp.tpci.in//frontend/exhibitor/c2142f0753e39b205b4af0c0c0de5d98_6a5e2446e294c.pdf""}, {""id"": ""11971"", ""description"": ""haccp"", ""link"": ""https://erp.tpci.in//frontend/exhibitor/63ba087d303839be7fc0755fdcda6450_6a5e248a1d4b0.pdf""}, {""id"": ""11972"", ""description"": ""halal"", ""link"": ""https://erp.tpci.in//frontend/exhibitor/ad308b2d34456541b26aeaa2bb598ab9_6a5e24971cedb.pdf""}, {""id"": ""11973"", ""description"": ""iso"", ""link"": ""https://erp.tpci.in//frontend/exhibitor/2395d1883acc01c46a439342b4971672_6a5e24a4db394.pdf""}]",,[]
Njk1NzQ4NjlmYmQ2NjdiYTo4ODM5NzgxZTk5MmMzZjU5MzdhZDE3ZjBkMDlkZjJkZTUxOGQ3OTJmOk1MNnVUKzVueGZUUVVKSXlGakVDK3c9PQ==,Jagdish Agropro Private Limited,Private Limited,ANAND THAKKAR,Manufacturer Exporter,Food & Agri Products,"{""Food Ingredients"": [""Food Ingredients""], ""Rice, Pulses, Grains, Spices and Commodities"": [""Rice, Pulses, Grains, Spices and Commodities""]}","[{""productName"": ""Khapli (Emmer Wheat)"", ""description"": ""Khapli/Samba wheat, also known as Emmer wheat, is an ancient nutritious grain rich in fibre, antioxidants, vitamins, and protein. It features a low Glycemic Index (GI) and lower, easier-to-digest gluten, making it popular for diabetic diets and better digestion."", ""productImage"": ""https://erp.tpci.in/frontend/exhibitor/product-17846388228750802.jpg?53.11910738527692""}, {""productName"": ""Durum Wheat Semolina"", ""description"": ""Produced from carefully selected wheat grains, our semolina is hygienically processed to ensure uniform texture, purity, and consistent quality for safe consumption."", ""productImage"": ""https://erp.tpci.in/frontend/exhibitor/product-178463882214296036.jpg?10.084834145461055""}, {""productName"": ""Hulled Wheat (Harees)"", ""description"": ""Processed from quality wheat using controlled methods, our hulled wheat meets food safety standards and is supplied in customised packaging."", ""productImage"": ""https://erp.tpci.in/frontend/exhibitor/product-178463882292153499.jpg?91.06685164483902""}, {""productName"": ""Sharbati Wheat"", ""description"": ""A premium long-grain wheat variety, rich in protein and gluten. Processed under strict quality standards."", ""productImage"": ""https://erp.tpci.in/frontend/exhibitor/product-178463882232377228.jpg?25.079758861176444""}, {""productName"": ""Wheat Dalia (Lapsi)"", ""description"": ""We manufacture and export high-quality wheat dalia, processed as per food and nutrition standards and offered in customised packaging at industry-leading prices."", ""productImage"": ""https://erp.tpci.in/frontend/exhibitor/product-178463882259519496.jpg?52.19824244472966""}, {""productName"": ""Maize / Corn Grits"", ""description"": ""Uniformly sized corn granules made from premium-quality maize, ideal for extrusion processing. They deliver excellent expansion, crisp texture, and consistent taste in ready-to-eat snack products."", ""productImage"": ""https://erp.tpci.in/frontend/exhibitor/product-178463882232895339.jpg?85.75193871348345""}, {""productName"": ""Rajgira Seed (Amaranth)"", ""description"": ""High-protein amaranth seeds, carefully cleaned and colour sorted using advanced technology to ensure purity. Widely used for fasting foods and traditional snacks."", ""productImage"": ""https://erp.tpci.in/frontend/exhibitor/product-178463882220544639.jpg?72.1649693065928""}, {""productName"": ""Green Millet"", ""description"": ""Food-grade green millet seeds, machine cleaned and colour sorted to ensure superior quality. Supplied as per buyer specifications."", ""productImage"": ""https://erp.tpci.in/frontend/exhibitor/product-178463882259624928.jpg?3.569033465878138""}, {""productName"": ""Wada Kolam Rice"", ""description"": ""A premium medium-grain rice with a distinctive fragrance and soft, fluffy texture after cooking. Ideal for daily meals and traditional dishes."", ""productImage"": ""https://erp.tpci.in/frontend/exhibitor/product-178463882226533848.jpg?1.3502624829767855""}, {""productName"": ""Idli Rava (Rice Rava)"", ""description"": ""High-quality rice rava with uniform particle size, ideal for South Indian foods and ready-to-eat or instant mix manufacturing."", ""productImage"": ""https://erp.tpci.in/frontend/exhibitor/product-178463882242203031.jpg?96.04421509061402""}, {""productName"": ""Rice Flour"", ""description"": ""Carefully processed rice flour made from selected polished rice, suitable for bulk supply with consistent quality and hygiene standards."", ""productImage"": ""https://erp.tpci.in/frontend/exhibitor/product-178463882244723592.jpg?76.1702910775042""}]","{""Food Ingredients"": [""Food Ingredients""], ""Rice, Pulses, Grains, Spices and Commodities"": [""Rice, Pulses, Grains, Spices and Commodities""]}",E-04A,2,www.jagdishricemill.com,"212, GIDC, KANSARI",KHAMBHAT,Gujarat,India,388630,AAZPT3283H,9825045262,https://www.facebook.com/,https://www.linkedin.com/home?originalSubdomain=in,https://www.twitter.com/,https://www.youtube.com/,http://www.instagram.com/jagdish_agropro,100000,"Distributor,exporter,importer","JAGDISH GROUP IS ONE OF THE REPUTED MANUFACTURER & SUPPLIER OF RICE & DURUM WHEAT, MAIZE BASED PRODUCTS AT KHAMBHAT (GUJARAT).ESTABLISHED IN THE YEAR 1991, WE, ""JAGDISH RICE MILL"" ARE ONE OF THE LEADING MANUFACTURES AND SUPPLIERS OF RICE, DURUM WHEAT, SAMBA WHEAT, PULSES AND THEIR PRODUCTS.

WE ARE COMMITTED TO SUPPLY THE BEST QUALITY OF PRODUCTS TO OUR CUSTOMERS AND FOR THAT WE KEEP CONSTANT CHECK OF THE PRODUCTS AT EACH STAGE OF THE PRODUCTION PROCESS.",https://erp.tpci.in/images/upload/company_logo/Exhibitor-Logo-6812.jpg?rand=95142,https://erp.tpci.in/uploads/ex_docs/6812/Jagdish Brochure  2026.pdf0ceeafbf63abee925e675da1f6612239_6a5f5ff169d95.pdf,01,"[{""id"": ""11992"", ""description"": ""gst"", ""link"": ""https://erp.tpci.in//frontend/exhibitor/251390d8c201c0495f124043220f0370_6a5f600e62dc7.pdf""}]",,"[{""type"": ""youtube"", ""video_url"": ""https://youtu.be/L0CpN48omD0?si=3Qg5Akrn9O5s_mTy"", ""title"": ""JAGDISH AGROPRO PRIVATE LIMITED"", ""description"": ""\""Jagdish Agropro Pvt Ltd\"" is group company of \""Jagdish Rice Mill\"" which was established in the year 1991, an FSSC 22000, ISO 22000 and HALAL Certified Company has attained a top reputation in the market for manufacturing, supplying and exporting an outstanding range of Rice, Rice Products, Wheat, Durum Wheat Products, Samba Wheat & its Variants & Other Products.""}]"
MDU4MTFkNzQ3YjNiMjdkNjo0Mjc4MDhkOWYwNWUxY2NlYWEyYjJjNWFhMTQ5OWJiMDVhNjk4OGQwOm5odlNkQjVOT1V5c2lobEhRRlZ0dlE9PQ==,Jagyanti Industries Private Limited,Public Limited,SWAPNIL JOSHI,Manufacturer Exporter,Food & Agri Products,"{""Frozen, Ready to Eat & Ready to Cook Food"": [""Frozen, Ready to Eat & Ready to Cook Food""], ""Organic, Natural & Ethical Foods"": [""Organic, Natural & Ethical Foods""], ""Rice, Pulses, Grains, Spices and Commodities"": [""Rice, Pulses, Grains, Spices and Commodities""]}","[{""productName"": ""Beetroot Powder "", ""description"": ""Beetroot Powder is prepared from A Grade fresh Indian origin Beetroots under controlled and hygienic environment .  Quality and hygiene norms of Indians and international standard are strictly followed in processing . .Product is 100% Natural, 100% pure, Gluten Free , without any preservative or che"", ""productImage"": ""https://erp.tpci.in/frontend/exhibitor/product-178410409244899588.jpg?0.9507414893719754""}, {""productName"": ""Dried carrot "", ""description"": ""Dried carrot is prepared from A Grade fresh Indian origin under controlled and hygienic environment .  Quality and hygiene norms of Indians and international standard are strictly followed in processing . .Product is 100% Natural, 100% pure, Gluten Free , without any preservative or che"", ""productImage"": ""https://erp.tpci.in/frontend/exhibitor/product-178410409218266310.jpg?89.95856567282095""}, {""productName"": ""Dried Tomato "", ""description"": ""Dried tomato is prepared from A Grade fresh Indian origin under controlled and hygienic environment .  Quality and hygiene norms of Indians and international standard are strictly followed in processing . .Product is 100% Natural, 100% pure, Gluten Free , without any preservative or che"", ""productImage"": ""https://erp.tpci.in/frontend/exhibitor/product-178410409249740883.jpg?46.940606969353375""}, {""productName"": ""Okra powder "", ""description"": ""Dried OKRA powder  is prepared from A Grade fresh Indian origin under controlled and hygienic environment .  Quality and hygiene norms of Indians and international standard are strictly followed in processing . .Product is 100% Natural, 100% pure, Gluten Free , without any preservative or che"", ""productImage"": ""https://erp.tpci.in/frontend/exhibitor/product-1784104092401788.jpg?64.8273409016685""}, {""productName"": ""Dehydrated Green Chilli "", ""description"": ""Dried green chili  is prepared from A Grade fresh Indian origin under controlled and hygienic environment .  Quality and hygiene norms of Indians and international standard are strictly followed in processing . .Product is 100% Natural, 100% pure, Gluten Free , without any preservative or che"", ""productImage"": ""https://erp.tpci.in/frontend/exhibitor/product-178410409271540812.jpg?83.31488667364687""}, {""productName"": ""Dehydrated Ginger "", ""description"": ""Dried Ginger is prepared from A Grade fresh Indian origin under controlled and hygienic environment .  Quality and hygiene norms of Indians and international standard are strictly followed in processing . .Product is 100% Natural, 100% pure, Gluten Free , without any preservative or che"", ""productImage"": ""https://erp.tpci.in/frontend/exhibitor/product-178410409277924004.jpg?22.092413736593365""}, {""productName"": ""Dehydrated Garlic "", ""description"": ""Dried Garlic  is prepared from A Grade fresh Indian origin under controlled and hygienic environment .  Quality and hygiene norms of Indians and international standard are strictly followed in processing . .Product is 100% Natural, 100% pure, Gluten Free , without any preservative or che"", ""productImage"": ""https://erp.tpci.in/frontend/exhibitor/product-178410409263208997.jpg?60.517411735390695""}]","{""Frozen, Ready to Eat & Ready to Cook Food"": [""Frozen, Ready to Eat & Ready to Cook Food""], ""Organic, Natural & Ethical Foods"": [""Organic, Natural & Ethical Foods""], ""Rice, Pulses, Grains, Spices and Commodities"": [""Rice, Pulses, Grains, Spices and Commodities""]}",B-10,2,https://jagyantiindustries.com/,"A-179, SILICON CITY, BEHIND CLUB HOUSE",INDORE,Madhya Pradesh,India,452012,AAFCJ1719B,9131145030,http://www.facebook.com/JagyantiIndustries,https://www.linkedin.com/home?originalSubdomain=in,https://www.twitter.com/,http://www.youtube.com//@jagyantiindustries5176,http://www.instagram.com/JagyantiIndustries,1000,"Distributor,exporter,importer,jv","JAGYANTI INDUSTRIES IS THE NAME YOU CAN TRUST. THE NAME WHERE “HIGH QUALITY IS THE TOP PRIORITY, AND SUPERIOR SERVICE IS THE GREATEST CONCERN”
COMPANY IS WELL KNOWN FOR DELIVERING QUALITY PRODUCT WITH ASSURANCE TO PRESERVE ITS NATURAL TASTE

WE ARE ACTIVELY ENGAGED IN MANUFACTURING, WHOLESALING AND SUPPLYING AN EXCELLENT QUALITY GRADE OF DEHYDRATED VEGETABLES, DEHYDRATED FRUITS, VEGETABLE POWDER, HERBS, SPICES ETC. THE FOOD ITEMS OFFERED BY US ARE EXTENSIVELY USED IN KITCHENS FOR GARNISHING AND ADDING TASTE & COLOURS TO THE FOOD.",https://erp.tpci.in/images/upload/company_logo/Exhibitor-Logo-6582_6a574800eef07.png?rand=53077,https://erp.tpci.in/uploads/ex_docs/6582/Jagyanti Industries Product Catlogue-1.pdf1060365044790870cc903646a94fe3ba_6a574836acecc.pdf,02,"[{""id"": ""11741"", ""description"": ""HACCP"", ""link"": ""https://erp.tpci.in//frontend/exhibitor/daeff0544c555fd612e2864971c5e3e5_6a3e06e00a788.pdf""}, {""id"": ""11742"", ""description"": ""FSSAI"", ""link"": ""https://erp.tpci.in//frontend/exhibitor/415b4eec11557c0dab24842ac3eed923_6a3e07141bd3c.pdf""}]",,[]
YTM4MDdlNTZkYjg1MTAyODoxMjU1ODhiMGEyNGViY2ZiNjZhZTI3OGFjNDk5YWI3ZDQyNDcwMDRmOjE0SmJ3VHdrQXEwTkVUbEdJZ0ViMFE9PQ==,Janta Tavdawala,Proprietor,MAHESH DONGA,Manufacturer,Food & Agri Products,"{""Dairy"": [""Dairy""], ""Food Ingredients"": [""Food Ingredients""]}",[],"{""Dairy"": [""Dairy""], ""Food Ingredients"": [""Food Ingredients""]}",D-12,2,https://www.google.com,"1ST FLOOR, 74175, SIDDHI VINAYAK IND. EST., KHOLVAD ROAD, LASKANA",SURAT,Gujarat,India,394190,AHYPD6361L,+917827751998,https://www.facebook.com/,https://www.linkedin.com/home?originalSubdomain=in,https://www.twitter.com/,https://www.youtube.com/,https://www.twitter.com/,1000,"Distributor,exporter,importer",JANTA TAVDAWALA,https://erp.tpci.in/images/upload/company_logo/Exhibitor-Logo-6679.png?rand=74430,,0,[],,[]
MWMxODJjNjJmMjIwZmY0OTpkMTFhZDIzZjhmN2M4ZmVhZTU2MTM0ZWJlYzhhYjZjMTQyYjkwYjllOlJpLzBzSkdRVzNvZ1hTeGpmYTNodWc9PQ==,Jivraj Tea International Pvt. Ltd.,Private Limited,RAHUL THAKKAR,Manufacturer Exporter,Food & Agri Products,"{""Beverage & Hot Drinks"": [""Beverage & Hot Drinks""]}",[],"{""Beverage & Hot Drinks"": [""Beverage & Hot Drinks""]}",,,https://www.google.com,"5/258-259 JIVRAJ CHAMBERS, RUWALA TEKRA, BHAGAL",SURAT,Gujarat,India,395003,AAECJ7960P,+917827751998,https://www.facebook.com/,https://www.linkedin.com/home?originalSubdomain=in,https://www.twitter.com/,https://www.youtube.com/,https://www.twitter.com/,1000,"Distributor,importer",JIVRAJ TEA INTERNATIONAL PVT. LTD.,https://erp.tpci.in/images/upload/company_logo/Exhibitor-Logo-6664_6a5f4fd032bf4.jpeg?rand=42790,,0,[],,[]
ZGU0N2Q1ODNhZmM4NGJkYzoxNzZjNzNiMGVlMWVkOGQxNTUzNDMyN2U1ZTE2Yjc2OGNmZWU5ODE1OkdIU3lHcG9HSmhBK1QwazlvcnBYZ1E9PQ==,Johar Highlands,Proprietor,PRATHISHTHA V JOHAR,Manufacturer,Food & Agri Products,"{""Food Ingredients"": [""Food Ingredients""], ""Health Food, Free From & Super Food"": [""Health Food, Free From & Super Food""], ""Organic, Natural & Ethical Foods"": [""Organic, Natural & Ethical Foods""], ""Sweets & Confectionery"": [""Sweets & Confectionery""]}","[{""productName"": ""HIGHLAND FOREST SULAI WHITE HONEY"", ""description"": ""Pure, raw Sulai White Honey harvested from the pristine rare highland forests of Jammu & Kashmir from a wild indigenous tulsi flower. Naturally light, delicately floral, and unprocessed to preserve its authentic taste, aroma, and nutritional goodness."", ""productImage"": ""https://erp.tpci.in/frontend/exhibitor/product-178427781393011591.jpg?93.78067096116084""}, {""productName"": ""HIGHLAND FOREST ACACIA HONEY"", ""description"": ""Premium Acacia Honey sourced from the untouched forests of Jammu & Kashmir. Naturally golden, mild, and slow to crystallize, offering exceptional purity, smooth taste, and wholesome nutrition."", ""productImage"": ""https://erp.tpci.in/frontend/exhibitor/product-178427781368134722.jpg?53.184953660876445""}, {""productName"": ""HIGHLAND FOREST MULTIFLORA HONEY"", ""description"": ""Pure, raw Wild Multiflora Honey harvested from the diverse wildflowers of Jammu & Kashmir's pristine forests. Rich in natural antioxidants, enzymes, and floral goodness for authentic taste and wholesome nutrition."", ""productImage"": ""https://erp.tpci.in/frontend/exhibitor/product-178427781398145730.jpg?84.58275849426423""}]","{""Food Ingredients"": [""Food Ingredients""], ""Health Food, Free From & Super Food"": [""Health Food, Free From & Super Food""], ""Organic, Natural & Ethical Foods"": [""Organic, Natural & Ethical Foods""], ""Sweets & Confectionery"": [""Sweets & Confectionery""]}",B-05,2,www.joharhighlands.com,104/4 UPPER ROOPNAGAR JAMMU,JAMMU,Jammu And Kashmir,,180013,ACIPJ8305K,6006653516,https://www.facebook.com/,https://www.linkedin.com/home?originalSubdomain=in,https://www.twitter.com/,https://www.youtube.com/,http://www.instagram.com/joharhighlands_/,3000,"Distributor,exporter,market Servey",JOHAR HIGHLANDS,https://erp.tpci.in/images/upload/company_logo/Exhibitor-Logo-6778_6a58c7326e0ad.png?rand=16257,https://erp.tpci.in/uploads/ex_docs/6778/JOHAR HIGHLANDS_BROCHURE.pdfabba1a67383c85f11c75e90f6c2ad910_6a59e831586e7.pdf,0,[],,[]
ZDVkY2VlMmMyMDlkNzc1ZTo2YmVjNTEzZmU0ZDMyMGMyZjQ3ODRiYjY3NTM4ZTRjNDA2MjE3MDEwOmJhZCtEUE5oR1VVblhka3pxVkdaVmc9PQ==,Joy Pack India Private Limited,Private Limited,PRADEEP KUMAR,Manufacturer,Printing & Packaging Products & Machinery,"{""Food Processing & Packaging Machinery"": [""Food Processing & Packaging Machinery""]}","[{""productName"": ""AUTOMATIC SHRINK MACHINE"", ""description"": ""AUTOMATIC SHRINK MACHINE"", ""productImage"": ""https://erp.tpci.in/frontend/exhibitor/product-178332790129504273.jpg?18.99217191989736""}, {""productName"": ""COMBO STRAPPING TAPPING MACHINE"", ""description"": ""COMBO STRAPPING TAPPING MACHINE"", ""productImage"": ""https://erp.tpci.in/frontend/exhibitor/product-178332790194415603.jpg?52.55729030124591""}, {""productName"": ""SEALING MACHINE"", ""description"": ""SEALING MACHINE"", ""productImage"": ""https://erp.tpci.in/frontend/exhibitor/product-178332790140670779.jpg?5.80993881990196""}, {""productName"": ""SHRINK MACHINE"", ""description"": ""SHRINK MACHINE"", ""productImage"": ""https://erp.tpci.in/frontend/exhibitor/product-178332790187123482.jpg?71.37782626913658""}, {""productName"": ""TAPPING MACHINE"", ""description"": ""TAPPING MACHINE"", ""productImage"": ""https://erp.tpci.in/frontend/exhibitor/product-178332790123234137.jpg?39.45931795934152""}]","{""Food Processing & Packaging Machinery"": [""Food Processing & Packaging Machinery""]}",B-32,2,https://www.joypack.com,"B-25, BHAGAT SINGH PARK, SIRASPUR, DELHI-110042",DELHI,Delhi,India,110042,AACCJ0762D,+917827751998,https://www.facebook.com/,https://www.linkedin.com/home?originalSubdomain=in,https://www.twitter.com/,https://www.youtube.com/,https://www.twitter.com/,1000,"Distributor,exporter,importer","WE JOY PACK (INDIA) PVT. LTD. ARE RELATED TO THE PROVISION OF OFFERING INNOVATIVE AND INTEGRATED PACKING SOLUTIONS OF AUTOMATIC PACKAGING MACHINES ACROSS VARIED MARKET SEGMENTS, ENCOMPASSING AUTOMATIC SHRINK PACKAGING MACHINES WHICH ARE ABLE TO PERFORM OPTIMALLY ALL REQUIRED PACKING PROCESSES STRADDLING WRAPPING, SEALING &  SEVERING WITH CONSISTENTLY BETTER-QUALITY OUTPUT.",https://erp.tpci.in/images/upload/company_logo/Exhibitor-Logo-6559.jpeg?rand=71568,https://erp.tpci.in/uploads/ex_docs/6559/JOYPACK INDIA PVT. LTD.----COMPANY PROFILE.pdf2cb758118245e3f64ae703c2e86883fb_6a436234454f3.pdf,01,"[{""id"": ""11745"", ""description"": ""PRODUCT CRETIFICATIONS"", ""link"": ""https://erp.tpci.in//frontend/exhibitor/84a41a5f4d0d2005efa2fa3ffd9789a0_6a439d2db765c.pdf""}]",,[]
MTMzM2E2ZjY2YzE1NjMwYTplNmY2ZjAzZWU3YTk3NTkxNGEzNmMxMzMwOWExZjlhOGYwNzIxMTNiOi95U1EycElBUE5EREhtSDVMN3VFcnc9PQ==,Jr Spices & Seeds,Proprietor,JIGNESH PANCHAL,Manufacturer,Food & Agri Products,"{""Rice, Pulses, Grains, Spices and Commodities"": [""Rice, Pulses, Grains, Spices and Commodities""]}",[],"{""Rice, Pulses, Grains, Spices and Commodities"": [""Rice, Pulses, Grains, Spices and Commodities""]}",A-50A,2,https://jrspices.co.in/,"GROUND FLOOR, GIDC, PLOT NO. 50, NEAR P.N. INDUSTRIES MILL, NEAR RALWE FATAK, GISC AREA, DEESA",BANASKANTHA,Gujarat,India,385535,CDKPP5737N,9998209503,https://www.facebook.com/,https://www.linkedin.com/home?originalSubdomain=in,https://www.twitter.com/,https://www.youtube.com/,https://www.twitter.com/,1000,"Distributor,exporter,importer",JR SPICES & SEEDS,https://erp.tpci.in/images/upload/company_logo/Exhibitor-Logo-6695.png?rand=69160,,0,[],,[]
YzllNTg3ZTYzNGVmMzlkZDo5MjFlNDQ2OWVjZGJkNzljZTY4MTk4NTRiY2Y3MmJjMmY5Y2ViMTdjOjJadUFkcmhxUmQ0d1dPYjhrSkNhQmc9PQ==,K.i.z. Foods Private Limited,Private Limited,ZARDAR BADAMI,Manufacturer Exporter,Food & Agri Products,"{""Dry Fruits & Nuts"": [""Dry Fruits & Nuts""], ""Fats & Oils"": [""Fats & Oils""], ""Rice, Pulses, Grains, Spices and Commodities"": [""Rice, Pulses, Grains, Spices and Commodities""]}","[{""productName"": ""Blazing Ghost Chilli sauce"", ""description"": ""An intensely hot ghost chilli sauce crafted for true spice lovers. Packed with fiery heat and bold flavor, it's perfect for adding an explosive kick to grilled meats, burgers, wings, tacos, noodles, pizzas, and your favorite snacks."", ""productImage"": ""https://erp.tpci.in/frontend/exhibitor/product-178453602123129104.jpg?37.21062004306411""}, {""productName"": ""Burning Green chilli sauce"", ""description"": ""A vibrant green chilli sauce with a bold, fiery kick and fresh chili flavor. Perfect for enhancing burgers, wraps, sandwiches, grilled dishes, noodles, momos, and snacks with a burst of spicy heat."", ""productImage"": ""https://erp.tpci.in/frontend/exhibitor/product-178453602167748467.jpg?94.06311259983397""}, {""productName"": ""Flaming Orange chilli Garlic sauce"", ""description"": ""A bold fusion of zesty orange, fiery chilli, and aromatic garlic, delivering the perfect balance of citrusy freshness and spicy heat. Ideal for dipping, marinating, glazing, or adding a flavorful kick to grilled meats, seafood, noodles, stir-fries, and snacks."", ""productImage"": ""https://erp.tpci.in/frontend/exhibitor/product-178453602112848320.jpg?58.68370594334203""}, {""productName"": ""Fiery Red chilli sauce"", ""description"": ""A bold and spicy red chilli sauce made from premium red chillies for an intense burst of heat and rich flavor. Perfect for dipping, cooking, marinating, or adding a fiery touch to burgers, sandwiches, noodles, stir-fries, grilled dishes, and snacks."", ""productImage"": ""https://erp.tpci.in/frontend/exhibitor/product-17845360217457821.jpg?11.2291949905727""}, {""productName"": ""Crispy fried onions"", ""description"": ""Golden, crispy fried onions made from carefully selected premium onions, delivering a rich, savory flavor and irresistible crunch. Perfect as a topping for burgers, sandwiches, biryanis, salads, soups, pizzas, wraps, and a wide variety of savory dishes."", ""productImage"": ""https://erp.tpci.in/frontend/exhibitor/product-178453602157753319.jpg?80.09486019620194""}, {""productName"": ""Red Sliced Onions"", ""description"": ""Premium-quality red onions, freshly sliced and carefully processed to preserve their natural flavor, vibrant color, and crisp texture. Ideal for burgers, sandwiches, wraps, salads, pizzas, tacos, and a variety of foodservice and culinary applications."", ""productImage"": ""https://erp.tpci.in/frontend/exhibitor/product-178453602128970596.jpg?66.78671908265605""}, {""productName"": ""Caramelized Onions"", ""description"": ""Slow-cooked premium onions with a rich golden-brown color, natural sweetness, and deep savory flavor. Perfect for burgers, sandwiches, pizzas, wraps, steaks, gourmet dishes, sauces, and a wide range of culinary applications."", ""productImage"": ""https://erp.tpci.in/frontend/exhibitor/product-178453602154759404.jpg?93.64901789803898""}, {""productName"": ""Extra Virgin Olive Oil"", ""description"": ""Premium Extra Virgin Olive Oil, cold-extracted from carefully selected olives to preserve its rich aroma, fruity flavor, and natural antioxidants. Perfect for salads, dressings, marinades, dipping, cooking, and enhancing a wide variety of Mediterranean and everyday dishes."", ""productImage"": ""https://erp.tpci.in/frontend/exhibitor/product-178453602178853485.jpg?67.88493531559122""}, {""productName"": ""Olive Pomace Oil"", ""description"": ""High-quality Olive Pomace Oil with a mild flavor and excellent cooking performance. Ideal for frying, sautéing, roasting, baking, and everyday cooking, offering a light taste and high heat stability for a wide range of culinary applications."", ""productImage"": ""https://erp.tpci.in/frontend/exhibitor/product-178453602169031688.jpg?58.477625957203685""}, {""productName"": ""Basmati Rice "", ""description"": ""Premium Basmati Rice known for its long, slender grains, delicate aroma, and fluffy texture after cooking. Perfect for biryanis, pilafs, fried rice, and a variety of traditional and international cuisines."", ""productImage"": ""https://erp.tpci.in/frontend/exhibitor/product-178453602159411459.jpg?88.73332691260923""}, {""productName"": ""Chilli Garlic Sauce"", ""description"": ""A bold blend of spicy red chillies and aromatic garlic, delivering the perfect balance of heat and rich flavor. Ideal for dipping, cooking, marinating, stir-fries, noodles, burgers, sandwiches, grilled dishes, and a variety of snacks."", ""productImage"": ""https://erp.tpci.in/frontend/exhibitor/product-178453602163547223.jpg?68.23375976479963""}, {""productName"": ""Hot Chilli sauce "", ""description"": ""A bold and fiery chilli sauce crafted to deliver intense heat and rich flavor. Perfect for dipping, cooking, marinating, or adding a spicy kick to burgers, sandwiches, pizzas, noodles, grilled dishes, and your favorite snacks."", ""productImage"": ""https://erp.tpci.in/frontend/exhibitor/product-178453602144461852.jpg?74.96882115953493""}, {""productName"": ""Teriyaki Sauce"", ""description"": ""A rich and savory Japanese-style sauce with the perfect balance of sweet and umami flavors. Ideal for marinating, glazing, stir-frying, and enhancing chicken, seafood, vegetables, noodles, rice, and grilled dishes."", ""productImage"": ""https://erp.tpci.in/frontend/exhibitor/product-17845360213285785.jpg?70.14282957664022""}, {""productName"": ""Sriracha Chilli Sauce"", ""description"": ""A bold and flavorful Sriracha-style sauce made with sun-ripened red chillies, garlic, and a hint of sweetness. Perfect for dipping, drizzling, marinating, or adding a spicy kick to burgers, sandwiches, noodles, pizzas, eggs, and grilled dishes."", ""productImage"": ""https://erp.tpci.in/frontend/exhibitor/product-178453602140920524.jpg?25.80768747796089""}, {""productName"": ""Soy Sauce"", ""description"": ""A rich and savory soy sauce with a balanced umami flavor, perfect for seasoning, marinating, stir-frying, dipping, and enhancing the taste of noodles, rice, sushi, seafood, vegetables, and a variety of Asian-inspired dishes."", ""productImage"": ""https://erp.tpci.in/frontend/exhibitor/product-178453602184273886.jpg?18.609951733248266""}, {""productName"": ""Sichuan Sauce "", ""description"": ""A bold and spicy Sichuan-style sauce with a rich blend of chillies, garlic, and aromatic spices, delivering an authentic hot and tangy flavor. Perfect for dipping, stir-frying, marinating, noodles, fried rice, momos, spring rolls, and grilled dishes."", ""productImage"": ""https://erp.tpci.in/frontend/exhibitor/product-178453602143879412.jpg?15.626699305723141""}, {""productName"": ""Tamarind Sauce"", ""description"": ""A delicious blend of tangy tamarind and subtle sweetness, offering a rich, authentic flavor. Perfect as a dip, marinade, or condiment for chaats, samosas, pakoras, grilled dishes, wraps, and a variety of Indian and international cuisines."", ""productImage"": ""https://erp.tpci.in/frontend/exhibitor/product-178453602166442137.jpg?22.303644402235413""}, {""productName"": ""Black Whole Olives"", ""description"": ""Premium whole black olives, carefully selected for their rich flavor, smooth texture, and natural goodness. Perfect for salads, pizzas, pasta, antipasti, sandwiches, Mediterranean dishes, and gourmet recipes."", ""productImage"": ""https://erp.tpci.in/frontend/exhibitor/product-178453602130393947.jpg?64.63812716737215""}, {""productName"": ""Green Whole Olives "", ""description"": ""Premium whole green olives, carefully selected for their firm texture, fresh taste, and authentic Mediterranean flavor. Perfect for salads, pizzas, pasta, antipasti, sandwiches, charcuterie boards, and a variety of gourmet dishes."", ""productImage"": ""https://erp.tpci.in/frontend/exhibitor/product-178453602143268616.jpg?56.279705703519014""}, {""productName"": ""Coffee"", ""description"": ""Premium-quality coffee crafted from carefully selected beans to deliver a rich aroma, smooth taste, and full-bodied flavor. Perfect for enjoying as a refreshing hot or cold beverage at any time of the day."", ""productImage"": ""https://erp.tpci.in/frontend/exhibitor/product-178453602144133798.jpg?87.4841500888431""}, {""productName"": ""Garlic Sauce"", ""description"": ""A creamy and flavorful garlic sauce made with the rich taste of premium garlic for a smooth, savory finish. Perfect for dipping, spreading, marinating, or enhancing burgers, sandwiches, wraps, grilled meats, shawarma, fries, pizzas, and snacks."", ""productImage"": ""https://erp.tpci.in/frontend/exhibitor/product-178453602124108613.jpg?68.58163640702296""}]","{""Dry Fruits & Nuts"": [""Dry Fruits & Nuts""], ""Fats & Oils"": [""Fats & Oils""], ""Rice, Pulses, Grains, Spices and Commodities"": [""Rice, Pulses, Grains, Spices and Commodities""]}",E-31,2,https://www.kizfoods.com/,"SURVEY NO. 199, MAHUVA SAVARKUNDLA ROAD, VILLAGE TAVEDA",MAHUVA,Gujarat,,364290,AADCK5664Q,+917827751998,https://www.facebook.com/,https://www.linkedin.com/home?originalSubdomain=in,https://www.twitter.com/,https://www.youtube.com/,https://www.twitter.com/,1000,"Distributor,importer",K.I.Z. FOODS PRIVATE LIMITED,https://erp.tpci.in/images/upload/company_logo/Exhibitor-Logo-6629_6a5b08ec21904.png?rand=77496,,0,[],,[]
ODliNjAzMzQ5OWJiZGYwNToyYTgwYzc2NTc1ZTIwZTM4Y2I5MjYxZWU0ZTM0ZDZiMmEyM2U0OGIyOkxscEdQTG9jUEVSU3ZIblJudm15Vmc9PQ==,Kanwal Foods And Spices Pvt Ltd,Proprietor,UMER,Manufacturer Exporter,Food & Agri Products,"{""Food Processing & Packaging Machinery"": [""Food Processing & Packaging Machinery""], ""Rice, Pulses, Grains, Spices and Commodities"": [""Rice, Pulses, Grains, Spices and Commodities""]}","[{""productName"": ""Kanwal Kashmiri Shahi Qehwa"", ""description"": ""The qehwa tea contains important ingredients including Saffron, Cinnamon, Gimger, Cardamom which increases the delight of sipping the recipe.Kanwal Shahi qehwa improves immunity and gives instant energy even in severe winter."", ""productImage"": ""https://erp.tpci.in/frontend/exhibitor/product-17843742815451105.jpg?9.530447339201762""}, {""productName"": ""Saffron"", ""description"": ""The kashmiri Saffron Mongra is considered the best quality of Saffron in the world because of its aroma,strong flavor and its dark maroon purple colouring effect."", ""productImage"": ""https://erp.tpci.in/frontend/exhibitor/product-178437428124818677.jpg?12.344993941807182""}, {""productName"": ""Red Chilli Powder"", ""description"": ""Kashmiri chillies are known for their bright red colour and moderate pungency ,actively used in high class industrial and processed products.Kashmiri lal mirch is also known by a typical name as deggi mirch."", ""productImage"": ""https://erp.tpci.in/frontend/exhibitor/product-178437428123792207.jpg?33.13363076479512""}, {""productName"": ""Kanwal Kashmiri Masala Tikki (Waer)"", ""description"": ""Masala Tikki also known as werr in Kashmir and abundantly used in kashmiri kitchen is a completely wet masala for any vegeterian or non-vegetarian preparations."", ""productImage"": ""https://erp.tpci.in/frontend/exhibitor/product-178437428181732319.jpg?28.633175071918572""}]","{""Food Processing & Packaging Machinery"": [""Food Processing & Packaging Machinery""], ""Rice, Pulses, Grains, Spices and Commodities"": [""Rice, Pulses, Grains, Spices and Commodities""]}",A-39,2,https://www.indiamart.com/kanwal-spices/aboutus.html,BARI BRAHMNA,JAMMU,Jammu And Kashmir,India,181133,AFQPC3469J,+917827751998,https://www.facebook.com/,https://www.linkedin.com/home?originalSubdomain=in,https://www.twitter.com/,https://www.youtube.com/,https://www.twitter.com/,00,"Distributor,exporter","KANWAL FOODS & SPICES (I) PVT. LTD IS A BRAND LEADER IN FMCG SECTOR MAINLY IN SPICE TRADE IN THE STATE OF J&K. IT IS A PRIVATE LIMITED COMPANY AND HAS ITS MAJOR MANUFACTURING AND PROCESSING FACILITIES AT ANANTNAG, SRINAGAR, JAMMU, DELHI AND BANGALORE. IT IS A REPUTED NAME IN THE WORLD OF SPICE TRADE ESPECIALLY THAT OF BLEND SPICES, INSTANT MIXES, KASHMIRI SAFFRON ETC.",https://erp.tpci.in/images/upload/company_logo/Exhibitor-Logo-6797.jpg?rand=10319,https://erp.tpci.in/uploads/ex_docs/6797/KANWAL e- CATALOGUE (1)(1)(pdfgear.com).pdf3dc80e80e9d0d2dadff01fe98d9a9a94_6a5b6b3ab3858.pdf,01,"[{""id"": ""11945"", ""description"": ""gst"", ""link"": ""https://erp.tpci.in//frontend/exhibitor/a2870533b5656604f398d43191d33098_6a5b6b4a54b69.pdf""}]",,[]
NDc4ZDQ5MTllM2I2ZTk2YToxMTM2YjQ4NTMxMjU0NTJlNGJjMDg3OWFiMjBiZWU1YTgxNzNlN2FiOkNhUlo3OWlEY25oQzZHTlZjSjBhcmc9PQ==,Karachi Inc,Partnership,GOPAL PUNJABI,Manufacturer Exporter,Food & Agri Products,"{""Bakery & Breads"": [""Bakery & Breads""], ""Sweets & Confectionery"": [""Sweets & Confectionery""]}","[{""productName"": ""Premium Fruit Biscuit"", ""description"": ""Premium Fruit Biscuit"", ""productImage"": ""https://erp.tpci.in/frontend/exhibitor/product-17807277569124740.jpg?5.7342437149344425""}, {""productName"": ""Osmania Biscuit"", ""description"": ""Osmania Biscuit"", ""productImage"": ""https://erp.tpci.in/frontend/exhibitor/product-17807277562223895.jpg?14.886053106641448""}, {""productName"": ""Cashew Biscuit"", ""description"": ""Cashew Biscuit"", ""productImage"": ""https://erp.tpci.in/frontend/exhibitor/product-178072775645056744.jpg?57.22753746176841""}, {""productName"": ""Pista Biscuit"", ""description"": ""Pista Biscuit"", ""productImage"": ""https://erp.tpci.in/frontend/exhibitor/product-178072775690198642.jpg?41.479531062282184""}, {""productName"": ""Choconuts Biscuit"", ""description"": ""Choconuts Biscuit"", ""productImage"": ""https://erp.tpci.in/frontend/exhibitor/product-178072775651035266.jpg?35.715045999470206""}]","{""Bakery & Breads"": [""Bakery & Breads""], ""Sweets & Confectionery"": [""Sweets & Confectionery""]}",C-30,2,https://www.karachibakery.com,"KHANCHAND TOWERS, ROAD NO 1, BANJARA HILLS",HYDERABAD,Telangana,India,500034,AALFK5232D,8341161980,http://www.facebook.com/KarachiBakery/,http://www.linkedin.com/company/karachi-bakery-group-of-companies/,https://www.twitter.com/,https://www.youtube.com/,http://www.instagram.com/karachibakery,1000,"Distributor,importer","A STAGGERING CHRONICLE OF SIX DECADES AND STILL GOING STRONG, KARACHI BAKERY HAS EMERGED AS A ""TRUE ICON OF HYDERABAD BAKING"" WITH A REPUTATION THAT IS UNMATCHED TO THE CORE. ALWAYS A STEP AHEAD OF COMPETITION, WE FOCUS ON INNOVATION, DEVELOPING NEW PRODUCTS WHILE IMPROVING OUR EXISTING PRODUCTS TO EVOLVING CONSUMER NEEDS. A SUBTLE COMBINATION OF TRADITIONS AND TRENDS, OUR EXTENSIVE COLLECTION OF GREATLY APPETIZING BAKED GOODS AND CONFECTIONS DELIGHTS THE SENSES OF ALL AGE GROUPS AND PEOPLE FROM DIFFERENT WALKS OF LIFE. THE SECRET OF OUR EXCELLENCE LIES IN THE METICULOUS CARE AND DETAILED CRA",https://erp.tpci.in/images/upload/company_logo/Exhibitor-Logo-6569.png?rand=40170,https://erp.tpci.in/uploads/ex_docs/6569/Karachi Bakery - Product Catalogue - 2026 compressed (1).pdfb48e40a691f75aa61455f7edaa9f19e4_6a240999a74a8.pdf,03,"[{""id"": ""11726"", ""description"": ""ISO"", ""link"": ""https://erp.tpci.in//frontend/exhibitor/818d5c05b3a0a3d521e3e79701ded8fd_6a23b9833cf05.pdf""}, {""id"": ""11727"", ""description"": ""Fssai"", ""link"": ""https://erp.tpci.in//frontend/exhibitor/cec0e38d54f6af257dc6fec19934ede0_6a23b99b9f91e.pdf""}, {""id"": ""11728"", ""description"": ""Halal Certificate"", ""link"": ""https://erp.tpci.in//frontend/exhibitor/197b8a5eac7d5a4b496486c0098d5abd_6a23b9b1bf727.pdf""}]",,[]
ODQ4ODIzOWIwOWViNzY2NTpmZjNjYjMzN2Q4Njc2NzNiNWFlNWUyOTAxNGYzYTgyNjIxZmY5MDZkOk54eW9WeUVjTGlSYko1TUErcTRTUEE9PQ==,Kirti Masala Process Pvt. Ltd.,Private Limited,ABBASALI BADRUDDIN SATANI,Manufacturer Exporter,Food & Agri Products,"{""Rice, Pulses, Grains, Spices and Commodities"": [""Rice, Pulses, Grains, Spices and Commodities""]}","[{""productName"": ""Bombay Biryani Masala"", ""description"": ""Diamond's authentic Indian taste - Bombay Biryani Masala"", ""productImage"": ""https://erp.tpci.in/frontend/exhibitor/product-178340665893354392.jpg?89.50798463961853""}, {""productName"": ""Chicken Tandoori Masala"", ""description"": ""Diamond's authentic Indian taste - Chicken Tandoori Masala"", ""productImage"": ""https://erp.tpci.in/frontend/exhibitor/product-178340665894514060.jpg?66.32694328793039""}, {""productName"": ""Chicken Masala"", ""description"": ""Diamond's authentic Indian taste - Chicken Masala"", ""productImage"": ""https://erp.tpci.in/frontend/exhibitor/product-17834066581156982.jpg?63.1107655941609""}]","{""Rice, Pulses, Grains, Spices and Commodities"": [""Rice, Pulses, Grains, Spices and Commodities""]}",C-31,2,https://www.diamondmasala.co.in/,"GROUND FLOOR,PLOT NO. 194,ODE,DASKROI",AHMEDABAD,Gujarat,,382427,AAFCK1509G,9925248835,http://www.facebook.com/DaimondmasalaIndia?mibextid=ZbWKwL,http://www.linkedin.com/company/diamond-masala,https://www.twitter.com/,http://www.youtube.com/https:/@diamondmasala1863?si=eizLgFVHId4G0yrM,http://www.instagram.com/https:/diamondmasalaindia?igshid=ZDdkNTZiNTM=,10,"Distributor,exporter","THE FINEST AND THE BEST EVER STEMLESS CHILLI POWDER GOES THROUGH VARIOUS STAGES OF PROCESSES BEFORE WE SERVE YOU. THE FINEST CHILLIES ARE PICKED DILIGENTLY AND CLEANED. THEN COMES THE IMPORTANT STAGE WHERE THE STEMS ARE CUT, WHICH ULTIMATELY IMPROVES THE QUALITY AND QUANTITY OF THE CHILLIES AS COMPARED CHILLIES USED IN THE MARKET. IT FURTHER GOES THROUGH SEVERAL QUALITY CONTROL MEASURES, MAINTAINING THE TASTE, COLOR & THE AROMA OF THE CHILLI POWDER. THE PREMIUM DIAMOND GARAM MASALA IS MADE WITH 25 DIFFERENT & UNIQUE CHOSEN WHOLE SPICES.",https://erp.tpci.in/images/upload/company_logo/Exhibitor-Logo-6554_6a475f48b5434.jpg?rand=28494,https://erp.tpci.in/uploads/ex_docs/6554/Diamond Masala Portfolio_ International_2026.pdf6d9079bc630f69e07867be3f30acae5f_6a4c955cd0f8b.pdf,02,"[{""id"": ""11757"", ""description"": ""IEC"", ""link"": ""https://erp.tpci.in//frontend/exhibitor/f5e8ad383cff83a991d8ad67baa958a4_6a4c9589688eb.pdf""}, {""id"": ""11758"", ""description"": ""MSME"", ""link"": ""https://erp.tpci.in//frontend/exhibitor/0e19d3ec9ff1c929125b3c324b884098_6a4c95a801b5d.pdf""}]",,[]
MTZkYWYwZDQ4N2E3Y2E0Yzo5YTdjODZkYzg3YTM5YmMwNjJmNmIxOTA5M2UyNDQzMWUyOTMyMWY1OlNXVWRqQ3VWMFMrY3FDeUttQmVpWUE9PQ==,99 Business Media,Proprietor,MS. PARVEEN MEHTA,Service Provider,Food & Agri Products,"{""Digital FoodTech, Traceability & AI"": [""Digital FoodTech, Traceability & AI""]}",[],"{""Digital FoodTech, Traceability & AI"": [""Digital FoodTech, Traceability & AI""]}",F-14,2,https://www.99businessmedia.com/,"1201, 12TH FLOOR, GOPAL  HEIGHTS, NETAJI SUBHASH PLACE, PITAMPURA DELHI -110034 INDIA",DELHI,Delhi,India,110034,ASUPJ2735M,+917827751998,https://www.facebook.com/,https://www.linkedin.com/home?originalSubdomain=in,https://www.twitter.com/,https://www.youtube.com/,https://www.twitter.com/,1000,"Distributor,exporter","99 BUSINESS MEDIA IS A GROUP OF BUSINESS NEWSPAPERS, ESTABLISHED IN 1987, PUBLISHING NINE BUSINESS NEWSPAPERS. THEY ARE - 99 MACHINERY FOR YOU, 99 AUTO FLASH, 99 E-VEHICLE, 99 ELECTRICAL WORLD, 99 ELECTRONICS WORLD, 99 LIGHTING & SOLAR , 99 FOOD MANTRA, 99  MEDICAL & PHARMA
99 PLASTIC  & PACKAGING. THE COMPANY HAS PAN-INDIA PRESENCE WITH HEAD OFFICE IN DELHI AND CORPORATE OFFICE IN MUMBAI AND HAS 10+ BRANCHES ACROSS THE COUNTRY.",https://erp.tpci.in/images/upload/company_logo/Exhibitor-Logo-6753_6a5b57acc515b.jpg?rand=87043,,0,[],,[]
MGI5NzVlY2Q3ODEzYzBlZjo5M2VlNzgxOGQwNjQyNmM5ZjhhZTU0OTVjODE0YTUxZGE0MDhiNjRiOlVadnJaclp6UjBxY0JUeEtLcVdUL0E9PQ==,A Innovative Food Products Limited,Public Limited,JAYESH PATEL,Manufacturer Exporter,Food & Agri Products,"{""Indian Ethnic Food"": [""Indian Ethnic Food""], ""Snacks & On the Go Foods"": [""Snacks & On the Go Foods""]}","[{""productName"": ""Cup A Pasta - Tangy Tomato "", ""description"": ""1. Authentic Italian-Inspired Taste\r\n2. Made from 100% Durum Wheat Semolina (Raw Suji)\r\n3.Ready in Just Minutes\r\n4. Convenient On-the-Go Meal\r\n5. Perfect Anytime Snack\r\n6. No Maida, No Palm Oil and No Added Preservatives \r\n7. Just Add Boiling Water"", ""productImage"": ""https://erp.tpci.in/frontend/exhibitor/product-178420777399937166.jpg?9.701091712062333""}, {""productName"": ""Cup A Pasta - Masala"", ""description"": ""1. Authentic Italian-Inspired Taste\r\n2. Made from 100% Durum Wheat Semolina (Raw Suji)\r\n3.Ready in Just Minutes\r\n4. Convenient On-the-Go Meal\r\n5. Perfect Anytime Snack\r\n6. No Maida, No Palm Oil and No Added Preservatives \r\n7. Just Add Boiling Water"", ""productImage"": ""https://erp.tpci.in/frontend/exhibitor/product-178420777312073717.jpg?50.55838809400647""}, {""productName"": ""Cup A Pasta - Cheese"", ""description"": ""1. Authentic Italian-Inspired Taste\r\n2. Made from 100% Durum Wheat Semolina (Raw Suji)\r\n3.Ready in Just Minutes\r\n4. Convenient On-the-Go Meal\r\n5. Perfect Anytime Snack\r\n6. No Maida, No Palm Oil and No Added Preservatives \r\n7. Just Add Boiling Water"", ""productImage"": ""https://erp.tpci.in/frontend/exhibitor/product-178420777374264487.jpg?23.68866840720984""}]","{""Indian Ethnic Food"": [""Indian Ethnic Food""], ""Snacks & On the Go Foods"": [""Snacks & On the Go Foods""]}",A-01,2,https://www.shareatfood.com/,"212/P/2/P, A INNOVATIVE ROAD, BLHI INTAS PHARMA UNIT-2",AHMEDABAD,Gujarat,India,382213,ABCCA3225H,9909999247,http://www.facebook.com/https://www.facebook.com/Shareatfoodsindia,http://www.linkedin.com/https://www.linkedin.com/company/a-innovative-food-products-limited-shareat,https://www.twitter.com/,http://www.youtube.com/@ShareatFoods,http://www.instagram.com/https://www.instagram.com/shareatfoods/,1000,"Distributor,importer","A.INNOVATIVE FOOD PRODUCTS LIMITED IS RENOWNED IN THE MARKET FOR DELIVERING A DIVERSE RANGE OF READY-TO-FRY DELIGHTS, INCLUDING TASTY PANI PURI PELLETS, POTATO PELLETS, AND RICE PELLETS. IN OUR READY-TO-EAT SEGMENT, WE OFFER AN ARRAY OF PANI PURI KITS FEATURING DIFFERENT FLAVORED PANI OPTIONS WITH RAW PANI PURI PELLETS, AS WELL AS POTATO MASH AND FAMILY PANI PURI KITS. FOR THE YOUNGER PALATE, WE OFFER MINIMOS IN A VARIETY OF FLAVORS WITH SMALL PURIS, AND A CURATED SELECTION OF OTHER PREMIUM FOOD PRODUCTS.",https://erp.tpci.in/images/upload/company_logo/Exhibitor-Logo-6557.jpeg?rand=673,https://erp.tpci.in/uploads/ex_docs/6557/SHAREAT FOODS Catalogue 2026 FN.pdf93a59268c18bd16d718f56bc3befd941_6a58d61eecf17.pdf,0,[],,"[{""type"": ""youtube"", ""video_url"": ""https://youtu.be/4F-2QST_vj0"", ""title"": ""Shareat Corporate film  - how we manufacturing 2 crore panipuri everyday ?""}]"
ZjNmMWZjZTc3ZWVkNWViYzo0MzlkZmUzZWUyZjAxYTZkZDYyMmVjMWUxYTRjOGM0MTFkZTUxYmNlOnpyRWNQeHpZTjZZcXQvTzBlZTVJcEE9PQ==,Aagam International Private Limited,Private Limited,BHAVIN FADIA,Merchant Exporter,Food & Agri Products,"{""Food Ingredients"": [""Food Ingredients""], ""Grocery, Staple & Dry Foods"": [""Grocery, Staple & Dry Foods""], ""Private Label"": [""Private Label""], ""Rice, Pulses, Grains, Spices and Commodities"": [""Rice, Pulses, Grains, Spices and Commodities""]}","[{""productName"": ""Turmeric Finger"", ""description"": ""We supply premium-grade turmeric fingers and bulbs grown in the renowned turmeric growing regions of Maharashtra and the Nizamabad belt. Known for their vibrant color, strong aroma, and high curcumin content, our turmeric is carefully selected to meet the requirements of importers, spice processors,"", ""productImage"": ""https://erp.tpci.in/frontend/exhibitor/product-178316380135850710.jpg?90.59544120970688""}]","{""Food Ingredients"": [""Food Ingredients""], ""Grocery, Staple & Dry Foods"": [""Grocery, Staple & Dry Foods""], ""Private Label"": [""Private Label""], ""Rice, Pulses, Grains, Spices and Commodities"": [""Rice, Pulses, Grains, Spices and Commodities""]}",B-24,2,https://www.kurryspices.com,"B-716, GOPAL PALACE, OPP. OCEAN PARK, NEHURNAGAR",AHMEDABAD,Gujarat,India,380015,AALCA4550B,9265532492,https://www.facebook.com/,http://www.linkedin.com/in/bhavya-fadia-9587a1330,https://www.twitter.com/,https://www.youtube.com/,https://www.twitter.com/,100,"Distributor,exporter,importer","AAGAM INTERNATIONAL PVT. LTD. IS A LEADING AND DISTINGUISHED WHOLESALE TRADER, EXPORTER, SUPPLIER OF TURMERIC FINGER CUMIN SEED, SESAME SEED, PEANUT KERNEL, RED CHILLI POWDER, ETC. ""KURRY SPICES"" OUR BRAND WILL BE IN MARKET SOON WITH DIFFERENT QUALITY SPCIE POWDERS
UNDER THE EXPERT GUIDANCE OF OUR OWNER, MR. BHAVYA FADIA AAGAM INTERNATIONAL HAS BEEN ABLE TO STAND AHEAD AS A CELEBRATED NAME IN THIS AREA. HIS ETHICAL BUSINESS PRACTICES AND STEADY ENDEAVORS HAVE MADE US PROFICIENT IN DELIVERING THE BEST QUALITY OF PRODUCTS AND THAT’S TOO AT THE FINEST PRICE UPTO CUSTOMER SATISFACTION.",https://erp.tpci.in/images/upload/company_logo/Exhibitor-Logo-6581_6a575ac730547.jpg?rand=47912,https://erp.tpci.in/uploads/ex_docs/6581/Kurry Spices Brochure_compressed.pdfdd63f11a8ec5bad56fa0b89997d982e9_6a57425a0c0ba.pdf,02,"[{""id"": ""11884"", ""description"": ""iec certificate"", ""link"": ""https://erp.tpci.in//frontend/exhibitor/3ccb75bf7b4fe0fd6bf833d740ad6e79_6a57426be3d6c.pdf""}, {""id"": ""11885"", ""description"": ""gst certificate "", ""link"": ""https://erp.tpci.in//frontend/exhibitor/b36c8d55f725b86eb837330187ff1bf2_6a574285eb49b.pdf""}]",,[]
NTMxYTkxYWU5MTEzMTU4NzowNjEzMTY1MDI5NzRhYThiZmQxNDQ4OGE1NWRmY2JlYmEwZmNhZTZmOndzODZRZFllbHIyYTNrMFJzdnFwRlE9PQ==,Aakash Global Foods Pvt. Ltd,Private Limited,SHREYAS SHARMA,Manufacturer Exporter,Food & Agri Products,"{""Bakery & Breads"": [""Bakery & Breads""], ""Snacks & On the Go Foods"": [""Snacks & On the Go Foods""], ""Sweets & Confectionery"": [""Sweets & Confectionery""]}","[{""productName"": ""ALL IN ONE"", ""description"": ""ALL IN ONE MIXTURE, DELICIOUS & CRUNCHY "", ""productImage"": ""https://erp.tpci.in/frontend/exhibitor/product-178358177948462313.jpg?68.1254672521031""}, {""productName"": ""ALU BHUJIA"", ""description"": ""CRUNCHY BITES"", ""productImage"": ""https://erp.tpci.in/frontend/exhibitor/product-178358177967912984.jpg?97.27707905441251""}, {""productName"": ""POTATO CHIPS"", ""description"": ""CRUNCHY POTATO BITES "", ""productImage"": ""https://erp.tpci.in/frontend/exhibitor/product-178358177915440647.jpg?82.00899658911767""}, {""productName"": ""DRY FRUITS BESAN LADOO"", ""description"": ""SWEETS DELICIOUS "", ""productImage"": ""https://erp.tpci.in/frontend/exhibitor/product-178358177917959030.jpg?18.213748855715384""}, {""productName"": ""RATLAMI SEV"", ""description"": ""CRUNCY MIXTURE"", ""productImage"": ""https://erp.tpci.in/frontend/exhibitor/product-178358177969590186.jpg?45.041757584588375""}]","{""Bakery & Breads"": [""Bakery & Breads""], ""Snacks & On the Go Foods"": [""Snacks & On the Go Foods""], ""Sweets & Confectionery"": [""Sweets & Confectionery""]}",C-34,2,https://www.aakashnamkeen.com,"SUREVEY NO. 13/1/5, VILLAGE KUMEDI, TEHSIL SANWER",INDORE,Madhya Pradesh,,452001,AADCA4544R,9584849888,https://www.facebook.com/,https://www.linkedin.com/home?originalSubdomain=in,https://www.twitter.com/,https://www.youtube.com/,https://www.twitter.com/,200000,"Exporter,importer","ESTABLISHED IN 1936, AAKASH NAMKEEN HAS SUCCESSFULLY CAPTURED THE SOUL OF MALWA CULTURE AND THE ESSENCE OF INDORE IN THE TASTE OF VARIETY OF AAKASH NAMKEEN AND SWEETS. TODAY AAKASH NAMKEEN PVT. LTD. IS ONE OF THE DISTINGUISHED AND LEADING MANUFACTURER AND EXPORTERS OF NAMKEEN (SAVORIES) AND SWEETS FROM INDIA.",https://erp.tpci.in/images/upload/company_logo/Exhibitor-Logo-6573_6a509af48f5a0.jpeg?rand=1570,https://erp.tpci.in/uploads/ex_docs/6573/2026 Aakash Brochure Exports_compressed.pdfbbbb6f2630b46b788c2c8e761eb4d645_6a4f7f4d64e05.pdf,02,"[{""id"": ""11786"", ""description"": ""BRC CERTIFICATE"", ""link"": ""https://erp.tpci.in//frontend/exhibitor/3cba9b58cc6feb647297f72c6010e286_6a4f7f65610ae.pdf""}, {""id"": ""11788"", ""description"": ""ISO CERTIFICATE"", ""link"": ""https://erp.tpci.in//frontend/exhibitor/d5d75f86d234ab218ab45d188eaaa666_6a4f7f7997ef0.pdf""}]",,[]
M2U3M2Y4YjZjMTJlMGE4NTpkZGJhNTA2NGMwY2FlN2I5YjI5ZGNjZDA0YzdkNzQzYzZmOWJhYjJjOmJNNllnU0RmWWgrK2h1aUtBdlJYVlE9PQ==,Abs Impex,Partnership,BHAVESH PANCHAL,Merchant Exporter,Printing & Packaging Products & Machinery,"{""Packaging Material"": [""Packaging Material""], ""Private Label"": [""Private Label""]}",[],"{""Packaging Material"": [""Packaging Material""], ""Private Label"": [""Private Label""]}",D-14,2,https://www.drybag.in/,BHAVESH@DRYBAG.IN,KAKINADA,Andhra Pradesh,India,533003,AAUFA6462A,+917827751998,https://www.facebook.com/,https://www.linkedin.com/home?originalSubdomain=in,https://www.twitter.com/,https://www.youtube.com/,https://www.twitter.com/,1000,"Distributor,importer","ABS IS INTO PROTECTIVE PACKAGING MATERIAL. THE CARGO IN 30 % OF THESE CONTAINERS IS IN DANGER OF BEING DAMAGED BY HUMIDITY CAUSING MOLD, CORROSION, RUST, FUNGUS, AND MILDEW TO THE PRODUCTS DURING SHIPMENTS. THOUSANDS OF CONTAINERIZED CARGO ARE DAMAGED DUE TO MOISTURE. THIS PROBLEM COSTS MANUFACTURERS, FREIGHT FORWARDERS, SHIPPING LINES, TRADING COMPANIES, IMPORTERS, AND EXPORTERS BILLIONS OF DOLLARS LOST EVERY YEAR.",https://erp.tpci.in/images/upload/company_logo/Exhibitor-Logo-6599_6a4395c1e7145.png?rand=51294,https://erp.tpci.in/uploads/ex_docs/6599/All Product brochure-iso_compressed.pdf3e3d32d47007cab6fbfb259bae561c45_6a48f6559faf2.pdf,0,[],,[]
Yjc0YjViYmExNDU0MjJhMTphMjI1MDg2MTQ1MTc2MTI1MTc5YWJlYjcyYjc5OTAxODQ1ZTk2MTY1OjZ2Rys3ZFA3dUovdy8rcndxbzY2MGc9PQ==,Adani Food Products Pvt. Ltd,Private Limited,SEDDHARTH,Manufacturer Exporter,Food & Agri Products,"{""Food Ingredients"": [""Food Ingredients""], ""Rice, Pulses, Grains, Spices and Commodities"": [""Rice, Pulses, Grains, Spices and Commodities""]}","[{""productName"": ""Red Chili Powder"", ""description"": ""Variety of Red Chili Powders - Customized qualities available for Exports and OEM Market"", ""productImage"": ""https://erp.tpci.in/frontend/exhibitor/product-178342691015635242.jpg?38.11681665304752""}, {""productName"": ""Turmeric Powder"", ""description"": ""Best quality Turmeric Whole and Powder with wide range of customized curcumin % as required.  "", ""productImage"": ""https://erp.tpci.in/frontend/exhibitor/product-178342691020593959.jpg?97.9145415107855""}]","{""Food Ingredients"": [""Food Ingredients""], ""Rice, Pulses, Grains, Spices and Commodities"": [""Rice, Pulses, Grains, Spices and Commodities""]}",D-35,2,https://www.adanispices.com,"PLOT NO E-6 AND 7, B,ROAD, LODHIKA G.I.D.C, KALAWAD ROAD,METODA,",RAJKOT,Gujarat,India,360021,AABCA8005F,8980588219,http://www.facebook.com/https://www.facebook.com/adanispicesrajkot,http://www.linkedin.com/https://www.linkedin.com/in/adani-spices-3092a449/,https://www.twitter.com/,https://www.youtube.com/,http://www.instagram.com/https://www.instagram.com/adani.spices/,1000,"Distributor,exporter,importer",ADANI HAS BEEN PROVIDING ITS CUSTOMERS THE PRODUCTS OF UNMATCHED QUALITY AND UNCOMPROMISED TASTE. EACH RAW MATERIAL IS SOURCED FROM ITS PLACE OF ORIGIN AND PROCESSED IN ITS STATE OF THE ART MANUFACTURING FACILITY. STRICT PARAMETERS AND ONLINE QC ENSURES THAT THE PRODUCTS PROCESSED ARE OF SUPERIOR GRADE WITH RETENTION OF ORIGINAL FLAVOUR SO THAT THE END USER GETS THE BEST OF TASTE.,https://erp.tpci.in/images/upload/company_logo/Exhibitor-Logo-6562.png?rand=89788,https://erp.tpci.in/uploads/ex_docs/6562/adani mini brochure (3)_compressed.pdf23d25a67d07068431e62cd36133005cc_6a4ce7ff9f4aa.pdf,04,"[{""id"": ""11761"", ""description"": ""Two star ecport house"", ""link"": ""https://erp.tpci.in//frontend/exhibitor/f04e3bc1b49da36dbdecf7fde323acc5_6a4ce8281f9e6.pdf""}, {""id"": ""11762"", ""description"": ""iso 22000:2018"", ""link"": ""https://erp.tpci.in//frontend/exhibitor/1a28a45d976bdda116fccf4976473d91_6a4ce84434401.pdf""}, {""id"": ""11763"", ""description"": ""FSSAI"", ""link"": ""https://erp.tpci.in//frontend/exhibitor/7e43176cd8ec3c384f2d65704074792c_6a4ce85690cfc.pdf""}, {""id"": ""11764"", ""description"": ""Spices board of india"", ""link"": ""https://erp.tpci.in//frontend/exhibitor/837dbd93cc79576f160afffda91b4e0d_6a4ce86c1cb0c.pdf""}]",,[]
MTkxM2ZjZDBmZTdiOTY5NDoyNWQ5NDNjNDdiYWJhNDc0MjQyM2JkODNjNzA1ODdlZWVkZTIzM2MwOmJ1NHlQZGZFblhNM0VpM0xROVI3OGc9PQ==,Adas Global Exports Pvt Ltd,Private Limited,AYUSH KANHAIYALAL SURANA,Merchant Exporter,Food & Agri Products,"{""Snacks & On the Go Foods"": [""Snacks & On the Go Foods""]}","[{""productName"": ""millet puff"", ""description"": ""millet puff made from 80% millet content, 100% jain, no added preservative, no artificial flavour"", ""productImage"": ""https://erp.tpci.in/frontend/exhibitor/product-178359860556313933.jpg?52.07884912572695""}, {""productName"": ""roasted moong , chana jor"", ""description"": ""roasted moong, chana jorr, a pulses based snacks, 100% jain, no added preservative, no artificial flavour"", ""productImage"": ""https://erp.tpci.in/frontend/exhibitor/product-178359861488888353.jpg?68.17579471336286""}, {""productName"": ""flavoured makhana"", ""description"": ""flavoured, 100% jain, no added preservative, no artificial flavour"", ""productImage"": ""https://erp.tpci.in/frontend/exhibitor/product-178359862028294541.jpg?84.642429262998""}, {""productName"": ""millet cookies"", ""description"": ""millet cookies, made from 80% millet, no maida, no sugar, jaggery used, no artificial flavour, no preservaitives"", ""productImage"": ""https://erp.tpci.in/frontend/exhibitor/product-178359862754301266.jpg?18.68476524826583""}]","{""Snacks & On the Go Foods"": [""Snacks & On the Go Foods""]}",C-19,2,www.millettonutto.com,NO 2157 3RD B MAIN BEHIND CLUB HAMPINAGAR VIJAYANAGAR BANGALORE-560040,BANGALORE,Karnataka,,560040,ABACA5065D,8123900596,https://www.facebook.com/,https://www.linkedin.com/home?originalSubdomain=in,https://www.twitter.com/,https://www.youtube.com/,http://www.instagram.com/millettonutto,22000,"Distributor,exporter",ADAS GLOBAL EXPORTS PVT LTD,https://erp.tpci.in/images/upload/company_logo/Exhibitor-Logo-6631_6a4f8b87be29f.png?rand=26214,https://erp.tpci.in/uploads/ex_docs/6631/Milletto & Nutto_Brochure_compressed-compressed.pdf09098878e667f99c6415e04ebaedd1b2_6a4f8c9bcf2af.pdf,02,"[{""id"": ""11796"", ""description"": ""USFDA"", ""link"": ""https://erp.tpci.in//frontend/exhibitor/84759f749d732b6baa34954c98cc64c5_6a4f8cc2436ba.pdf""}, {""id"": ""11797"", ""description"": ""KOSHER"", ""link"": ""https://erp.tpci.in//frontend/exhibitor/307e6a210f2e96bdd760df6f2a34e33d_6a4f8cd368e12.pdf""}]",,[]
YTNlZjg1ODNiZmE3NGM2YTo3MjQ3NWQyMzJlZGQ4MjliMjY4YzdjOGUyMTM1OTVjMDY1NDA2MzRlOmsrQU1kTmluczRpdjErY3pGdFE3R1E9PQ==,Adfar Agro Foods And Spices,Private Limited,SYED FAIZAN MASOODI,Manufacturer Exporter,Food & Agri Products,"{""Rice, Pulses, Grains, Spices and Commodities"": [""Rice, Pulses, Grains, Spices and Commodities""]}",[],"{""Rice, Pulses, Grains, Spices and Commodities"": [""Rice, Pulses, Grains, Spices and Commodities""]}",B-06,2,https://www.google.com,"RANGRETH, BUDGAM",BUDGAM,Jammu And Kashmir,India,191132,APAPM7829J,+917827751998,https://www.facebook.com/,https://www.linkedin.com/home?originalSubdomain=in,https://www.twitter.com/,https://www.youtube.com/,https://www.twitter.com/,1000,"Distributor,exporter,technology Transfer",ADFAR AGRO FOODS AND SPICES,https://erp.tpci.in/images/upload/company_logo/Exhibitor-Logo-6777.jpg?rand=19647,,0,[],,[]
ZGU4ZTlkMTY4MDVhZDMxMjplNGRmN2FhNjJhMjM1NzNlMjQ1MDJmZGU1MDRkM2FlNWFjN2MyZGMwOm13Y3JXeTFmb1NiNWQwa1k1SVk5c1E9PQ==,Adhar Beverages Private Limited,Private Limited,AKSHAY SOLANKI,Manufacturer Exporter,Food & Agri Products,"{""Beverage & Hot Drinks"": [""Beverage & Hot Drinks""]}","[{""productName"": ""3 Sisters Super Cola"", ""description"": ""3 Sisters Super Cola (Sweetened with Dates Syrup & no added sugar)\r\nNet Quantity: 250 ml\r\nPackaging: Aluminum Can"", ""productImage"": ""https://erp.tpci.in/frontend/exhibitor/product-178411323668223172.jpg?92.57055445813626""}, {""productName"": ""No Bullshit Caffeinated Drink"", ""description"": ""No Bullshit Caffeinated Drink (No Sugar & No Calories)\r\nNet Quantity: 250 ml\r\nPackaging: Aluminum Can"", ""productImage"": ""https://erp.tpci.in/frontend/exhibitor/product-178411323652110271.jpg?54.342957916057635""}, {""productName"": ""3Sisters Non-alcoholic Beer - German Lager"", ""description"": ""3Sisters Non-alcoholic Beer - German Lager Flavor\r\nNet Quantity: 330 ml\r\nPackaging: Glass Bottle"", ""productImage"": ""https://erp.tpci.in/frontend/exhibitor/product-178411323636991514.jpg?94.00312927924388""}, {""productName"": ""3Sisters Non-alcoholic Beer - Cranberry "", ""description"": ""3Sisters Non-alcoholic Beer - Cranberry Flavor\r\nNet Quantity: 330 ml\r\nPackaging: Glass Bottle"", ""productImage"": ""https://erp.tpci.in/frontend/exhibitor/product-178411323633635848.jpg?6.986775721411012""}, {""productName"": ""3Sisters Non-alcoholic Beer - Strawberry"", ""description"": ""3Sisters Non-alcoholic Beer - Strawberry Flavor\r\nNet Quantity: 330 ml\r\nPackaging: Glass Bottle"", ""productImage"": ""https://erp.tpci.in/frontend/exhibitor/product-17841132362640684.jpg?52.924493842687916""}, {""productName"": ""3Sisters Non-alcoholic Beer - Peach"", ""description"": ""3Sisters Non-alcoholic Beer - Peach Flavor\r\nNet Quantity: 330 ml\r\nPackaging: Glass Bottle"", ""productImage"": ""https://erp.tpci.in/frontend/exhibitor/product-178411323618099336.jpg?43.66214512257105""}, {""productName"": ""3Sisters Non-alcoholic Beer - Kiwi Mint"", ""description"": ""3Sisters Non-alcoholic Beer - Kiwi Mint Flavor\r\nNet Quantity: 330 ml\r\nPackaging: Glass Bottle"", ""productImage"": ""https://erp.tpci.in/frontend/exhibitor/product-178411323633246027.jpg?59.537247158156006""}, {""productName"": ""3Sisters Non-alcoholic Beer - Peach Mango"", ""description"": ""3Sisters Non-alcoholic Beer - Peach Mango Flavor\r\nNet Quantity: 330 ml\r\nPackaging: Glass Bottle"", ""productImage"": ""https://erp.tpci.in/frontend/exhibitor/product-178411323633502533.jpg?66.69980349643137""}, {""productName"": ""3Sisters Non-alcoholic Beer - German Lager Zero Sugar"", ""description"": ""3Sisters Non-alcoholic Beer - German Lager Zero Sugar Flavor \r\nNet Quantity: 330 ml\r\nPackaging: Glass Bottle"", ""productImage"": ""https://erp.tpci.in/frontend/exhibitor/product-178411323684000703.jpg?54.887279081053364""}, {""productName"": ""3Sisters Non-alcoholic Beer - Cranberry Zero Sugar"", ""description"": ""3Sisters Non-alcoholic Beer - Cranberry Zero Sugar Flavor \r\nNet Quantity: 330 ml\r\nPackaging: Glass Bottle"", ""productImage"": ""https://erp.tpci.in/frontend/exhibitor/product-178411323620253285.jpg?74.33698798933717""}, {""productName"": ""3Sisters Non-alcoholic Beer - Ginger"", ""description"": ""3Sisters Non-alcoholic Beer - Ginger Flavor\r\nNet Quantity: 330 ml\r\nPackaging: Glass Bottle"", ""productImage"": ""https://erp.tpci.in/frontend/exhibitor/product-178411323682359535.jpg?7.02310577689028""}, {""productName"": ""3Sisters Indie-Soda - Imli Chaska"", ""description"": ""3Sisters Indie-Soda - Imli Chaska (Tamrind Fizz)\r\nNet Quantity: 250 ml\r\nPackaging: Aluminum Can"", ""productImage"": ""https://erp.tpci.in/frontend/exhibitor/product-178411323646792531.jpg?12.10456798980438""}, {""productName"": ""3Sisters Indie-Soda - Kala Khatta "", ""description"": ""3Sisters Indie-Soda - Kala Khatta (Jamun Fizz)\r\nNet Quantity: 250 ml\r\nPackaging: Aluminum Can"", ""productImage"": ""https://erp.tpci.in/frontend/exhibitor/product-178411323656292207.jpg?39.453525691715555""}, {""productName"": ""3Sisters Indie-Soda - Twisted Shikanji"", ""description"": ""3Sisters Indie-Soda - Twisted Shikanji (Indian Lemonade)\r\nNet Quantity: 250 ml\r\nPackaging: Aluminum Can"", ""productImage"": ""https://erp.tpci.in/frontend/exhibitor/product-178411323662039795.jpg?60.95392756252915""}, {""productName"": ""3Sisters Indie-Soda - Jeera Masala"", ""description"": ""3Sisters Indie-Soda - Jeera Masala \r\nNet Quantity: 250 ml\r\nPackaging: Aluminum Can"", ""productImage"": ""https://erp.tpci.in/frontend/exhibitor/product-178411323635620479.jpg?86.4090638108636""}, {""productName"": ""Aruba - Cranberry Lemonade Mocktail"", ""description"": ""Aruba - Cranberry Lemonade (Ready to Drink Mocktail)\r\nNet Quantity: 250 ml\r\nPackaging: Aluminum Can"", ""productImage"": ""https://erp.tpci.in/frontend/exhibitor/product-178411323665835602.jpg?49.183539440095""}, {""productName"": ""Aruba - Blueberry Lemonade Mocktail"", ""description"": ""Aruba - Blueberry Lemonade (Ready to Drink Mocktail)\r\nNet Quantity: 250 ml\r\nPackaging: Aluminum Can"", ""productImage"": ""https://erp.tpci.in/frontend/exhibitor/product-178411323610478905.jpg?86.6905088412487""}, {""productName"": ""Aruba - Mojito Mocktail"", ""description"": ""Aruba - Mojito (Ready to Drink Mocktail)\r\nNet Quantity: 250 ml\r\nPackaging: Aluminum Can"", ""productImage"": ""https://erp.tpci.in/frontend/exhibitor/product-178411323637194914.jpg?85.90192895932303""}, {""productName"": ""Aruba - Ginger Ale Mocktail"", ""description"": ""Aruba - Ginger Ale (Mixer)\r\nNet Quantity: 250 ml\r\nPackaging: Aluminum Can"", ""productImage"": ""https://erp.tpci.in/frontend/exhibitor/product-178411323632733282.jpg?69.43812134623353""}, {""productName"": ""Aruba - Tonic Water Mocktail"", ""description"": ""Aruba - Tonic Water (Mixer)\r\nNet Quantity: 250 ml\r\nPackaging: Aluminum Can"", ""productImage"": ""https://erp.tpci.in/frontend/exhibitor/product-17841132362881208.jpg?89.48482292656304""}, {""productName"": ""Aruba - Naughty Cosmopolitan Mocktail"", ""description"": ""Aruba - Naughty Cosmopolitan (Ready to Drink Mocktail)\r\nNet Quantity: 250 ml\r\nPackaging: Aluminum Can"", ""productImage"": ""https://erp.tpci.in/frontend/exhibitor/product-178411323670679912.jpg?39.109753667479154""}]","{""Beverage & Hot Drinks"": [""Beverage & Hot Drinks""]}",A-03,2,https://adharbeverages.in/,"A482, TTC INDUSTRIAL AREA, MAHAPE MIDC, NAVI MUMBAI - 400071 , MUMBAI",MUMBAI,Maharashtra,,400071,AAVCA7659M,+917827751998,https://www.facebook.com/,http://www.linkedin.com/ https://www.linkedin.com/company/3sistersdrinks/posts/?feedView=all,https://www.twitter.com/,https://www.youtube.com/,http://www.instagram.com/ https://www.instagram.com/3sistersdrinks/?hl=en,1000,"Distributor,exporter",ADHAR BEVERAGES PRIVATE LIMITED,https://erp.tpci.in/images/upload/company_logo/Exhibitor-Logo-6764_6a5f3c6ccd18e.jpeg?rand=70409,https://erp.tpci.in/uploads/ex_docs/6764/Brochure - 3sistersdrinks _all products.pdfc2419b90ef424f6bfd1d4c8f598baa45_6a5f3ca7a13ed.pdf,02,"[{""id"": ""11891"", ""description"": ""ISO 9001:2015 Certification"", ""link"": ""https://erp.tpci.in//frontend/exhibitor/45cbefa31b4ca21c20142c554d14b7c6_6a5762bb87a32.pdf""}, {""id"": ""11911"", ""description"": ""FSSC 22000"", ""link"": ""https://erp.tpci.in//frontend/exhibitor/9c6cb573344ee2ca0cc05fbd1ba927cc_6a58a4b09ec11.pdf""}]",,"[{""type"": ""youtube"", ""video_url"": ""https://www.youtube.com/watch?v=_CioL2B2fn4"", ""title"": ""Reliable Partners in Beverage Contract Manufacturing - Adhar Beverages""}]"
ZThiMTc4MTdiZWIxNTEzZDpiOWI1NTdlNmM5NzkwMmY2NDJkNWM2MGY2ZmFiNGE1YTYyNmViOWVlOk1Qc3o2R1I1bUllQzlYL2tFN2dpTXc9PQ==,Ajit Sweets,Proprietor,DHARA,Manufacturer,Food & Agri Products,"{""Bakery & Breads"": [""Bakery & Breads""], ""Sweets & Confectionery"": [""Sweets & Confectionery""]}",[],"{""Bakery & Breads"": [""Bakery & Breads""], ""Sweets & Confectionery"": [""Sweets & Confectionery""]}",D-16,2,https://ajitsweets.com/,244 D7 BHUMI WORLD IND PARK OFF NASHIK EXPRESSWAY PIMPLAS BHIWANDI,THANE,Maharashtra,India,421311,AADPM7035L,+917827751998,https://www.facebook.com/,https://www.linkedin.com/home?originalSubdomain=in,https://www.twitter.com/,https://www.youtube.com/,https://www.twitter.com/,1000,"Distributor,exporter,importer",AJIT SWEETS,https://erp.tpci.in/images/upload/company_logo/Exhibitor-Logo-6652.png?rand=50634,,0,[],,[]
MDQzNjMwNTcwZjc1ZjJjMTphZjJmZmI2YzY3MzRiNzhlOTBiZDliMzVlYmU2YmYyZDA0ZTU5ZjRlOm54MEE4UThNRTg3eXEzMVBacklndkE9PQ==,Amrutlal And Sons Pvt. Ltd.,Private Limited,JIGNESH JIVRAJANI,Manufacturer,Food & Agri Products,"{""Indian Ethnic Food"": [""Indian Ethnic Food""], ""Private Label"": [""Private Label""]}",[],"{""Indian Ethnic Food"": [""Indian Ethnic Food""], ""Private Label"": [""Private Label""]}",E-27,2,www.mahalaxmispice.com,"R.K. INDUSTRIAL ZONE - 10, PLOT NO. : 14,15,16, KUVADVA-WAKANER ROAD, OPP. GETCO 66 KV KUVADVA SUBSTATION, NATIONAL HIGHWAY 27, VILLAGE- RANPUR, DIST RAJKOT - 360023",RAJKOT,Gujarat,India,360023,AAVCA8575E,+917827751998,https://www.facebook.com/,https://www.linkedin.com/home?originalSubdomain=in,https://www.twitter.com/,https://www.youtube.com/,https://www.twitter.com/,1682000,Importer,"WE AMRUTLAL AND SONS PVT. LTD. IS MANUFACTURING INDIAN AUTHENTIC SPICES SINCE 1962 WITH THE BRAND NAME MAHALAXMI SPICES, WE ARE PIONEER IN BLENDED SPICES. OUR AIM IS TO PROVIDE BEST QUALITY PRODUCT",https://erp.tpci.in/images/upload/company_logo/Exhibitor-Logo-6551.png?rand=24081,,0,[],,[]
NWE1NDI5YjY0YzBhOTMwYTpkYjZmNGU4NzBiNTQyMTYwMDRkOWU3MjJlYTYyMWEyMmE1ZGE3M2I2OmdhSHUrOStxM3IzR08yK1krODRYRmc9PQ==,Angur Pulses Llp,Proprietor,DHAVAL DARAJI,Manufacturer,Food & Agri Products,"{""Rice, Pulses, Grains, Spices and Commodities"": [""Rice, Pulses, Grains, Spices and Commodities""]}",[],"{""Rice, Pulses, Grains, Spices and Commodities"": [""Rice, Pulses, Grains, Spices and Commodities""]}",B-23,2,https://www.angur.com/,"S. NO. 192/2, APPOCW ROAD, ON NH- 48,  VASAD",ANAND,Gujarat,India,388306,ABEFA1731B,+917827751998,https://www.facebook.com/,https://www.linkedin.com/home?originalSubdomain=in,https://www.twitter.com/,https://www.youtube.com/,https://www.twitter.com/,1000,"Distributor,exporter,importer",ANGUR PULSES LLP,https://erp.tpci.in/images/upload/company_logo/Exhibitor-Logo-6649.png?rand=81574,,0,[],,[]
NzMzZWViMmY4NWQ5ZmI0Yzo5Y2EwZDJmMzA4NjY0MzMyZmY0MGNhODQ3YjVkNGZkOTQwNTk0NTkwOmlZWjlXcURBUURDYjZLUml5a1NjbUE9PQ==,Authentication Solution Providers Association,Society,PUNEET MAITHANI,Service Provider,Service Sector,"{""Digital FoodTech, Traceability & AI"": [""Digital FoodTech, Traceability & AI""]}",[],"{""Digital FoodTech, Traceability & AI"": [""Digital FoodTech, Traceability & AI""]}",E-06A,2,www.aspaglobal.com,"521, 5TH FLOOR, ANSAL TOWER 38,
NEHRU PLACE 110019, NEW DELHI, INDIA",NEW DELHI,Delhi,India,110019,0000000000,9319440030,http://www.facebook.com/aspaglobal/,http://www.linkedin.com/aspaglobal/,https://www.twitter.com/,http://www.youtube.com/aspaglobal/,http://www.instagram.com/9319440030,1000,"Distributor,exporter",AUTHENTICATION SOLUTION PROVIDERS ASSOCIATION,https://erp.tpci.in/images/upload/company_logo/Exhibitor-Logo-6773_6a57494724820.png?rand=23152,https://erp.tpci.in/uploads/ex_docs/6773/Crisil_ASPA_Report_2025_D4_SP-compressed.pdf5af74733c8275c3e970eb062f9f0a1a5_6a574d4c7ae4e.pdf,01,"[{""id"": ""11886"", ""description"": ""ASPA GST Certificate"", ""link"": ""https://erp.tpci.in//frontend/exhibitor/2c8acc03b71cd492baf47e23614953a5_6a575155a92d3.pdf""}]",,[]
MTJiMGRjZGU1OWZmNTBmOTo4MzRmYTYwMDRlYTEzMjU4Mzk4MjhlOTI1NzkyNjQ0YTZlZDMwMTYyOmN3YnV0N2p3NlhHeFVBU3ZQa3Vlcnc9PQ==,Avitus Foods Llp,Partnership,PIYUSH PATEL,Manufacturer Exporter,Food & Agri Products,"{""Fats & Oils"": [""Fats & Oils""], ""Fine Food"": [""Fine Food""], ""Food Ingredients"": [""Food Ingredients""], ""Grocery, Staple & Dry Foods"": [""Grocery, Staple & Dry Foods""], ""Health Food, Free From & Super Food"": [""Health Food, Free From & Super Food""], ""Indian Ethnic Food"": [""Indian Ethnic Food""], ""Organic, Natural & Ethical Foods"": [""Organic, Natural & Ethical Foods""], ""Private Label"": [""Private Label""]}","[{""productName"": ""Cold Pressed Oils"", ""description"": ""Avitus Foods LLP is a leading Indian manufacturer of 100% pure, virgin, unrefined, solvent-free cold-pressed oils, produced using advanced European cold-press technology under hygienic stainless-steel processing extracted for retail, private label, food, wellness, hospitality, and export markets."", ""productImage"": ""https://erp.tpci.in/frontend/exhibitor/product-178401630139456314.jpg?68.86331845900354""}]","{""Fats & Oils"": [""Fats & Oils""], ""Fine Food"": [""Fine Food""], ""Food Ingredients"": [""Food Ingredients""], ""Grocery, Staple & Dry Foods"": [""Grocery, Staple & Dry Foods""], ""Health Food, Free From & Super Food"": [""Health Food, Free From & Super Food""], ""Indian Ethnic Food"": [""Indian Ethnic Food""], ""Organic, Natural & Ethical Foods"": [""Organic, Natural & Ethical Foods""], ""Private Label"": [""Private Label""]}",B-22,2,https://www.avitusfoods.com/,"A-2, DHARA ESTATE, BLOCK NO. 1706, NEAR NARMADA CANAL,",GANDHINAGAR,Gujarat,India,382722,ABSFA3030B,9974969002,https://www.facebook.com/,https://www.linkedin.com/home?originalSubdomain=in,https://www.twitter.com/,https://www.youtube.com/,http://www.instagram.com/avitusfoods_llp/,1000,"Distributor,exporter",AVITUS FOODS IS A LEADING COLD PRESSED OIL MANUFACTURER IN INDIA. WE ARE A PROVIDER OF HIGH-QUALITY EDIBLE OILS THAT CATER TO YOUR EVERYDAY COOKING NEEDS. OUR TEAM OF EXPERTS WORKS TIRELESSLY TO CREATE OILS THAT ARE NOT ONLY HEALTHY BUT ALSO DELICIOUS. OUR OILS ARE MADE FROM THE FINEST INGREDIENTS AND PROCESSED USING STATE-OF-THE-ART TECHNIQUES TO ENSURE THEIR QUALITY AND PURITY. WE SOURCE OUR INGREDIENTS FROM THE BEST SUPPLIERS AND USE THE LATEST TECHNOLOGY TO PRODUCE OILS THAT ARE FREE FROM HARMFUL CHEMICALS AND ADDITIVES.,https://erp.tpci.in/images/upload/company_logo/Exhibitor-Logo-6661_6a572a2e88baa.jpg?rand=95677,https://erp.tpci.in/uploads/ex_docs/6661/Catlog-Avitus.pdf08e10ddcaf071d178112083c27082552_6a572b4011f20.pdf,0,[],,[]
ZmViMjg0Yjc1MzVlNGM0NDpiN2ExYjRmNjFlNTgyYTY4OGU2NzkzM2UyZGZiZGU3ZWZmM2ViZmVmOnRuRVN5RUlGU0ZUTzlJS3lkVS82eXc9PQ==,Bakemo,Proprietor,SAURABH,Manufacturer,Food & Agri Products,"{""Bakery & Breads"": [""Bakery & Breads""]}",[],"{""Bakery & Breads"": [""Bakery & Breads""]}",D-22,2,https://www.google.com,"14, ARYAN BUNGALOW, JASHODANAGAR-MAHEMDABAD ROAD, B/H ANNANPURNA HOTEL, JASODA NAGAR",AHMEDABAD,Gujarat,,382445,AGTPB4022A,+917827751998,https://www.facebook.com/,https://www.linkedin.com/home?originalSubdomain=in,https://www.twitter.com/,https://www.youtube.com/,https://www.twitter.com/,1000,"Distributor,importer",MOMENTUM ELASTOMERS (BAKEMO),https://erp.tpci.in/images/upload/company_logo/Exhibitor-Logo-6608_6a58884655082.jpg?rand=91283,,0,[],,[]
NzMyMDQ2ZTY4NjA2MDM2Zjo0NjVkOTEyOTRlZTkxZmNiNTMwZWJjNGVhMGM5MzAwN2E4Mjc1M2IyOmgyd0VyUDJ1SUZmajlnVFVSVkpPREE9PQ==,Bansal Group,Proprietor,AKHIL,Manufacturer,Food & Agri Products,"{""Health Food, Free From & Super Food"": [""Health Food, Free From & Super Food""], ""Indian Ethnic Food"": [""Indian Ethnic Food""], ""Snacks & On the Go Foods"": [""Snacks & On the Go Foods""], ""Sweets & Confectionery"": [""Sweets & Confectionery""]}","[{""productName"": ""9 in One Pudina"", ""description"": ""9 in One Flakes Mix"", ""productImage"": ""https://erp.tpci.in/frontend/exhibitor/product-178465073684113163.jpg?43.9308723843944""}, {""productName"": ""Bajra Mix Salted"", ""description"": ""Bajra Mix Salted"", ""productImage"": ""https://erp.tpci.in/frontend/exhibitor/product-178465073688112013.jpg?19.450181275094096""}]","{""Health Food, Free From & Super Food"": [""Health Food, Free From & Super Food""], ""Indian Ethnic Food"": [""Indian Ethnic Food""], ""Snacks & On the Go Foods"": [""Snacks & On the Go Foods""], ""Sweets & Confectionery"": [""Sweets & Confectionery""]}",A-06,2,www.roastedsnacks.com,294 GREEN LAND MAJITA -BATALA ROAD BYEPASS,AMRITSAR,Punjab,India,143001,ADPPA6460L,9356022767,http://www.facebook.com/roastedsnacks,http://www.linkedin.com/company/roastedsnacks/,https://www.twitter.com/,https://www.youtube.com/,http://www.instagram.com/roastedsnacks,40000,"Distributor,importer",BANSAL GROUP,https://erp.tpci.in/images/upload/company_logo/Exhibitor-Logo-6628.jpg?rand=7805,,0,[],,"[{""type"": ""youtube"", ""video_url"": ""https://www.youtube.com/watch?v=gOtlwOUvEHg"", ""title"": ""BANSAL SNAX - PRODUCTION"", ""description"": ""Bansal Snax Production Video""}]"
ODYxYjJhMThiZmMyMjZkMTpjODE5OWViOGJiN2RkNjQxMTRlZjlhYTMzN2U4Nzk0NzI0MjYzZTNmOkpkUTJEUnJ4OG5QNkUzV0M5REhTVlE9PQ==,Bardhaman Imax Agro Products,Proprietor,ABDUL VARISH,Manufacturer,Food & Agri Products,"{""Private Label"": [""Private Label""], ""Rice, Pulses, Grains, Spices and Commodities"": [""Rice, Pulses, Grains, Spices and Commodities""]}","[{""productName"": ""KYMA GOLD JEERAKASALA RICE"", ""description"": ""India’s Largest Jeerakasala / Gobindobhog Exporting brand"", ""productImage"": ""https://erp.tpci.in/frontend/exhibitor/product-178409555990854381.jpg?74.64348541073825""}, {""productName"": ""IMAX GOLD JEERAKASALA RICE"", ""description"": ""Premium jeerakasala / Gobindobhog Rice"", ""productImage"": ""https://erp.tpci.in/frontend/exhibitor/product-178409555958469097.jpg?46.85216792565972""}]","{""Private Label"": [""Private Label""], ""Rice, Pulses, Grains, Spices and Commodities"": [""Rice, Pulses, Grains, Spices and Commodities""]}",B-02,2,www.imaxgold.com,"DAG-531,532 MACHKHANDA. CHAK PUROHIT. RAINA",PURBA BARDHAMAN,West Bengal,India,713103,AZRPA9430A,+917827751998,https://www.facebook.com/,https://www.linkedin.com/home?originalSubdomain=in,https://www.twitter.com/,https://www.youtube.com/,http://www.instagram.com/,"58,000,000","Distributor,exporter,importer",BARDHAMAN IMAX AGRO PRODUCTS,https://erp.tpci.in/images/upload/company_logo/Exhibitor-Logo-6673_6a5723b0040eb.png?rand=81975,,01,"[{""id"": ""11872"", ""description"": ""HACCP CERTIFICATE"", ""link"": ""https://erp.tpci.in//frontend/exhibitor/0afd9b46484b5065371c8f5e4975ed01_6a572e3cd742a.pdf""}]",,[]
ZjEzOTYzZTQyZDQyNzdmMzo3Y2Q3YmMyZWRlOTAxNjcxMTU0NjQ3Y2YzNzgyODFhNGU0MTQ1M2U3OkZ4Y1RxaDEzK245RjdYNllQUDkvUmc9PQ==,Basu Kesar Company,Partnership,AFAN BASU,Manufacturer,Food & Agri Products,"{""Dry Fruits & Nuts"": [""Dry Fruits & Nuts""], ""Food Ingredients"": [""Food Ingredients""], ""Private Label"": [""Private Label""], ""Rice, Pulses, Grains, Spices and Commodities"": [""Rice, Pulses, Grains, Spices and Commodities""]}",[],"{""Dry Fruits & Nuts"": [""Dry Fruits & Nuts""], ""Food Ingredients"": [""Food Ingredients""], ""Private Label"": [""Private Label""], ""Rice, Pulses, Grains, Spices and Commodities"": [""Rice, Pulses, Grains, Spices and Commodities""]}",B-35B,2,https://basukesar.com/,DRANGBAL,PAMPORE,Jammu And Kashmir,India,192121,AAAFB9694H,+917827751998,https://www.facebook.com/,https://www.linkedin.com/home?originalSubdomain=in,https://www.twitter.com/,https://www.youtube.com/,https://www.twitter.com/,100000,"Distributor,exporter,importer","Basu Kesar Co. offers trusted private labelling solutions for saffron and Kashmiri dry fruits. From sourcing to eco-friendly packaging, we ensure your brand carries our legacy of purity, quality, and authenticity.",https://erp.tpci.in/images/upload/company_logo/Exhibitor-Logo-6574_6a5b305fbbe1e.png?rand=68268,,0,[],,[]
YTdiNDA0MDQyZDYwNDU5NTplMDQ3MjYxMDg5NzcyOWM0NjkwY2JiY2RlZDgwODUzNGI4MmZkYmU3OlRzei80YmVvVDVjTG5tZ1RMSW5Xc0E9PQ==,Bcfoods (india) Seasonings And Ingredients Pvt Ltd,Private Limited,HARDIK,Manufacturer,Food & Agri Products,"{""Beverage & Hot Drinks"": [""Beverage & Hot Drinks""], ""Fresh Produce"": [""Fresh Produce""]}",[],"{""Beverage & Hot Drinks"": [""Beverage & Hot Drinks""], ""Fresh Produce"": [""Fresh Produce""]}",D-02,2,https://www.google.com,"53, NEELKANTH VILLA BUNGLOWS, DPS - NEELKANTH",AHMEDABAD,Gujarat,India,380058,AAHCB7960J,+917827751998,https://www.facebook.com/,https://www.linkedin.com/home?originalSubdomain=in,https://www.twitter.com/,https://www.youtube.com/,https://www.twitter.com/,1000,Exporter,BCFOODS (INDIA) SEASONINGS AND INGREDIENTS PVT LTD,https://erp.tpci.in/images/upload/company_logo/Exhibitor-Logo-6811.jpeg?rand=14668,,0,[],,[]
YTY0ODNmNzNhOGZlODQxOTo5NTIzNTg2NGZmMWExZDgxNjE0OGNiYTRmYTQ1NTE2MzRhMmQ1ZWIxOjhOMExTYnZ5UGI5akZWa0VRQXhadHc9PQ==,Beehive Farms Pvt. Ltd.,Private Limited,NISHANT,Manufacturer Exporter,Food & Agri Products,"{""Fresh Produce"": [""Fresh Produce""]}",[],"{""Fresh Produce"": [""Fresh Produce""]}",F-01,2,https://www.beehivefarms.com,"31-F , 1ST N 2ND FLOOR BRS NAGAR MARKET",LUDHIANA,Punjab,India,141001,AAFCB9352A,+917827751998,https://www.facebook.com/,https://www.linkedin.com/home?originalSubdomain=in,https://www.twitter.com/,https://www.youtube.com/,https://www.twitter.com/,1000,"Distributor,importer",BEEHIVE FARMS PVT. LTD.,https://erp.tpci.in/images/upload/company_logo/Exhibitor-Logo-6623_6a6097ef5bb2b.jpeg?rand=20517,,0,[],,[]
NTdkM2FmOGNlZmI3YTljYToxOTQ5NzJmZTNmYWE0YTk0ZWU0YjVjZTUxM2IxMGIwNTYwMzA0OWMxOkl6SXJvZDc5eG5OVUF3enNmaEhibHc9PQ==,Beyond India Exports,Partnership,NILESH,Merchant Importer,Food & Agri Products,"{""Sweets & Confectionery"": [""Sweets & Confectionery""]}","[{""productName"": ""Jaggery Range"", ""description"": ""At Jabani, we believe sweetness should be simple, honest, and true to its roots. Our jaggery is crafted in small batches using traditional methods that preserve its natural richness and authenticity. We work closely with trusted local farmers to source the finest ingredients, ensuring every product "", ""productImage"": ""https://erp.tpci.in/frontend/exhibitor/product-178419829930517874.jpg?6.555268547083501""}]","{""Sweets & Confectionery"": [""Sweets & Confectionery""]}",F-11,2,https://www.beyondindiaexport.com/,"21, MALAD ELEPHANTA CHS LTD, GAUSHALA LANE B L MORARKA MARG, NEAR RAMLILA MAIDAN, MALAD EAST MUMBAI, 400097, MUMBAI SUBURBAN, MAHARASHTRA",MUMBAI,Maharashtra,,400097,AAXFB7693M,9082547171,https://www.facebook.com/,https://www.linkedin.com/home?originalSubdomain=in,https://www.twitter.com/,https://www.youtube.com/,http://www.instagram.com/jabanibrand/,1500000,"Distributor,exporter","WE AT BEYOND INDIA EXPORTS, UNDER OUR BRAND 'JABANI' ARE BRINGING INDIA’S TIMELESS SWEETNESS TO THE MODERN WORLD, ONE HANDCRAFTED BITE AT A TIME.",https://erp.tpci.in/images/upload/company_logo/Exhibitor-Logo-6720_6a589f7668956.png?rand=6826,https://erp.tpci.in/uploads/ex_docs/6720/JABANI Catalogue Temp.pdfd174b07ee1884ac75ce4f2a6b3d35f8c_6a58a997df159.pdf,01,"[{""id"": ""11912"", ""description"": ""fssai"", ""link"": ""https://erp.tpci.in//frontend/exhibitor/797dc4161b9a79b9362ec6fb20c7ce0a_6a58a5dfb7385.pdf""}]",,[]
YTI1ZTFiZjE0NjllMmU1NDo2NTk1NGFiZmY0YTgyYjQyMzgzOWQ2MmNiZWFhZTA3NTkzNjhhYmJhOjB6TUU3TGlDLzlDSU4rTTNReXBGRHc9PQ==,Bhaderkashi Fruits Producer Com Ltd,Private Limited,RAMNEEK SINGH MANHAS,Manufacturer,Food & Agri Products,"{""Dry Fruits & Nuts"": [""Dry Fruits & Nuts""], ""Fresh Produce"": [""Fresh Produce""], ""Indian Ethnic Food"": [""Indian Ethnic Food""], ""Plant Based & Alternative Proteins"": [""Plant Based & Alternative Proteins""], ""Rice, Pulses, Grains, Spices and Commodities"": [""Rice, Pulses, Grains, Spices and Commodities""]}",[],"{""Dry Fruits & Nuts"": [""Dry Fruits & Nuts""], ""Fresh Produce"": [""Fresh Produce""], ""Indian Ethnic Food"": [""Indian Ethnic Food""], ""Plant Based & Alternative Proteins"": [""Plant Based & Alternative Proteins""], ""Rice, Pulses, Grains, Spices and Commodities"": [""Rice, Pulses, Grains, Spices and Commodities""]}",B-08,2,www.bhadarkashi.in,COOL BREEZE AMUSEMENT PARK SARTINGAL,BHADARWAH,Jammu And Kashmir,India,182222,AAKCB4626L,+917827751998,https://www.facebook.com/,https://www.linkedin.com/home?originalSubdomain=in,https://www.twitter.com/,https://www.youtube.com/,https://www.twitter.com/,00000,Exporter,"BHADERKASHI FRUITS PRODUCER COMPANY LIMITED (BFPCL) IS A FARMER-OWNED PRODUCER COMPANY ESTABLISHED ON 21 JANUARY 2022 IN BHADERWAH, DODA DISTRICT, JAMMU & KASHMIR. THE COMPANY WAS FORMED WITH THE OBJECTIVE OF IMPROVING THE LIVELIHOODS OF FARMERS THROUGH SCIENTIFIC CULTIVATION, VALUE ADDITION, PROCESSING, BRANDING, AND MARKETING OF FRUITS AND OTHER AGRICULTURAL PRODUCE. IT PROMOTES SUSTAINABLE FARMING PRACTICES, STRENGTHENS MARKET LINKAGES, AND ENHANCES THE INCOME OF FARMERS IN THE REGION. TO

TODAY,THE FPO HAS MORE THAN 3000 FAMILIES ASSOCIATED WITH 12 FIGS AND 1 WOMEN GROUP FOR VA&P .",https://erp.tpci.in/images/upload/company_logo/Exhibitor-Logo-6817.png?rand=75904,,0,[],,[]
MTZmM2VkMzYwMDk0NzQ5ODphMDJkZGIyMDk5YWQwMWYxOWYzZjJhZGUyMzM0MzdjY2U4NTA3OTNiOkZXUVFoZTBxVjl4c2FJbmZCTmRrL2c9PQ==,Bhailal Trikamlal & Co,Partnership,JAYESH BHAILALBHAI SHAH,Manufacturer Exporter,Food & Agri Products,"{""Food Ingredients"": [""Food Ingredients""], ""Rice, Pulses, Grains, Spices and Commodities"": [""Rice, Pulses, Grains, Spices and Commodities""]}","[{""productName"": ""CUMIN SEEDS"", ""description"": ""CUMIN SEEDS SINGAPORE\r\nCUMIN SEEDS EUROPE QUALITY"", ""productImage"": ""https://erp.tpci.in/frontend/exhibitor/product-178401217792432351.jpg?48.252518519994354""}, {""productName"": ""FENNEL SEEDS"", ""description"": ""FENNEL SEEDS SINGAPORE \r\nFENNEL SEEDS EUROPE"", ""productImage"": ""https://erp.tpci.in/frontend/exhibitor/product-178401217742939099.jpg?39.40217610392922""}, {""productName"": ""CORIANDER SEEDS"", ""description"": ""CORIANDER SEED EAGLE SORTEX"", ""productImage"": ""https://erp.tpci.in/frontend/exhibitor/product-178401217772689764.jpg?52.25332803302754""}]","{""Food Ingredients"": [""Food Ingredients""], ""Rice, Pulses, Grains, Spices and Commodities"": [""Rice, Pulses, Grains, Spices and Commodities""]}",E-23,2,https://www.btspices.com/,"A-49, MAIN LINE,GUNJ BAZAR",UNJHA,Gujarat,,384170,AACFB0792J,9898699998,https://www.facebook.com/,https://www.linkedin.com/home?originalSubdomain=in,https://www.twitter.com/,http://www.youtube.com/https://www.youtube.com/watch?v=aeveq58bUkw,https://www.twitter.com/,"20,833,333","Exporter,importer","BT SPICES BELIEVE IN BEING CLOSELY ALIGNED TO MARKET NEEDS, AND THEREFORE, ENSURE THAT WE DELIVER QUALITY PRODUCTS TO OUR CUSTOMERS. TO SCALE UP TO MEET THE GROWING DEMAND, WE MOVED FROM MANUAL GRINDING TO COMPLETELY PROGRAMMED MACHINES WITHOUT COMPROMISING ON TASTE AND AUTHENTICITY. OUR PRODUCTION PROCESS ENSURES OPTIMUM QUALITY AS WELL AS HYGIENE.",https://erp.tpci.in/images/upload/company_logo/Exhibitor-Logo-6594_6a55dc1833880.png?rand=35665,https://erp.tpci.in/uploads/ex_docs/6594/BT SPICES_BROCHURE.pdf415d4d39b977ed4bcb93a4b307adc672_6a4f86400cad1.pdf,02,"[{""id"": ""11794"", ""description"": ""happac"", ""link"": ""https://erp.tpci.in//frontend/exhibitor/a83a0c2b87832788fabb00c4fe6854f5_6a4f8697c28a4.pdf""}, {""id"": ""11795"", ""description"": ""BRC"", ""link"": ""https://erp.tpci.in//frontend/exhibitor/5a2cc9e081f9933492713dd9be232e76_6a4f86ac56b40.pdf""}]",,"[{""type"": ""youtube"", ""video_url"": ""https://www.youtube.com/watch?v=aeveq58bUkw"", ""title"": ""BT SPICES""}]"
MzAyMzRlMDFhM2NkMzg4OTo2ZGYwMGNkZDJlNjY0YzdjZjcwMWVlYTNhZTY4Zjg2ODU3MWZkZTgxOklkOHFYZSt2YTcxeW1ZVk5PR29WU2c9PQ==,Bhandari Export,Proprietor,SHITAL TANMAY BHANDARI,Manufacturer Exporter,Food & Agri Products,"{""Rice, Pulses, Grains, Spices and Commodities"": [""Rice, Pulses, Grains, Spices and Commodities""]}","[{""productName"": ""A 1 KANDA LASUN MASALA"", ""description"": ""We say that spice is the important component of food, yes offcourse it is our A1 masala which makes food taste like a delicasy!!!\r\nShreekant Masale, founded in 1975 started with a small root and now the company has reached to different heights and levels."", ""productImage"": ""https://erp.tpci.in/frontend/exhibitor/product-17841029121693091.jpg?52.072465561397806""}, {""productName"": ""CHILLI POWDER"", ""description"": ""Shreekant Masale, founded in 1975 started with a small root and now the company has reached to different heights and levels."", ""productImage"": ""https://erp.tpci.in/frontend/exhibitor/product-178410291228560748.jpg?61.82375509461737""}, {""productName"": ""DHANA POWDER"", ""description"": ""Shreekant Masale, founded in 1975 started with a small root and now the company has reached to different heights and levels."", ""productImage"": ""https://erp.tpci.in/frontend/exhibitor/product-178410291263627868.jpg?52.90138186225797""}, {""productName"": ""KASHMIRI POWDER"", ""description"": ""Shreekant Masale, founded in 1975 started with a small root and now the company has reached to different heights and levels."", ""productImage"": ""https://erp.tpci.in/frontend/exhibitor/product-178410291292605656.jpg?79.03564710080218""}, {""productName"": ""PICKEL MANGP"", ""description"": ""Shreekant Masale, founded in 1975 started with a small root and now the company has reached to different heights and levels."", ""productImage"": ""https://erp.tpci.in/frontend/exhibitor/product-17841029126765035.jpg?36.47409299060152""}, {""productName"": ""FRESH BANANA"", ""description"": ""We are leading name engaged as Exporter and Supplier of wide range of Basmati Rice, Cashew Nuts, Cooking Spices and Masala, Dhaniya and Fresh Vegetables etc..."", ""productImage"": ""https://erp.tpci.in/frontend/exhibitor/product-178410291295799496.jpg?45.26352672396556""}, {""productName"": ""SWEET CORN"", ""description"": ""We are leading name engaged as Exporter and Supplier of wide range of Basmati Rice, Cashew Nuts, Cooking Spices and Masala, Dhaniya and Fresh Vegetables etc..."", ""productImage"": ""https://erp.tpci.in/frontend/exhibitor/product-178410291231226065.jpg?16.89535772138774""}, {""productName"": ""IDLI MIX"", ""description"": ""We are leading name engaged as Exporter and Supplier of wide range of Basmati Rice, Cashew Nuts, Cooking Spices and Masala, Dhaniya and Fresh Vegetables etc..."", ""productImage"": ""https://erp.tpci.in/frontend/exhibitor/product-178410291255978174.jpg?48.68621150840652""}, {""productName"": ""Misala Masala "", ""description"": ""We are leading name engaged as Exporter and Supplier of wide range of Basmati Rice, Cashew Nuts, Cooking Spices and Masala, Dhaniya and Fresh Vegetables etc..."", ""productImage"": ""https://erp.tpci.in/frontend/exhibitor/product-178410291270204658.jpg?92.74498745123388""}, {""productName"": ""Garam masala "", ""description"": ""We are leading name engaged as Exporter and Supplier of wide range of Basmati Rice, Cashew Nuts, Cooking Spices and Masala, Dhaniya and Fresh Vegetables etc..."", ""productImage"": ""https://erp.tpci.in/frontend/exhibitor/product-178410291267247567.jpg?17.666305804314376""}, {""productName"": ""Chat masala"", ""description"": ""We are leading name engaged as Exporter and Supplier of wide range of Basmati Rice, Cashew Nuts, Cooking Spices and Masala, Dhaniya and Fresh Vegetables etc..."", ""productImage"": ""https://erp.tpci.in/frontend/exhibitor/product-178410291215144416.jpg?10.096569741234713""}]","{""Rice, Pulses, Grains, Spices and Commodities"": [""Rice, Pulses, Grains, Spices and Commodities""]}",A-37,2,https://www.bhandariexports.com/,"S NO.672/5A,SARGAM SOCIETY, WINGA, SHOP NO 6. NEAR KALUBAI MAMDIR, BIBWEWADI",PUNE,Maharashtra,India,411037,AQSPT8196Q,9011021160,http://www.facebook.com/share/p/14j3AAnnWSQ/,https://www.linkedin.com/home?originalSubdomain=in,https://www.twitter.com/,https://www.youtube.com/,http://www.instagram.com/bhandariexport88?igsh=MTdicHUxYWZyZTVlNA==,1000,"Distributor,importer","BHANDARI EXPORT

TRADITION IN TASTE. EXCELLENCE IN EXPORT.

BHANDARI EXPORT IS A TRUSTED INDIAN EXPORTER AND SUPPLIER OF PREMIUM AGRICULTURAL PRODUCTS, SPICES, AND PROCESSED FOODS. BASED IN PUNE, MAHARASHTRA, WE ARE COMMITTED TO DELIVERING AUTHENTIC INDIAN QUALITY TO CUSTOMERS ACROSS THE GLOBE.

WITH A STRONG FOCUS ON QUALITY, HYGIENE, AND CUSTOMER SATISFACTION, WE SOURCE THE FINEST PRODUCTS AND ENSURE THEY MEET INTERNATIONAL STANDARDS FOR EXPORT. OUR MODERN PACKAGING SOLUTIONS AND RELIABLE LOGISTICS HELP PRESERVE FRESHNESS FROM FARM TO DESTINATION.

OUR PRODUCTS

- INDIAN SPICES & MASALAS
- F",https://erp.tpci.in/images/upload/company_logo/Exhibitor-Logo-6578_6a561a1b91823.jpg?rand=7545,https://erp.tpci.in/uploads/ex_docs/6578/Brochure Design single.pdf00f5b5d84e64a64a3d3d64afd00317dc_6a48fb840af21.pdf,02,"[{""id"": ""11877"", ""description"": ""GST CerCertificate"", ""link"": ""https://erp.tpci.in//frontend/exhibitor/852fd7029d0478db9734baae1534fd66_6a573cf87c69a.pdf""}, {""id"": ""11878"", ""description"": ""IEC Certificate "", ""link"": ""https://erp.tpci.in//frontend/exhibitor/94a1836a7fc537a7b0b940cc5516f8a6_6a573d08c4cdd.pdf""}]",,[]
MTIzNTgzNDRlZjNkODlkNjpmYTg5ZjU5YzliY2VkNDdiZDRlZmUwNGIzNWI2Y2E0YzkyMTAyMjc3OjNpMmFTYUtlSm9KMkRVVERJdEVWUUE9PQ==,Bhayani Fodds Private Limited,Private Limited,CHETAN,Manufacturer Exporter,Food & Agri Products,"{""Beverage & Hot Drinks"": [""Beverage & Hot Drinks""]}","[{""productName"": ""Fryum Masala"", ""description"": ""Fryum Masala"", ""productImage"": ""https://erp.tpci.in/frontend/exhibitor/product-178463282015030682.jpg?27.768935661547754""}, {""productName"": ""Chips and Kurkure Masala"", ""description"": ""Chips and Kurkure Masala"", ""productImage"": ""https://erp.tpci.in/frontend/exhibitor/product-17846328203312069.jpg?83.59664202071414""}]","{""Beverage & Hot Drinks"": [""Beverage & Hot Drinks""]}",B-31B,2,https://www.google.com,"GROUND FLOOR, PLOT 5-6, LIBERTY INDUSTRIAL PARK, LASKANA KHOLVAL ROAD, KAMREJ, BHADA, SURAT, GUJARAT, 395013",SURAT,Gujarat,India,395013,AAOCB2009D,+917827751998,https://www.facebook.com/,https://www.linkedin.com/home?originalSubdomain=in,https://www.twitter.com/,https://www.youtube.com/,https://www.twitter.com/,1000,Exporter,BHAYANI FODDS PRIVATE LIMITED,https://erp.tpci.in/images/upload/company_logo/Exhibitor-Logo-6806.jpeg?rand=77818,https://erp.tpci.in/uploads/ex_docs/6806/Brochure Bhayani.pdfbf207450345152310763fa02995f09aa_6a5f55176a246.pdf,01,"[{""id"": ""11990"", ""description"": ""gst"", ""link"": ""https://erp.tpci.in//frontend/exhibitor/aa61282512641f337ae704ae3862ae20_6a5f552986f16.pdf""}]",,[]
Y2I4NWExYTc2YTIxN2IyMDpmZDRmMzAwNTA4MjA5Y2JiZmE3MTM1OWJlNTcxMzZiNGIzMTUzNWU5Onp4S0NTNkhqMDc2WW1JY0JIcGJtbkE9PQ==,Blos Showers Agro Private Limited,Private Limited,Thelapanda Manicha Poovayya,Manufacturer Exporter,Food & Agri Products,"{""Bakery & Breads"": [""Bakery & Breads""], ""Food Ingredients"": [""Food Ingredients""], ""Organic, Natural & Ethical Foods"": [""Organic, Natural & Ethical Foods""]}",[],"{""Bakery & Breads"": [""Bakery & Breads""], ""Food Ingredients"": [""Food Ingredients""], ""Organic, Natural & Ethical Foods"": [""Organic, Natural & Ethical Foods""]}",,,https://blosshowers.com/,"NO 95 2ND ACROSS, HBR LAYOUT, NEAR HP PETROL BULK",BANGALORE,Karnataka,India,560043,AALCB6505F,+917827751998,https://www.facebook.com/,https://www.linkedin.com/home?originalSubdomain=in,https://www.twitter.com/,https://www.youtube.com/,https://www.twitter.com/,1000,"Distributor,importer",BLOS SHOWERS AGRO PRIVATE LIMITED,https://erp.tpci.in/images/upload/company_logo/Exhibitor-Logo-6643.jpeg?rand=92878,,0,[],,[]
NTMwM2NkN2RiYzgwMWZiMjpmNDA3NDZlYTMyMzIwMGMyODNhZDRiYmM1MmE2NGVkZDBhNzExYzFjOmJ5Y3pxbWpMemdYRjhxKzM0cjRrYWc9PQ==,Brothers Global Exports,Partnership,DINESH C,Manufacturer Exporter,Food & Agri Products,"{""Indian Ethnic Food"": [""Indian Ethnic Food""], ""Organic, Natural & Ethical Foods"": [""Organic, Natural & Ethical Foods""], ""Rice, Pulses, Grains, Spices and Commodities"": [""Rice, Pulses, Grains, Spices and Commodities""]}","[{""productName"": ""Millets Grains & Millets-Value added products"", ""description"": ""Our range of whole millets includes Pearl Millet (Bajra), Sorghum (Jowar), Finger Millet (Ragi), Foxtail Millet, Little Millet, Kodo Millet, Barnyard Millet, Proso Millet, and Browntop Millet.\r\nWe also offer an extensive portfolio of value-added millet products, including Millet Flour, Millet Flakes,"", ""productImage"": ""https://erp.tpci.in/frontend/exhibitor/product-178417905435072298.jpg?43.188678420324514""}]","{""Indian Ethnic Food"": [""Indian Ethnic Food""], ""Organic, Natural & Ethical Foods"": [""Organic, Natural & Ethical Foods""], ""Rice, Pulses, Grains, Spices and Commodities"": [""Rice, Pulses, Grains, Spices and Commodities""]}",E-08,2,https://brothersglobalexports.com/,"NO.206, MOOVARASAMPET MAIN ROAD,KRISHNA NAGAR MADIPAKKAM",CHENNAI,Tamil Nadu,India,600091,ABCFB8234E,+917827751998,https://www.facebook.com/,https://www.linkedin.com/home?originalSubdomain=in,https://www.twitter.com/,https://www.youtube.com/,https://www.twitter.com/,1000,"Distributor,exporter","BROTHERS GLOBAL EXPORTS WAS FOUNDED TO CONNECT GLOBAL DEMAND WITH INDIA’S MOST RELIABLE AGRI-SOURCING. SPECIALIZING IN PREMIUM MILLETS, WE PARTNER WITH CERTIFIED GROWERS AND PROCESSORS TO DELIVER CONSISTENT QUALITY, GLOBAL COMPLIANCE, AND UNINTERRUPTED SUPPLY.",https://erp.tpci.in/images/upload/company_logo/Exhibitor-Logo-6658_6a586a6d5f852.png?rand=39196,https://erp.tpci.in/uploads/ex_docs/6658/Brothers global brochure-jan26.pdf47c4d32ecf9b745d99b7e2937df670fd_6a586b62ce7a6.pdf,01,"[{""id"": ""11901"", ""description"": ""USFDA"", ""link"": ""https://erp.tpci.in//frontend/exhibitor/4d3c3488e4fbf90a84d047754fb16245_6a586e3253226.pdf""}]",,[]
MjZmMWQzMGEyZDZmMzFmMzoyNTNhMmQxODVhNzNjOTMyNWIxNzM4ODZlNmFmOWJlYzg5NDllM2JjOjdyaFhRK2cwVFdvUXYrcm1CWEdwN1E9PQ==,Canny Coverage Packaging Pvt Ltd,Private Limited,DEVANSHI DALAL,Manufacturer Importer,Printing & Packaging Products & Machinery,"{""Packaging Material"": [""Packaging Material""], ""Private Label"": [""Private Label""]}","[{""productName"": ""ROTARY CPFS-50(PICK FILL SEAL MACHINE)"", ""description"": ""The Automatic Rotary Premade Pouch Packing Machine is designed to package liquids, powders, granules, pastes, and solid products with speed, precision, and reliability. Featuring an 8-station rotary system,  compatibility with Flat, Stand-Up, Back Seal& Zipper  bags giving the speed up to 60BPM."", ""productImage"": ""https://erp.tpci.in/frontend/exhibitor/product-178316476443959400.jpg?25.19802676997895""}, {""productName"": ""MULTIHEAD FFS MACHINE"", ""description"": ""This Machine combines precision weighing with high-speed automation for efficient packaging of snacks, confectionery, dry fruits, frozen foods, and granules. Featuring 10-14 Weigher,  it ensures accurate filling and consistent packaging speeds of up to 70PPM"", ""productImage"": ""https://erp.tpci.in/frontend/exhibitor/product-178316476425018299.jpg?68.00990865380496""}, {""productName"": ""TRIPLE SERVO AUGER FFS MACHINE"", ""description"": ""The Triple Servo Auger FFS Packaging Machine is engineered for all types of powder products, offering high precision and exceptional filling accuracy.Powered by three servo motors and an advanced auger filling system it ensures smooth operation, reliable sealing, and consistent packaging performance"", ""productImage"": ""https://erp.tpci.in/frontend/exhibitor/product-178316476495868106.jpg?64.45546603245238""}]","{""Packaging Material"": [""Packaging Material""], ""Private Label"": [""Private Label""]}",D-32,2,https://www.cannycoveragepackagings.com,"P-60, RAMKRISHNA INDUSTRIAL SOCIETY, BEHIND UDHANA ACADEMIC COLLAGE, UDHANA",SURAT,Gujarat,India,394210,AADCC6681K,9998855700,http://www.facebook.com/coveragepackagings,http://www.linkedin.com/company/101558506/admin/dashboard/,https://www.twitter.com/,http://www.youtube.com/@cannycoveragepackagings,http://www.instagram.com/canny.coverage?igsh=MTU0Mm13NHRmODA3bw==,1000,"Distributor,exporter,importer","CANNY COVERAGE PACKAGING PVT. LTD,",https://erp.tpci.in/images/upload/company_logo/Exhibitor-Logo-6583_6a59d2df7a233.jpg?rand=81309,https://erp.tpci.in/uploads/ex_docs/6583/Canny Coverage Catalogue (2).pdfec4f3709da42576194e89e9a4b8bc012_6a479fa9b1269.pdf,02,"[{""id"": ""11888"", ""description"": ""GST CERTIFICATE"", ""link"": ""https://erp.tpci.in//frontend/exhibitor/ee6b8b1766a61c635dad48b78cad6523_6a575b00450bd.pdf""}, {""id"": ""11889"", ""description"": ""IEC"", ""link"": ""https://erp.tpci.in//frontend/exhibitor/b0079df8dd3f15e9098b55f5700fc0f7_6a575b20cce27.pdf""}]",,"[{""type"": ""youtube"", ""video_url"": ""https://youtu.be/Pp_krtkZs8Q?si=vlN4K_0qp9Ph4a7_"", ""title"": ""INTRODUCTION"", ""description"": ""We pack possibilities.\nPremix ☕ | Tea ? | Coffee ☕ | Granules ? | Namkeen ? | Paste ? | And much more.\nSmart machines. Reliable performance. Seamless automation.\n? Let's build your packaging line.""}]"
MjRlMGQwOWM1OTFiNzQ3OTo2YzQxNjMyMmFmNGU0MzkxYWQxYTkxNGUxMzk0YTM3MmY1YjdkZjM5OjZ0TG9qZnpDVFJzMXBJYTdrZlRvVkE9PQ==,Centre Point Foods Private Limited,Private Limited,NARENDRA BONDRE,Manufacturer,Food & Agri Products,"{""Rice, Pulses, Grains, Spices and Commodities"": [""Rice, Pulses, Grains, Spices and Commodities""], ""Snacks & On the Go Foods"": [""Snacks & On the Go Foods""]}","[{""productName"": ""Ginger Garlic Paste"", ""description"": ""Micky’s Ginger Garlic Paste delivers fresh aroma and rich flavour instantly, saving prep time in any kitchen. Ready to use and thermally processed for consistency, it ensures authentic taste without artificial colours. Perfect for gravies, marinades, and everyday cooking."", ""productImage"": ""https://erp.tpci.in/frontend/exhibitor/product-178472903430445233.jpg?63.26707477054286""}, {""productName"": ""Pizza Pasta Sauce"", ""description"": ""Micky’s Pizza Pasta Sauce is a bold, tangy tomato-based sauce made with real spices for authentic flavour. Perfect for pizzas, pastas, and fusion dishes, it delivers consistency with no added preservatives or artificial colours. Just heat and use."", ""productImage"": ""https://erp.tpci.in/frontend/exhibitor/product-178472903420254936.jpg?76.62915799452846""}, {""productName"": ""Tomato Concasse"", ""description"": ""Micky’s Tomato Concasse offers chunky, juicy tomatoes with a fresh natural taste. Ready to use and preservative-free, it’s perfect for gravies, sauces, and fusion dishes. Just open, cook, and elevate your recipes."", ""productImage"": ""https://erp.tpci.in/frontend/exhibitor/product-178472903413460997.jpg?93.34456873437816""}, {""productName"": ""Onion Tomato Masala"", ""description"": ""Micky’s Onion Tomato Masala is a rich, slow-cooked base made from onions, tomatoes, and spices. Perfect for Indian gravies, it saves time while delivering consistent, homely flavour. Just heat, add ingredients, and cook."", ""productImage"": ""https://erp.tpci.in/frontend/exhibitor/product-178472903497105084.jpg?36.835372761669916""}, {""productName"": ""Kadhai Gravy"", ""description"": ""Micky’s Kadhai Gravy is a bold, spice-rich base made with tomatoes and aromatic Indian spices. Perfect for paneer, vegetables, and curries, it delivers authentic kadhai flavour with no added preservatives. Just heat, add ingredients, and cook."", ""productImage"": ""https://erp.tpci.in/frontend/exhibitor/product-178472903464222703.jpg?4.143160678579622""}, {""productName"": ""Makhani Gravy"", ""description"": ""Micky’s Makhani Gravy is a rich, creamy tomato-based gravy made with butter and cashews. Perfect for paneer and chicken dishes, it delivers authentic restaurant-style flavour with consistent quality. Just heat and cook."", ""productImage"": ""https://erp.tpci.in/frontend/exhibitor/product-178472903417058719.jpg?10.20968818125286""}, {""productName"": ""Malabari Gravy"", ""description"": ""Micky’s Malabari Gravy is a coconut-based coastal curry with roasted spices and mild tanginess. Perfect for South Indian-style dishes, it offers balanced flavour and ready-to-cook convenience with no added preservatives."", ""productImage"": ""https://erp.tpci.in/frontend/exhibitor/product-178472903442754813.jpg?38.618961943889936""}, {""productName"": ""Yellow Gravy"", ""description"": ""Micky’s Yellow Gravy is a smooth, creamy base made with cashews and mild spices. Ideal for comfort-style dishes, it offers rich texture and consistent flavour with ready-to-cook convenience."", ""productImage"": ""https://erp.tpci.in/frontend/exhibitor/product-178472903447804782.jpg?62.465748249055586""}, {""productName"": ""Toor Dal"", ""description"": ""Micky’s Boiled Toor Dal is made from premium quality split pigeon peas that are carefully cooked and ready to use. With its smooth texture and natural flavour, it is perfect for preparing traditional dishes like dal tadka, sambhar, and everyday home-style meals. Thermally processed with no added pre"", ""productImage"": ""https://erp.tpci.in/frontend/exhibitor/product-178472903433845381.jpg?96.47185848697262""}, {""productName"": ""Kabuli Chana"", ""description"": ""Micky’s Boiled Chole is made from high-quality Kabuli Chana that is soft, nutritious, and ready to use. With a mild nutty flavour and firm texture, it is perfect for preparing chole curry, salads, wraps, and rice bowls. Thermally processed with no added preservatives or additives, simply open the pa"", ""productImage"": ""https://erp.tpci.in/frontend/exhibitor/product-178472903467093499.jpg?94.96205076106084""}, {""productName"": ""Black Chana"", ""description"": ""Micky’s Boiled Black Chana is perfectly cooked to retain its natural earthy flavour and firm texture. Ready to use and thermally processed for safety, it helps you prepare delicious dishes quickly without soaking or long cooking time. Just open, cook, and serve with confidence."", ""productImage"": ""https://erp.tpci.in/frontend/exhibitor/product-178472903416260479.jpg?85.39468141775083""}, {""productName"": ""Kidney Beans"", ""description"": ""Micky’s Boiled Rajma is soft, creamy, and ready to cook, making it perfect for quick and delicious meals. Carefully cooked and thermally processed to maintain natural taste and quality, it contains no added preservatives or additives. Simply open, heat, and use it to prepare rajma curry, rice bowls,"", ""productImage"": ""https://erp.tpci.in/frontend/exhibitor/product-178472903469555915.jpg?42.087257878936136""}]","{""Rice, Pulses, Grains, Spices and Commodities"": [""Rice, Pulses, Grains, Spices and Commodities""], ""Snacks & On the Go Foods"": [""Snacks & On the Go Foods""]}",A-31,2,https://www.google.com,"FP-55,56, BUTBBORI MIDC MAINROAD, BUTIBORI MIDC",NAGPUR,Maharashtra,India,441122,AAJCC4568R,+917827751998,https://www.facebook.com/,https://www.linkedin.com/home?originalSubdomain=in,https://www.twitter.com/,https://www.youtube.com/,http://www.instagram.com/mickys.ki.zimmedari,1000,"Distributor,exporter",CENTRE POINT FOODS PRIVATE LIMITED,https://erp.tpci.in/images/upload/company_logo/Exhibitor-Logo-6670_6a6087f4b2ec5.png?rand=69389,https://erp.tpci.in/uploads/ex_docs/6670/Mickys-Brochure-English-compressed.pdfbfa4c1843d7966cd78e58ce47d375388_6a60896b8a4bf.pdf,01,"[{""id"": ""11998"", ""description"": ""fssai license"", ""link"": ""https://erp.tpci.in//frontend/exhibitor/950705d1cf304582d5bbf28bae015a8c_6a606e661b7af.pdf""}]",,[]
YTFhNDg3NmQ0NGNlMDllMDowOTEzNTdmNTJmYjFkM2UxNjQwMTVkNWUxMGEzNGE4YzMxOWUxNzA2OlpuZVJrRFhDdytacEFsSnNMTkhlblE9PQ==,Chaizup Beverages Llp,Partnership,LAXMIKANT TAUNK,Manufacturer Exporter,Food & Agri Products,"{""Beverage & Hot Drinks"": [""Beverage & Hot Drinks""]}",[],"{""Beverage & Hot Drinks"": [""Beverage & Hot Drinks""]}",,,https://www.google.com,"6,PICASSO BITHI, 5TH FLOOR,UNIT-4,REGENCY,",KOLKATA,West Bengal,India,700016,AAKFC7486Q,+917827751998,https://www.facebook.com/,https://www.linkedin.com/home?originalSubdomain=in,https://www.twitter.com/,https://www.youtube.com/,https://www.twitter.com/,1000,"Distributor,exporter,importer",CHAIZUP BEVERAGES LLP,https://erp.tpci.in/images/upload/company_logo/Exhibitor-Logo-6687.jpeg?rand=90650,,0,[],,[]
MjcyMzdmMGRkMDk0ZmNmMDpiZTAzZTc3MjViYmE3ZmEzYWJiZTU4ODExMGI5ZTRkZWIyZWZiMmJlOlpzOVovR3VYZ2dlTU8ySStxeDlKNHc9PQ==,Chamber For Advancement Of Small & Medium Businesses,Private Limited,SHIVANSHI SRIVASTAV,Service Provider,Others,"{""Service, Associations & Trade Support"": [""Service, Associations & Trade Support""]}",[],"{""Service, Associations & Trade Support"": [""Service, Associations & Trade Support""]}",A-19,2,https://casmb.org.in/,"G-1/B, PLOT NO. E-7, DOSTI PINNACLE, ROAD NUMBER 22,
WAGLE ESTATE, THANE, THANE, MAHARASHTRA, 400604",THANE,Maharashtra,India,400604,AAJCC2149N,+917827751998,https://www.facebook.com/,https://www.linkedin.com/home?originalSubdomain=in,https://www.twitter.com/,https://www.youtube.com/,https://www.twitter.com/,NA,Exporter,"OUR CHAMBER IS FOCUSED ON NURTURING AND EMPOWERING SMALL AND MEDIUM ENTERPRISES (SMES) ACROSS SECTORS LIKE FOOD, MANUFACTURING, AND WOMEN-LED BUSINESSES BY FOSTERING INNOVATION, COLLABORATION, AND GROWTH. THROUGH EXPERT GUIDANCE, POLICY ADVOCACY, SKILL DEVELOPMENT, AND INCLUSIVE PLATFORMS, WE AIM TO BUILD A ROBUST AND SELF-RELIANT MSME ECOSYSTEM.",https://erp.tpci.in/images/upload/company_logo/Exhibitor-Logo-6788.jpg?rand=36858,,0,[],,[]
MjUwZTJmMjA1ODNiOGI4NzpmZWFhZjBkZWFlNjNjNzdiZmM4Yjg3Y2I2NzcyNWI3OTI0NDYyNTkxOkcwVWI3VWsycTBWeUNkdFI3U21NYXc9PQ==,Collective Foods (india) Llp,Partnership,HARSH AKBARI,Manufacturer Exporter,Food & Agri Products,"{""Organic, Natural & Ethical Foods"": [""Organic, Natural & Ethical Foods""], ""Rice, Pulses, Grains, Spices and Commodities"": [""Rice, Pulses, Grains, Spices and Commodities""]}","[{""productName"": ""READY TO EAT AND COOK PRODUCTS WITH PRIVATE LABLE OPTIONS "", ""description"": ""Make Your Meal offers a premium range of ready-to-cook and ready-to-eat food products made with quality ingredients, authentic flavors, and a focus on convenience. Our products are designed to meet the evolving needs of modern consumers while maintaining high standards of taste, nutrition, and food"", ""productImage"": ""https://erp.tpci.in/frontend/exhibitor/product-178418154461275410.jpg?30.95836297698166""}, {""productName"": ""GINGER GARLIC PASTE "", ""description"": "" A smooth, ready-to-use blend of premium-quality ginger and garlic, crafted to deliver authentic flavor and aroma. Ideal for a wide range of cuisines, it saves preparation time while ensuring consistent taste and quality."", ""productImage"": ""https://erp.tpci.in/frontend/exhibitor/product-178418154462423364.jpg?14.317174362314097""}, {""productName"": ""GARLIC PASTE "", ""description"": ""A ready-to-use paste made from premium-quality garlic, offering rich flavor and aroma for everyday cooking. Perfect for curries, marinades, sauces, and a variety of savory dishes, ensuring convenience and consistent taste."", ""productImage"": ""https://erp.tpci.in/frontend/exhibitor/product-178418154457747.jpg?78.71078595398998""}, {""productName"": ""TOMATO PUREE 400GMS AND 800 GMS "", ""description"": ""Made from carefully selected ripe tomatoes, our tomato purée delivers a rich color, smooth texture, and authentic taste. Ideal for soups, sauces, curries, gravies, and a variety of culinary applications, offering consistent quality and convenience."", ""productImage"": ""https://erp.tpci.in/frontend/exhibitor/product-178418154456416667.jpg?50.60240975637213""}]","{""Organic, Natural & Ethical Foods"": [""Organic, Natural & Ethical Foods""], ""Rice, Pulses, Grains, Spices and Commodities"": [""Rice, Pulses, Grains, Spices and Commodities""]}",B-15,2,https://makeyourmeal.in/,"SURVEY NO. 236 KERALA NALSAROVAR ROAD (KENSVILLE ROAD AT AMIPURA OPPOSITE SWAYAM LIFESURVEY NO. 236 KERALA NALSAROVAR ROAD (KENSVILLE ROAD AT AMIPURA OPPOSITE SWAYAM LIFE SPACE), NEAR SHAKTI PETROLEUM",AHMEDABAD,Gujarat,India,382220,AANFC4959K,9724325940,https://www.facebook.com/,https://www.linkedin.com/home?originalSubdomain=in,https://www.twitter.com/,https://www.youtube.com/,http://www.instagram.com/https://www.instagram.com/make_yourmeal,1000,"Distributor,exporter","AT MAKE YOUR MEAL, WE BRING YOU AUTHENTIC, READY-TO-EAT MEALS CRAFTED WITH CARE, ENSURING FRESHNESS AND UNBEATABLE FLAVOURS IN EVERY BITE. EXPERIENCE THE TASTE OF HOME, WHEREVER YOU ARE.",https://erp.tpci.in/images/upload/company_logo/Exhibitor-Logo-6663.png?rand=46781,https://erp.tpci.in/uploads/ex_docs/6663/Brouchure Bi fold-compressed.pdf10d3a65e062dde07b2117892e911a3d7_6a588399b6d56.pdf,01,"[{""id"": ""11905"", ""description"": ""brc"", ""link"": ""https://erp.tpci.in//frontend/exhibitor/355a0746161b5dfbd47a1a25cba4502c_6a58802cac43d.pdf""}]",,"[{""type"": ""youtube"", ""video_url"": ""https://youtu.be/seoQWvQxUQU"", ""title"": ""food packing""}]"
MjAyYThhNGU5N2U5YmM4ZDpkNmU1NjVlOTAwMTFkN2I4ZGQzZDE5MTIwYjE4ZDA3MmU3YzdhMDZlOjVxRTB6Y3YwbUpEWXE3SCt3MTJjcVE9PQ==,Damani Beverages Llp,Partnership,KUNAL DAMANI,Manufacturer,Food & Agri Products,"{""Beverage & Hot Drinks"": [""Beverage & Hot Drinks""], ""Wines & Spirits"": [""Wines & Spirits""]}","[{""productName"": ""The Good Vibe - Virgin Mojito"", ""description"": ""A refreshing blend of zesty lime, cool mint, and a hint of sweetness, perfect for a revitalizing pick-me-up. \r\n\r\nAvailable Size - 250 ML Cans"", ""productImage"": ""https://erp.tpci.in/frontend/exhibitor/product-178395404094309224.jpg?75.89455971111968""}, {""productName"": ""The Good Vibe - Guava Chilli"", ""description"": ""A bold fusion of juicy guava and a spicy kick of chilli, creating an exciting and unique flavor experience.\r\n\r\nAvailable Size - 250 ML Cans"", ""productImage"": ""https://erp.tpci.in/frontend/exhibitor/product-178395404028250287.jpg?81.88094280835328""}, {""productName"": ""The Good Vibe - Litchi Lime"", ""description"": ""An exotic pairing of luscious litchi and zesty lime, delivering a refreshing and aromatic beverage.\r\n\r\nAvailable Size - 250 ML Cans"", ""productImage"": ""https://erp.tpci.in/frontend/exhibitor/product-17839540401160375.jpg?81.7210379817719""}, {""productName"": ""The Good Vibe - Green Apple Orange"", ""description"": ""A crisp and tangy combination of green apple and citrusy orange, providing a burst of invigorating freshness.\r\n\r\nAvailable Size - 250 ML Cans"", ""productImage"": ""https://erp.tpci.in/frontend/exhibitor/product-178395404065765358.jpg?62.96236455716413""}, {""productName"": ""The Good Vibe - Peach Berry"", ""description"": ""A delightful mix of succulent peach and vibrant berry flavors, offering a sweet and tangy refreshment.\r\n\r\nAvailable Size - 250 ML Cans"", ""productImage"": ""https://erp.tpci.in/frontend/exhibitor/product-178395404082041978.jpg?69.64871191386945""}, {""productName"": ""The Good Vibe - Pina Colada"", ""description"": ""A tropical escape in a can with the rich, creamy taste of coconut and the sweet tang of ripe pineapple.\r\n\r\nAvailable Size - 250 ML Cans"", ""productImage"": ""https://erp.tpci.in/frontend/exhibitor/product-178395404048957059.jpg?59.35646897121936""}, {""productName"": ""The Good Tempt - Classic"", ""description"": ""Pure indulgence, no distractions. A timeless taste for the true chocolate connoisseur.\r\n\r\nNo Added Sugar | No Palm Oil | No Preservatives \r\n\r\nAvailable Sizes: 20gms / 35gms / 50gms\r\n"", ""productImage"": ""https://erp.tpci.in/frontend/exhibitor/product-178395404070385218.jpg?87.83621218785291""}, {""productName"": ""The Good Tempt - Swiss Vanilla"", ""description"": ""Silky smooth with real vanilla extract. A delicate and sophisticated flavour experience.\r\n\r\nNo Added Sugar | No Palm Oil | No Preservatives \r\n\r\nAvailable Sizes: 20gms / 35gms / 50gms"", ""productImage"": ""https://erp.tpci.in/frontend/exhibitor/product-178395404088303105.jpg?61.11165709897099""}, {""productName"": ""The Good Tempt - Coffee Tiramisu"", ""description"": ""Bold, deep, unforgettable. The rich aroma of coffee infused with decadent chocolate notes.\r\n\r\nNo Added Sugar | No Palm Oil | No Preservatives \r\n\r\nAvailable Sizes: 20gms / 35gms / 50gms"", ""productImage"": ""https://erp.tpci.in/frontend/exhibitor/product-178395404033432252.jpg?42.049652004660715""}, {""productName"": ""The Good Tempt - Roasted Almond"", ""description"": ""Crunch meets creamy. Perfectly roasted almonds enveloped in smooth, rich chocolate.\r\n\r\nNo Added Sugar | No Palm Oil | No Preservatives \r\n\r\nAvailable Sizes: 20gms / 35gms / 50gms"", ""productImage"": ""https://erp.tpci.in/frontend/exhibitor/product-178395404056205774.jpg?26.913291799755108""}]","{""Beverage & Hot Drinks"": [""Beverage & Hot Drinks""], ""Wines & Spirits"": [""Wines & Spirits""]}",B-17,2,https://thegoodvibe.in,"206, 2ND FLOOR, RICHA COMMERCE CENTRE BUILDING NO 11, WALIV PHATA",PALGHAR,Maharashtra,India,401208,AAWFD7305B,7021771681,https://www.facebook.com/,http://www.linkedin.com/in/sumit-bafna,https://www.twitter.com/,http://www.youtube.com/@GoodVibe-signaturemocktails,http://www.instagram.com/thegoodvibein,,"Distributor,exporter,importer","WE’RE THE GOOD VIBE – A SIGNATURE MOCKTAIL BRAND MADE FOR EVERYONE.

NOT YOUR AVERAGE BEVERAGE COMPANY, WE’RE HERE TO SHAKE UP HOW PEOPLE SIP, CELEBRATE, AND CHILL. WHETHER YOU’RE THE ONE HOSTING A HOUSE PARTY, ORDERING DRINKS AT A CAFÉ, OR JUST LOOKING FOR SOMETHING REFRESHING AND FUN – OUR CANS ARE YOUR PERFECT VIBE PARTNER.

WE BELIEVE IN BOLD FLAVOURS, AESTHETIC EXPERIENCES, AND DRINKS THAT EVERYONE CAN ENJOY – WHETHER MIXED, CHILLED, OR STRAIGHT FROM THE CAN.",https://erp.tpci.in/images/upload/company_logo/Exhibitor-Logo-6591_6a54fb88a45a5.png?rand=92244,https://erp.tpci.in/uploads/ex_docs/6591/TGV X TGT Portfolios 2.0.pdfbe6762875e6645ef2008d23a057e2b0e_6a54f31b37ca3.pdf,02,"[{""id"": ""11858"", ""description"": ""COI"", ""link"": ""https://erp.tpci.in//frontend/exhibitor/5f14247490a2712aadbe50496ec4ee57_6a54fabf9165e.pdf""}, {""id"": ""11859"", ""description"": ""MSME"", ""link"": ""https://erp.tpci.in//frontend/exhibitor/f5be699bf27278a1530a1cc288106a27_6a54face3cb7c.pdf""}]",,[]
OTU3OGE1NDQ1ZjdlMjM4NTo0MzUyODFlZDFiMmI0NjdkNzJhNTNhMjJkNzNjNzAxNTc1YzlkNjlhOllGdS9PaXJYRVdxTTYvdTdjWTlaZlE9PQ==,Dayalal Velji And Sons,Partnership,KRUNAL NAGRECHA,Manufacturer Exporter,Food & Agri Products,"{""Fats & Oils"": [""Fats & Oils""]}",[],"{""Fats & Oils"": [""Fats & Oils""]}",C-17,2,https://www.google.com,GAREDIYA KUWA ROAD,RAJKOT,Gujarat,India,360001,AALFD6885H,+917827751998,https://www.facebook.com/,https://www.linkedin.com/home?originalSubdomain=in,https://www.twitter.com/,https://www.youtube.com/,https://www.twitter.com/,1000,"Distributor,importer",DAYALAL VELJI AND SONS,https://erp.tpci.in/images/upload/company_logo/Exhibitor-Logo-6613_6a5b28391c998.jpeg?rand=97011,,0,[],,[]
ZTNmZGNmZDVjZDllMWZmNTpkYjNiZmFmZjM0MjQxNmE4N2I3OTEzYTJlMDI5MmRmNmNjMDY0ZjhkOjhzQXMvKzlzQnNCdERWUkZiTzhkS0E9PQ==,Delite Industries,Proprietor,HIMANSHU PATIL,Manufacturer,Food & Agri Processing Machinery,"{""Automation, Robotics & Smart Factories"": [""Automation, Robotics & Smart Factories""], ""Digital FoodTech, Traceability & AI"": [""Digital FoodTech, Traceability & AI""], ""Quality Control, Testing & Compliance"": [""Quality Control, Testing & Compliance""]}","[{""productName"": ""vibro sifter "", ""description"": ""Engineered for precision screening and dependable performance, the Delite Vibro Sifter is a high?efficiency gyratory screening machine for grading, scalping, and safety sifting of powders and granules.  by Working principle of this equipment An energy?efficient vibratory motor with adjustable eccent"", ""productImage"": ""https://erp.tpci.in/frontend/exhibitor/product-17842030436738884.jpg?91.60735634305269""}]","{""Automation, Robotics & Smart Factories"": [""Automation, Robotics & Smart Factories""], ""Digital FoodTech, Traceability & AI"": [""Digital FoodTech, Traceability & AI""], ""Quality Control, Testing & Compliance"": [""Quality Control, Testing & Compliance""]}",E-22,2,https://deliteindustries.in/,"7-8,SAINATH IND.ESTATE,NR.BHAGVATI FOUNDRY, GIDC ODHAV-382415",AHMEDABAD,Gujarat,,382415,AEHPP6058C,9978618779,http://www.facebook.com/Deliteindustries,http://www.linkedin.com/company/deliteindustries,https://www.twitter.com/,http://www.youtube.com/@DeliteIndustries,http://www.instagram.com/deliteindustries/,1000,"Distributor,importer","WE ARE A RENOWNED MANUFACTURER, WHOLESALER, RETAILER AND EXPORTER OF MAGNETIC SEPARATOR, VIBRATING EQUIPMENT, MAGNETIC EQUIPMENT, INDUSTRIAL MAGNETS, ELECTRO MAGNETIC EQUIPMENT, ROLLER MAGNETIC SEPARATOR, INDUSTRIAL FEEDER, GYRO SCREEN AND MUCH MORE.",https://erp.tpci.in/images/upload/company_logo/Exhibitor-Logo-6607_6a5b1c0ba3b29.png?rand=94693,https://erp.tpci.in/uploads/ex_docs/6607/Delite Ind. - PDF (1) (2).pdf2ef7e23e3b66d5c46a8c46665ef1a4b6_6a58ad11cf5b4.pdf,0,[],,"[{""type"": ""youtube"", ""video_url"": ""https://www.youtube.com/watch?v=nL3K4kwGSa8"", ""title"": ""moringa powder cleaning & sieving"", ""description"": ""check out our trial working video of moringa Powder Cleaning & Sieving  separation video on Ultra Fine Wire-mesh in Delite vibro machine which have Mesh De-blinding arrangement (round Rings and rubber balls) to avoid mesh blockage.""}, {""type"": ""youtube"", ""video_url"": ""https://www.youtube.com/watch?v=-517smku9Wc"", ""title"": ""separation of Quartz in vibro sifter"", ""description"": ""check out our working video for gradation of Quartz,   The gyratory separator is one of the peerless & optimum sieving equipment that is useful for almost all kind of screening, scalping, de-dusting, filtering & graduation applications. many more application to screen any powder material and solid liquid separation vibro equipment designed to provide accurate and efficient screening, grading, and sorting of materials, making it an ideal solution for industries that require high precision and quality standards for more information call us  \n\ncall Us on :-  +91-6351265708""}]"
MjQzMDVkMTYyMDgwYmJjZjo5Y2FmODhjYjdmNTMxY2U1ODRjYTYyYzZjZjczODRhYzE1NjY5MGMyOit1dFk4T3pLbVVwUy9UVm0yM0J5RVE9PQ==,Desai Products,Proprietor,RAMCHANDRA JAYANT DESAI,Manufacturer,Food & Agri Products,"{""Fresh Produce"": [""Fresh Produce""]}",[],"{""Fresh Produce"": [""Fresh Produce""]}",A-35,2,https://www.desaiproducts.in/,"AT POST PAWAS, RATNAGIRI",RATNAGIRI,Maharashtra,India,415616,AECPD3908E,+917827751998,https://www.facebook.com/,https://www.linkedin.com/home?originalSubdomain=in,https://www.twitter.com/,https://www.youtube.com/,https://www.twitter.com/,1000,"Distributor,importer",DESAI PRODUCTS,https://erp.tpci.in/images/upload/company_logo/Exhibitor-Logo-6644_6a5b5ef7e242a.jpeg?rand=95571,,0,[],,[]
ZTNhNmUyODc1MzFiZDMzMDplNzVjMTdmMzQ0ZThiZmIwZjc4YjQ3MDlhYjliM2U2NDQzYjVmMzA2OkZXVFBRc2lGenFwQ3hVTjRBeVZaMEE9PQ==,Dhanhar Masala Bhandar Pvt. Ltd.,Public Limited,UTKARSH WANKAWALA,Manufacturer,Food & Agri Products,"{""Frozen, Ready to Eat & Ready to Cook Food"": [""Frozen, Ready to Eat & Ready to Cook Food""], ""Private Label"": [""Private Label""], ""Rice, Pulses, Grains, Spices and Commodities"": [""Rice, Pulses, Grains, Spices and Commodities""]}","[{""productName"": ""SHAHI PANEER MASALA"", ""description"": ""PACK INFO: 50g & 100g (BOX PACK)\r\n                     200g & 500g (JAR PACK)\r\nALSO AVAILABLE FOR PRIVATE LABELING, LOOSE SUPPLE, BULK ORDER & CONTRACT MANUFACTURING AS PER YOUR REQUIRMENT"", ""productImage"": ""https://erp.tpci.in/frontend/exhibitor/product-178359767195603147.jpg?67.40693027843434""}, {""productName"": ""KITCHEN KING MASALA"", ""description"": ""PACK INFO: 50g & 100g (BOX PACK)\r\n                     200g & 500g (JAR PACK)\r\nALSO AVAILABLE FOR PRIVATE LABELING, LOOSE SUPPLE, BULK ORDER & CONTRACT MANUFACTURING AS PER YOUR REQUIRMENT"", ""productImage"": ""https://erp.tpci.in/frontend/exhibitor/product-178359767160080872.jpg?7.962729323620656""}, {""productName"": ""PAVBHAJI MASALA"", ""description"": ""PACK INFO: 50g & 100g (BOX PACK)\r\n                     200g & 500g (JAR PACK)\r\nALSO AVAILABLE FOR PRIVATE LABELING, LOOSE SUPPLE, BULK ORDER & CONTRACT MANUFACTURING AS PER YOUR REQUIRMENT"", ""productImage"": ""https://erp.tpci.in/frontend/exhibitor/product-1783597671499793.jpg?37.59285885616472""}, {""productName"": ""KASHMIRI CHILLI POWDER (MILDLY SPICY)"", ""description"": ""PACK INFO: 50g & 100g (BOX PACK)\r\n                     30g (STANDY POUCH PACK)\r\n                     200g & 500g (JAR PACK)\r\nALSO AVAILABLE FOR PRIVATE LABELING, LOOSE SUPPLE, BULK ORDER & CONTRACT MANUFACTURING AS PER YOUR REQUIRMENT"", ""productImage"": ""https://erp.tpci.in/frontend/exhibitor/product-178359767143423762.jpg?64.07610938332613""}, {""productName"": ""INSTANT HOT / COLD CHOCOLATE POWDER"", ""description"": ""PACK INFO: 100g (POUCH PACK)                 \r\nALSO AVAILABLE FOR PRIVATE LABELING, LOOSE SUPPLE, BULK ORDER & CONTRACT MANUFACTURING AS PER YOUR REQUIRMENT"", ""productImage"": ""https://erp.tpci.in/frontend/exhibitor/product-178359767199987538.jpg?7.601973421500971""}, {""productName"": ""PREMIUM COMPOUND ASAFOETIDA (HING) POWDER"", ""description"": ""PACK INFO: 50g, 100g, 200g & 500g (POUCH PACK)\r\nALSO AVAILABLE FOR PRIVATE LABELING, LOOSE SUPPLE, BULK ORDER & CONTRACT MANUFACTURING AS PER YOUR REQUIRMENT"", ""productImage"": ""https://erp.tpci.in/frontend/exhibitor/product-178359767196709373.jpg?45.781542030890975""}, {""productName"": ""HOT CURRY / RAJWADI GARAM MASALA POWDER"", ""description"": ""PACK INFO: 50g, 100g, 200g & 500g (POUCH PACK)\r\nALSO AVAILABLE FOR PRIVATE LABELING, LOOSE SUPPLE, BULK ORDER & CONTRACT MANUFACTURING AS PER YOUR REQUIRMENT"", ""productImage"": ""https://erp.tpci.in/frontend/exhibitor/product-17835976714221632.jpg?6.101792963316472""}, {""productName"": ""SHINGODA (WATER CHESTNUT) POWDER"", ""description"": ""PACK INFO: 100g & 500g (POUCH PACK)\r\nALSO AVAILABLE FOR PRIVATE LABELING, LOOSE SUPPLE, BULK ORDER & CONTRACT MANUFACTURING AS PER YOUR REQUIRMENT"", ""productImage"": ""https://erp.tpci.in/frontend/exhibitor/product-178359767198587310.jpg?93.16434179727392""}, {""productName"": ""PIZZA SPRINKLER POWDER "", ""description"": ""PACK INFO: SASHAY (POUCH PACK)\r\nALSO AVAILABLE FOR PRIVATE LABELING, LOOSE SUPPLE, BULK ORDER & CONTRACT MANUFACTURING AS PER YOUR REQUIRMENT"", ""productImage"": ""https://erp.tpci.in/frontend/exhibitor/product-178359767188402579.jpg?47.51633316978471""}, {""productName"": ""KADHI PREMIX  POWDER"", ""description"": ""PACK INFO: SASHAY (POUCH PACK)\r\nALSO AVAILABLE FOR PRIVATE LABELING, LOOSE SUPPLE, BULK ORDER & CONTRACT MANUFACTURING AS PER YOUR REQUIRMENT"", ""productImage"": ""https://erp.tpci.in/frontend/exhibitor/product-178359767187674247.jpg?58.088643530466264""}, {""productName"": ""GUJARATI KADHI PREMIX POWDER"", ""description"": ""PACK INFO: SASHAY (POUCH PACK)\r\nALSO AVAILABLE FOR PRIVATE LABELING, LOOSE SUPPLE, BULK ORDER & CONTRACT MANUFACTURING AS PER YOUR REQUIRMENT"", ""productImage"": ""https://erp.tpci.in/frontend/exhibitor/product-178359767115187212.jpg?47.894221216341684""}, {""productName"": ""INSTANT IMLY CHUTENY POWDER"", ""description"": ""PACK INFO: SASHAY (POUCH PACK)\r\nALSO AVAILABLE FOR PRIVATE LABELING, LOOSE SUPPLE, BULK ORDER & CONTRACT MANUFACTURING AS PER YOUR REQUIRMENT"", ""productImage"": ""https://erp.tpci.in/frontend/exhibitor/product-178359767175188653.jpg?65.20517856367415""}, {""productName"": ""INSTANT DABELI POWDER"", ""description"": ""PACK INFO: SASHAY (POUCH PACK)\r\nALSO AVAILABLE FOR PRIVATE LABELING, LOOSE SUPPLE, BULK ORDER & CONTRACT MANUFACTURING AS PER YOUR REQUIRMENT"", ""productImage"": ""https://erp.tpci.in/frontend/exhibitor/product-178359767110943357.jpg?82.34323224271017""}, {""productName"": ""PICKLE / AACHAR MASALA"", ""description"": ""PACK INFO: 100g, 200g & 500g (POUCH PACK)\r\nALSO AVAILABLE FOR PRIVATE LABELING, LOOSE SUPPLE, BULK ORDER & CONTRACT MANUFACTURING AS PER YOUR REQUIRMENT"", ""productImage"": ""https://erp.tpci.in/frontend/exhibitor/product-178359767188593333.jpg?16.100628595892925""}, {""productName"": ""CHICKEN CURRY MASALA"", ""description"": ""PACK INFO: 50g & 100g (BOX PACK)\r\n                     200g & 500g (JAR PACK)\r\nALSO AVAILABLE FOR PRIVATE LABELING, LOOSE SUPPLE, BULK ORDER & CONTRACT MANUFACTURING AS PER YOUR REQUIRMENT"", ""productImage"": ""https://erp.tpci.in/frontend/exhibitor/product-178359767187952425.jpg?33.473449324698606""}, {""productName"": ""MEAT MASALA"", ""description"": ""PACK INFO: 50g & 100g (BOX PACK)\r\n                     200g & 500g (JAR PACK)\r\nALSO AVAILABLE FOR PRIVATE LABELING, LOOSE SUPPLE, BULK ORDER & CONTRACT MANUFACTURING AS PER YOUR REQUIRMENT"", ""productImage"": ""https://erp.tpci.in/frontend/exhibitor/product-178359767144645970.jpg?19.065363909178753""}, {""productName"": ""LAJAWAB GARAM MASALA"", ""description"": ""PACK INFO: 50g & 100g (BOX PACK)\r\n                     200g & 500g (JAR PACK)\r\nALSO AVAILABLE FOR PRIVATE LABELING, LOOSE SUPPLE, BULK ORDER & CONTRACT MANUFACTURING AS PER YOUR REQUIRMENT"", ""productImage"": ""https://erp.tpci.in/frontend/exhibitor/product-178359767119888336.jpg?94.90647464516245""}, {""productName"": ""SAMBAR MASALA"", ""description"": ""PACK INFO: 50g & 100g (BOX PACK)\r\n                     200g & 500g (JAR PACK)\r\nALSO AVAILABLE FOR PRIVATE LABELING, LOOSE SUPPLE, BULK ORDER & CONTRACT MANUFACTURING AS PER YOUR REQUIRMENT"", ""productImage"": ""https://erp.tpci.in/frontend/exhibitor/product-178359767149930917.jpg?17.33628457164046""}, {""productName"": ""CHICKEN TANDOORI MASALA"", ""description"": ""PACK INFO: 50g & 100g (BOX PACK)\r\n                     200g & 500g (JAR PACK)\r\nALSO AVAILABLE FOR PRIVATE LABELING, LOOSE SUPPLE, BULK ORDER & CONTRACT MANUFACTURING AS PER YOUR REQUIRMENT"", ""productImage"": ""https://erp.tpci.in/frontend/exhibitor/product-178359767147611397.jpg?1.9620019960794617""}, {""productName"": ""CHICKEN TIKKA MASALA"", ""description"": ""PACK INFO: 50g & 100g (BOX PACK)\r\n                     200g & 500g (JAR PACK)\r\nALSO AVAILABLE FOR PRIVATE LABELING, LOOSE SUPPLE, BULK ORDER & CONTRACT MANUFACTURING AS PER YOUR REQUIRMENT"", ""productImage"": ""https://erp.tpci.in/frontend/exhibitor/product-178359767111318928.jpg?57.801159338840435""}, {""productName"": ""FISH FRY / CURRY MASALA"", ""description"": ""PACK INFO: SASHAY (POUCH PACK)\r\nALSO AVAILABLE FOR PRIVATE LABELING, LOOSE SUPPLE, BULK ORDER & CONTRACT MANUFACTURING AS PER YOUR REQUIRMENT"", ""productImage"": ""https://erp.tpci.in/frontend/exhibitor/product-1783597671311242.jpg?83.11979377932828""}, {""productName"": ""EGG CURRY MASALA"", ""description"": ""PACK INFO: SASHAY (POUCH PACK)\r\nALSO AVAILABLE FOR PRIVATE LABELING, LOOSE SUPPLE, BULK ORDER & CONTRACT MANUFACTURING AS PER YOUR REQUIRMENT"", ""productImage"": ""https://erp.tpci.in/frontend/exhibitor/product-178359767188235151.jpg?42.19549395348457""}, {""productName"": ""CHILLI POWDER (SPICY)"", ""description"": ""PACK INFO: 50g, 100g, 200g & 500g (POUCH PACK)\r\nALSO AVAILABLE FOR PRIVATE LABELING, LOOSE SUPPLE, BULK ORDER & CONTRACT MANUFACTURING AS PER YOUR REQUIRMENT"", ""productImage"": ""https://erp.tpci.in/frontend/exhibitor/product-178359767183301772.jpg?61.61809150280253""}, {""productName"": ""TURMERIC POWDER"", ""description"": ""PACK INFO: 50g, 100g, 200g & 500g (POUCH PACK)\r\nALSO AVAILABLE FOR PRIVATE LABELING, LOOSE SUPPLE, BULK ORDER & CONTRACT MANUFACTURING AS PER YOUR REQUIRMENT"", ""productImage"": ""https://erp.tpci.in/frontend/exhibitor/product-178359767174353983.jpg?81.50397872692345""}, {""productName"": ""CORIANDER POWDER"", ""description"": ""PACK INFO: 50g, 100g, 200g & 500g (POUCH PACK)\r\nALSO AVAILABLE FOR PRIVATE LABELING, LOOSE SUPPLE, BULK ORDER & CONTRACT MANUFACTURING AS PER YOUR REQUIRMENT"", ""productImage"": ""https://erp.tpci.in/frontend/exhibitor/product-178359767124176363.jpg?22.665622199574134""}, {""productName"": ""BIRIYANI / PILAV MASALA"", ""description"": ""PACK INFO: 50g & 100g (BOX PACK)\r\n                     200g & 500g (JAR PACK)\r\nALSO AVAILABLE FOR PRIVATE LABELING, LOOSE SUPPLE, BULK ORDER & CONTRACT MANUFACTURING AS PER YOUR REQUIRMENT"", ""productImage"": ""https://erp.tpci.in/frontend/exhibitor/product-17835976716850834.jpg?68.81617789046483""}]","{""Frozen, Ready to Eat & Ready to Cook Food"": [""Frozen, Ready to Eat & Ready to Cook Food""], ""Private Label"": [""Private Label""], ""Rice, Pulses, Grains, Spices and Commodities"": [""Rice, Pulses, Grains, Spices and Commodities""]}",D-37,2,https://www.google.com,"21, VISHESH HOUSE, DORIWALA COMPOUND, AMBER COLONY, HARINAGAR, UDHNA",SURAT,Gujarat,,394210,AABCD9910E,9004403946,http://www.facebook.com/share/1J5sG8uxdA/?mibextid=wwXIfr,http://www.linkedin.com/company/vishesh-masala/,https://www.twitter.com/,https://www.youtube.com/,http://www.instagram.com/vishesh_masala?igsh=MTBuejl3MWR3Y3U3aw==,"55,000","Distributor,exporter,importer,market Servey",DHANHAR MASALA BHANDAR PVT. LTD.,https://erp.tpci.in/images/upload/company_logo/Exhibitor-Logo-6621_6a5de741f2d8c.jpg?rand=93198,https://erp.tpci.in/uploads/ex_docs/6621/VISHESH MASALA BROUCHER (C).pdfcedbf4d19ac73b822ceb35de94627a6b_6a5dea60d5455.pdf,01,"[{""id"": ""11793"", ""description"": ""FSSAI LICENSE"", ""link"": ""https://erp.tpci.in//frontend/exhibitor/e066cd1487cfdb34857a9ab93c6021c0_6a4f84bb68d32.pdf""}]",,[]
ZjBkYmYwOTE2Mjk2NDUyZjplYTUxYmFmYjQ0YzI1MjViMTU0OTBjZTFmOGJmM2FhMTZiZWY1NGMyOnFFSVMzM1pubTY2RHQ5ZDdhMVRialE9PQ==,Divine Cooling Solutions India Pvt Ltd,Private Limited,HARSH DAVE,Manufacturer Exporter,"Engineering, Machine & Machine Tools","{""Cold Chain & Logistics Solutions"": [""Cold Chain & Logistics Solutions""]}",[],"{""Cold Chain & Logistics Solutions"": [""Cold Chain & Logistics Solutions""]}",A-11,2,https://divinecooling.com/,"703, ATLANTA TOWER, GULBAI TEKRA, AHMEDABAD, GUJARAT, INDIA 380006",AHMEDABAD,Gujarat,India,380006,AAJCD2099J,+917827751998,https://www.facebook.com/,https://www.linkedin.com/home?originalSubdomain=in,https://www.twitter.com/,https://www.youtube.com/,https://www.twitter.com/,1000,"Distributor,exporter",DIVINE COOLING SOLUTIONS INDIA PVT LTD,https://erp.tpci.in/images/upload/company_logo/Exhibitor-Logo-6755.jpeg?rand=58633,,0,[],,[]
ZWIzMzdkNTAzNTg3ZTAwOTo5NjNiOTRjOTM0NTJmZjBkZDdjOTgyMDY5NDUwMGQzYjUxNmQ0YzI1Ok9ZNDg3MHpSTkNMeDdCTlNzQ2dHU3c9PQ==,Divyansh Infomedia (food & Matrix),Private Limited,DHEERAJ DUBEY,Manufacturer Exporter,Service Sector,"{""Digital FoodTech, Traceability & AI"": [""Digital FoodTech, Traceability & AI""]}",[],"{""Digital FoodTech, Traceability & AI"": [""Digital FoodTech, Traceability & AI""]}",B-31A,2,https://www.google.com,A/202 OM NAGESHWAR APT NR MANDLI TALAO BHAYANDER WEST PIN 401101 MUMBA,MUMBAI,Maharashtra,India,401101,9869987731,+917827751998,https://www.facebook.com/,https://www.linkedin.com/home?originalSubdomain=in,https://www.twitter.com/,https://www.youtube.com/,https://www.twitter.com/,1000,"Distributor,exporter",DIVYANSH INFOMEDIA (FOOD & MATRIX),https://erp.tpci.in/images/upload/company_logo/Exhibitor-Logo-6796_6a5cc02709747.png?rand=8676,,0,[],,[]
ZDQ3YmY3MmViNWQzMmMwNzpjNzRhNzBlYzkxMTI0OTJlNTIwOGFlNThiNWE3YzhiNzY3NzA5ODY2OmdKVS9ZdUhqYnhhVGtLQU4wc3ByNHc9PQ==,Dr. Ma Essentials Llp,Partnership,DR. NEERJA ARORA,Manufacturer,Food & Agri Products,"{""Organic, Natural & Ethical Foods"": [""Organic, Natural & Ethical Foods""]}","[{""productName"": ""BeePops Honey Sticks | Box of 20 | Pure Himalayan Honey"", ""description"": ""Enjoy your daily dose of pure Himalayan honey- anytime, anywhere, with BeePops Honey Sticks. Each stick contains just the right amount of honey, making it easy to add to tea, school tiffins, or enjoy as a quick energy booster."", ""productImage"": ""https://erp.tpci.in/frontend/exhibitor/product-178453168646008351.jpg?77.56315756362225""}, {""productName"": ""BeePops Protein Bars-Chocolate (6NX30G)"", ""description"": ""A nutritious on-the-go snack made with plant-based protein, high dietary fibre, jaggery and natural honey, instead of white sugar. This gluten-free bar pairs rich chocolate taste with wholesome ingredients to give lasting energy and fuller satiety."", ""productImage"": ""https://erp.tpci.in/frontend/exhibitor/product-178453168676603058.jpg?90.56183760106735""}, {""productName"": ""BeePops Assorted Millet Protein Bars – 6 Bar Family Pack (5 Variants|30g Per Bar)"", ""description"": ""Wholesome nutrition for the entire family. BeePops Millet Protein Bars are made with natural superfoods to deliver clean energy, high protein, and great taste without processed sugars, or artificial flavours. This Assorted pack has 1 bar each of Vanilla, Dates & No Seeds, Pumpkin Seeds, Ashwagandha "", ""productImage"": ""https://erp.tpci.in/frontend/exhibitor/product-17845316869000845.jpg?20.119718387834464""}, {""productName"": ""BeePops Millet Protein Bars- Vanilla (6NX30)"", ""description"": ""A wholesome snack bar made from the goodness of millets, wheat, jaggery, peanuts, and honey.Power-packed with Natural Energy. No Refined Sugar – Sweetened with Jaggery & Honey. Crunchy Peanuts & Soft Millet Base. Ideal for Kids, Adults & On the Go."", ""productImage"": ""https://erp.tpci.in/frontend/exhibitor/product-178453168651682120.jpg?28.913082209334785""}, {""productName"": ""BeePops Millet Protein Bars-Ashwagandha (6NX30G)"", ""description"": ""Combining the power of Ayurvedic herbs & modern nutrition, this bar is rich in dietary fiber; and sweetened naturally with honey and jaggery. Each bite delivers sustained energy, improved digestion, and the calming benefits of traditional herbs."", ""productImage"": ""https://erp.tpci.in/frontend/exhibitor/product-178453168680484972.jpg?84.20625895653502""}, {""productName"": ""BeePops Protein Bars-Dates & No Nuts (6NX30G)"", ""description"": ""A healthy snack bar made primarily with millets and dates a ready-to-eat “millet protein bar” with no nuts, intended as a wholesome, on-the-go snack."", ""productImage"": ""https://erp.tpci.in/frontend/exhibitor/product-178453168697672306.jpg?34.29205122803529""}, {""productName"": ""BeePops Protein Bars- Pumpkin Seeds-Honey (6NX30G)"", ""description"": ""BeePops Pumpkin Seeds Protein Bars make a premium high-protein snack with pumpkin seeds. Each 30g bar is made using natural ingredients, has no white sugar, and contains high fibre."", ""productImage"": ""https://erp.tpci.in/frontend/exhibitor/product-178453168638653552.jpg?18.841482343935855""}, {""productName"": ""BeePops Himalayan Honey 500 G"", ""description"": ""BeePops Pure Himalayan Honey is naturally sourced, unprocessed, and packed with the goodness of antioxidants and nutrients. Ideal for daily wellness, sweetening beverages, or drizzling on your favorite foods. Experience the Purity of Uttarakhand s Natural Honey."", ""productImage"": ""https://erp.tpci.in/frontend/exhibitor/product-178453168681385046.jpg?91.33126110893791""}, {""productName"": ""BeePops Himalayan Honey 250 G"", ""description"": ""BeePops Pure Himalayan Honey is naturally sourced, unprocessed, and packed with the goodness of antioxidants and nutrients. Ideal for daily wellness, sweetening beverages, or drizzling on your favorite foods. Experience the Purity of Uttarakhand s Natural Honey."", ""productImage"": ""https://erp.tpci.in/frontend/exhibitor/product-178453168630693572.jpg?0.1318615862465106""}]","{""Organic, Natural & Ethical Foods"": [""Organic, Natural & Ethical Foods""]}",D-13,2,www.beepops.in,"507, ROYAL ENSIGN, A-6 PRITHVIRAJ ROAD",JAIPUR,Rajasthan,,302001,AAYFD0580C,9314508284,http://www.facebook.com/share/1ChfEsfU5r/,http://www.linkedin.com/in/drneerjaarora,https://www.twitter.com/,http://www.youtube.com/@beepopsofficial,http://www.instagram.com/@officialbeepops,1000,"Distributor,exporter,importer,jv",DR. MA ESSENTIALS LLP,https://erp.tpci.in/images/upload/company_logo/Exhibitor-Logo-6653_6a5b4cc15b45e.jpeg?rand=17612,https://erp.tpci.in/uploads/ex_docs/6653/Beepops Product Catalog 7 Page 18th July 1026 compressed.pdfc6ce8db4f5212ef9276cd3e0c18b36c7_6a5b5a0e7c279.pdf,03,"[{""id"": ""11940"", ""description"": ""FSSAI"", ""link"": ""https://erp.tpci.in//frontend/exhibitor/49831eec9966e312e874f0147b9205df_6a5b52cdcf786.pdf""}, {""id"": ""11941"", ""description"": ""gst"", ""link"": ""https://erp.tpci.in//frontend/exhibitor/aa05df04bef3f0afc7496bd11327ae70_6a5b52f15c1b4.pdf""}, {""id"": ""11942"", ""description"": ""udyam"", ""link"": ""https://erp.tpci.in//frontend/exhibitor/288bfcde8c9b4cc95a9d953cfde10bd3_6a5b530ed29fb.pdf""}]",,"[{""type"": ""youtube"", ""video_url"": ""https://youtu.be/e7DP6jDrxUE?si=SPBXYbLzD0ylC4qZ"", ""title"": ""FROM BITS TO BEEPOPS- Building Beepops: Startups, Farming & Life Lessons with Prof. Naval Arora"", ""description"": ""What happens when a chemical engineer from BITS Pilani chooses honeybees, nutrition, and farming to build a purpose-driven startup?\n\nIn this insightful conversation, RJ Ravindra from Box FM Radio sits down with Prof. Naval Arora, co-founder of Beepops, to explore his remarkable journey—from studying at BITS Pilani to building Beepops, a brand focused on clean nutrition through honey and protein bars.\n\nIn this episode, Prof. Arora shares:\n0.00 Intro \n0.20 ? How honeybees inspired his entrepreneurial journey\n0.36 ? The deeper life lessons we can learn from bees\n2.13 ? Why Beepops created millet-based protein bars for Anganwadi children\n3.28 ? The science and philosophy behind Beepops’ protein bar variants\n4.34 ?️ Why Beepops consciously chose not to target gym-goers\n6.36 ? Entrepreneurship lessons from his time at BITS Pilani\n6.27 ? His haldi farming journey in Devprayag, deep in the Himalayas\n7.57 ? What’s next for Beepops\n8.32 ✨ Powerful life lessons for young people: dream big, stay curious, and don’t set boundaries on what’s possible\n\nThis is more than a startup story—it’s a conversation about purpose, health, sustainability, and building a meaningful life.\n\nIf you’re interested in startups, nutrition, farming, or entrepreneurship, this episode is for you.""}]"
YjVlYWJmYjU3N2ExNGQ1ZjpkMDcwOWZjNjY1N2I3MGE0ZjdiNjU0N2IxNjllMDQxMmYxZDVjYTQ5OndnT3JiQ1hDMTR6NUhhS0JCUEMyOWc9PQ==,Durrant Packagers Ind. Pvt. Ltd.,Private Limited,BHUPENDRA JOSHI,Manufacturer,Printing & Packaging Products & Machinery,"{""Packaging Material"": [""Packaging Material""], ""Private Label"": [""Private Label""]}",[],"{""Packaging Material"": [""Packaging Material""], ""Private Label"": [""Private Label""]}",B-12,2,https://www.durrant.co.in/,"104-C, SEC-B, INDUTRIAL AREA, SANWER ROAD",INDORE,Madhya Pradesh,,452015,AAACD7024J,+917827751998,https://www.facebook.com/,https://www.linkedin.com/home?originalSubdomain=in,https://www.twitter.com/,https://www.youtube.com/,https://www.twitter.com/,1000,"Distributor,exporter",DURRANT PACKAGERS IND. PVT. LTD.,https://erp.tpci.in/images/upload/company_logo/Exhibitor-Logo-6655_6a4cc98fe20eb.jpeg?rand=79560,,0,[],,[]
NTI3NmU2MmJhYTkyMWRiMDo3OTk1YTRmNWVkNWQxYTY5Nzk0ZjMzN2Y2ZDBhZjdmM2I0YjNiYjY4Om9FWTh3bStDS2txY094d1R4bi9Mcmc9PQ==,Earthroot Spices And Herbs Llp,Partnership,MOHAMMADALI MAKNOJIYA,Manufacturer Exporter,Food & Agri Products,"{""Food Ingredients"": [""Food Ingredients""], ""Ingredients, Additives & Raw Material"": [""Ingredients, Additives & Raw Material""], ""Private Label"": [""Private Label""], ""Rice, Pulses, Grains, Spices and Commodities"": [""Rice, Pulses, Grains, Spices and Commodities""]}",[],"{""Food Ingredients"": [""Food Ingredients""], ""Ingredients, Additives & Raw Material"": [""Ingredients, Additives & Raw Material""], ""Private Label"": [""Private Label""], ""Rice, Pulses, Grains, Spices and Commodities"": [""Rice, Pulses, Grains, Spices and Commodities""]}",E-32,2,https://www.earthroot.in,"EARTHROOT SPICES AND HERBS LLP, PLOT NO. 105,GIDC,SIDHPUR,DIST.:PATAN",SIDHPUR,Gujarat,,384151,AAHFE0900G,+917827751998,https://www.facebook.com/,http://www.linkedin.com/earthroot,https://www.twitter.com/,https://www.youtube.com/,http://www.instagram.com/earthroot,1000,"Distributor,exporter,importer","EARTH ROOT SPICES AND HERBS IS A CULTIVATOR, MANUFACTURER AND EXPORTER OF ORGANIC AND CONVENTIONAL SPICES, HERBS, OIL SEEDS, GRAIN SEEDS, PSYLLIUM AND ITS RELATED PRODUCTS. THIS NOBLE INITIATIVE BASED IN SIDHPUR, GUJARAT, HAS BEEN TOILING RIGOROUSLY FOR THE LAST 23 YEARS TO SPREAD THE EXOTIC AND FRAGRANT INDIAN SPICES AND HERBS ALL AROUND THE WORLD.",https://erp.tpci.in/images/upload/company_logo/Exhibitor-Logo-6563_6a54c31745641.png?rand=76669,https://erp.tpci.in/uploads/ex_docs/6563/New Earthroot Introduction.pdfd65f8ee8ce514fbf61ebf22e04be30c2_6a54c5dd120ab.pdf,05,"[{""id"": ""11847"", ""description"": ""FSSAI"", ""link"": ""https://erp.tpci.in//frontend/exhibitor/ebd890280c357135d887e48d90f2793d_6a54c4036e60a.pdf""}, {""id"": ""11848"", ""description"": ""USFDA"", ""link"": ""https://erp.tpci.in//frontend/exhibitor/b998b30bf8982d5b6319ee30d871208e_6a54c42b94a39.pdf""}, {""id"": ""11849"", ""description"": ""KOSHER"", ""link"": ""https://erp.tpci.in//frontend/exhibitor/a9176f6fedb3abc737ef1070fcfc0b83_6a54c45c8f90c.pdf""}, {""id"": ""11850"", ""description"": ""BRCGS"", ""link"": ""https://erp.tpci.in//frontend/exhibitor/21989667be7a536c9433da2ca1699f51_6a54c48226894.pdf""}, {""id"": ""11851"", ""description"": ""HALAL"", ""link"": ""https://erp.tpci.in//frontend/exhibitor/4c271cc7934bd22c62079f241031607a_6a54c5583ad36.pdf""}]",,[]
MmZjOGRlOGEyYWUxYmIyMTpiMTEzMzE0MjU0MThmN2JlM2RiYTMxYWI4NzQ4NjIwNjM1YWQ4Zjk0OnhMc2hRc2w1elc3QzEyd2l0c0JyMFE9PQ==,Eazy Erp Technologies Pvt. Ltd.,Private Limited,SAPNA,Consultant,Food & Agri Products,"{""Digital FoodTech, Traceability & AI"": [""Digital FoodTech, Traceability & AI""]}","[{""productName"": ""Eazy ERP"", ""description"": ""Eazy ERP is an enterprise resource planning solution for optimizing, streamlining, and managing daily operations procedures of the business. It efficiently handles inventory, procurement, sales, purchase, etc. Eazy ERP is extremely easy to use and comes pre-integrated with Tally and BUSY."", ""productImage"": ""https://erp.tpci.in/frontend/exhibitor/product-178410306825949677.jpg?80.46438356904721""}, {""productName"": ""Eazy DMS"", ""description"": ""Fusion Eazy DMS is a distributor management solution for capturing, storing and managing secondary sales data. By integrating with the distributor’s Tally/BUSY system, it provides complete visibility into secondary sales operations."", ""productImage"": ""https://erp.tpci.in/frontend/exhibitor/product-178410306812243297.jpg?77.89207592410229""}, {""productName"": ""Recibo-(SFA)"", ""description"": ""A powerful Sales Force Automation (SFA) solution designed to track and optimize sales staff performance at every level through an intuitive mobile app. Equipped with advanced features for B2B trading, distribution management, mobile CRM, order management, retail execution, invoicing, and more."", ""productImage"": ""https://erp.tpci.in/frontend/exhibitor/product-178410306830301369.jpg?48.0672319867343""}, {""productName"": ""Retail Eazy"", ""description"": ""The Retail Eazy app simplifies order management procedures. It also provides real-time visibility into schemes, tracks orders, and simplifies purchase validations. It also offers advanced loyalty management and handles distributor KYC details."", ""productImage"": ""https://erp.tpci.in/frontend/exhibitor/product-17841030687355743.jpg?6.65993523472914""}, {""productName"": ""Eazy Pay"", ""description"": ""Eazy Pay simplifies payroll management, helping HR and finance teams process salaries, reimbursements, and loans accurately and on time. It also streamlines employee data, leave tracking, and training records for better workforce management."", ""productImage"": ""https://erp.tpci.in/frontend/exhibitor/product-178410306834912970.jpg?89.0979832868073""}, {""productName"": ""Eazy CRM "", ""description"": ""Eazy CRM is a customer relationship management software designed to streamline and optimize both pre-sales and post-sales activities. It helps businesses with managing customers and lead data, generating sales pipeline reports, and improving decision making with the accurate customer journey data."", ""productImage"": ""https://erp.tpci.in/frontend/exhibitor/product-178410306896252132.jpg?25.510113803213567""}, {""productName"": ""Eazy Asset"", ""description"": ""Eazy Asset is an asset management solution to track and manage the entire lifecycle of the fixed assets within an organization. It makes it easier to track the location, condition, quantity, maintenance, and depreciation status of all the fixed assets."", ""productImage"": ""https://erp.tpci.in/frontend/exhibitor/product-178410306821735325.jpg?60.256622229010446""}]","{""Digital FoodTech, Traceability & AI"": [""Digital FoodTech, Traceability & AI""]}",D-26,2,https://www.google.com,"201 (A, B,D, E, F), 2ND FL0OR, VIPUL AGORA MALL, MG ROAD",GURGAON,Haryana,India,122002,AALCS3172P,+917827751998,https://www.facebook.com/,https://www.linkedin.com/home?originalSubdomain=in,https://www.twitter.com/,https://www.youtube.com/,https://www.twitter.com/,1000,"Distributor,importer",EAZY ERP TECHNOLOGIES PVT. LTD.,https://erp.tpci.in/images/upload/company_logo/Exhibitor-Logo-6672_6a59fddfe9cfa.png?rand=85390,https://erp.tpci.in/uploads/ex_docs/6672/All in one- Indian flyer.pdf58a2d4b9bb4f17c0b3f5ea077b8c5275_6a57420f47d69.pdf,02,"[{""id"": ""11950"", ""description"": ""GST Certificate"", ""link"": ""https://erp.tpci.in//frontend/exhibitor/b65d10dd67f3cb5663d0b2ee5a191b05_6a5dd2817a20e.pdf""}, {""id"": ""11951"", ""description"": ""MSME Certificate"", ""link"": ""https://erp.tpci.in//frontend/exhibitor/40b55f7812b4b9eddffc6f00b8bc1f0d_6a5dd295cdada.pdf""}]",,[]
MmMzOTJkN2M4NTU4ZjcwMTo0OTBjYjM2YTY3NzJlNzM5MDBiYTNhMzhlZmRlYzAyMmJhMzhhNzNjOmkvMDA1UFJXc1ZSaDJpSW1hbWd0Z0E9PQ==,Ejag Foods Private Limited,Private Limited,ANUJ GUPTA,Manufacturer,Food & Agri Products,"{""Frozen, Ready to Eat & Ready to Cook Food"": [""Frozen, Ready to Eat & Ready to Cook Food""], ""Snacks & On the Go Foods"": [""Snacks & On the Go Foods""]}","[{""productName"": ""Nools Masala Kehvu Pade Bada Pack"", ""description"": ""Local Gujarati flavored instant noodles"", ""productImage"": ""https://erp.tpci.in/frontend/exhibitor/product-178419900793014054.jpg?51.293718303827305""}, {""productName"": ""Nools Teekha Misal Instant Noodles"", ""description"": ""Misal flavored spicy instant noodles"", ""productImage"": ""https://erp.tpci.in/frontend/exhibitor/product-178419900737421086.jpg?50.74254800634696""}]","{""Frozen, Ready to Eat & Ready to Cook Food"": [""Frozen, Ready to Eat & Ready to Cook Food""], ""Snacks & On the Go Foods"": [""Snacks & On the Go Foods""]}",C-07,2,https://nools.com/,1201 SOLITAIRE CONNECT NEAR BMW MOTORS. AHMEDABAD,AHMEDABAD,Gujarat,India,380054,AAICE7684B,+917827751998,https://www.facebook.com/,https://www.linkedin.com/home?originalSubdomain=in,https://www.twitter.com/,https://www.youtube.com/,https://www.twitter.com/,,"Distributor,exporter","NOOLS IS NOT JUST ANOTHER NOODLE BRAND.
WE ARE BUILDING A NEW KIND OF NOODLE CULTURE FOR INDIA’S NEXT GENERATION OF CONSUMERS.
AT NOOLS, WE ARE REIMAGINING NOODLES FOR GROWN-UP PALATES — BOLD, REGIONAL FLAVORS WITH REAL DEPTH. OUR PRODUCTS ARE INSPIRED BY LOCAL TASTES BUT DESIGNED WITH A REBELLIOUS SPIRIT, CREATING SOMETHING VERY DIFFERENT FROM THE BASIC OPTIONS CURRENTLY IN THE MARKET.",https://erp.tpci.in/images/upload/company_logo/Exhibitor-Logo-6579_6a574d6a2b3cd.jpg?rand=2088,https://erp.tpci.in/uploads/ex_docs/6579/Retail Brochure (A4) 23-06-2026_compressed.pdf9951586dbae5de543f5349b16d8c61a4_6a58b61ad427e.pdf,01,"[{""id"": ""11913"", ""description"": ""GST Certificate"", ""link"": ""https://erp.tpci.in//frontend/exhibitor/cc6ece452c58ace73423f71d9f85d940_6a58b3f577f7d.pdf""}]",,"[{""type"": ""youtube"", ""video_url"": ""https://www.youtube.com/watch?v=t1pnlfcuYBg"", ""title"": ""Partnership Wanted for NOOLS""}]"
ZTY3N2NhMDBmNWVkNzljOTo5YzQ1MzhkZjg5MDBjODViYWYyYTg4MWNmY2I1MTc2OGVlNWIwZTg0OndMMHl0dVg3ZHhkTzVjME1sRkxXZUE9PQ==,Ekta Traders,Proprietor,MR. NILESH HARCHANDANI,Manufacturer,Food & Agri Products,"{""Food Ingredients"": [""Food Ingredients""], ""Sweets & Confectionery"": [""Sweets & Confectionery""]}","[{""productName"": ""150gm Roasted Masala Peanuts "", ""description"": ""Traditional clay-roasted peanuts with a seasoning of traditional spices\r\n\r\n• No synthetic colours or artificial flavours\r\n• No artificial preservatives\r\n• No palm oil\r\n• No onion, no garlic\r\n• One serving of peanuts contains 6grams of protein and is rich in heart-healthy nutrients\r\n• Cholestrol and gluten "", ""productImage"": ""https://erp.tpci.in/frontend/exhibitor/product-178437393928465222.jpg?64.19088976848022""}, {""productName"": "" 200gm Roastman Masala Chana"", ""description"": ""Traditional clay-roasted Chana with a seasoning of traditional spices\r\n\r\n• No synthetic colours or artificial flavours\r\n• No artificial preservatives\r\n• No palm oil\r\n• No onion, no garlic\r\n• One serving of Chama contains 8grams of protein and is rich in heart-healthy nutrients\r\n• Cholestrol and gluten free"", ""productImage"": ""https://erp.tpci.in/frontend/exhibitor/product-178437393938961686.jpg?89.9579146783407""}, {""productName"": ""200gm & 500gm Double Hathi Chana"", ""description"": ""Traditional clay-roasted chickpeas seasoned with natural turmeric \r\n\r\n• Whole chickpeas with skin\r\n• No synthetic colours or artificial flavours\r\n• No artificial preservatives\r\n• No palm oil\r\n• No onion, no garlic\r\n• One serving containss 6grams of protein, 3grams of dietary fibre and 2mg iron\r\n• Cholestrol"", ""productImage"": ""https://erp.tpci.in/frontend/exhibitor/product-178437393951004018.jpg?57.216907159627326""}, {""productName"": ""200gm & 500gm Pronut Chikki"", ""description"": ""200g  Pronut Paenut Crunch Chikki\r\n200gm Pronut Peanut Butter\r\n200gm Pronut Mawa Malai                                                                     500g  Pronut Paenut Crunch Chikki\r\n500gm Pronut Peanut Butter\r\n500gm Pronut Mawa Malai"", ""productImage"": ""https://erp.tpci.in/frontend/exhibitor/product-178437393918921001.jpg?16.210794836479046""}, {""productName"": ""200gm  Pronut Chikki"", ""description"": ""200gm Pronut Dry Fruit Chikki\r\n200gm Pronut Gajak Chikki\r\n200gm Pronut Kaju Roal Chikki\r\n200gm Pronut Khajoor Roll Chikki                                                       "", ""productImage"": ""https://erp.tpci.in/frontend/exhibitor/product-178437393990472226.jpg?9.403255776877753""}, {""productName"": ""? 5 Pronut  Chikki"", ""description"": ""? 5 Pronut - Crunchy Peanut Chikki\r\n? 5 Pronut - Peanut Butter Chikki\r\n? 5 Pronut - Crush Coconut\r\n? 5 Pronut - Magic Chikki\r\n? 5 Pronut - Rajgira Panut\r\n? 5 Pronut - Till Chikki"", ""productImage"": ""https://erp.tpci.in/frontend/exhibitor/product-178437393994387561.jpg?98.38389744831612""}]","{""Food Ingredients"": [""Food Ingredients""], ""Sweets & Confectionery"": [""Sweets & Confectionery""]}",D-31,2,www.ektafoods.com,"SURVEY NO 184/3, PLOT NO 7 TO 13, VAVDI BUZARG, DHOLAKUVA",GODHRA,Gujarat,India,389001,ABVPH4413N,+917827751998,https://www.facebook.com/,https://www.linkedin.com/home?originalSubdomain=in,https://www.twitter.com/,https://www.youtube.com/,https://www.twitter.com/,1000,"Distributor,exporter",EKTA TRADERS,https://erp.tpci.in/images/upload/company_logo/Exhibitor-Logo-6772_6a5b5523639be.jpeg?rand=2566,https://erp.tpci.in/uploads/ex_docs/6772/PRODUCT CATALOGUE (1).pdf34b0e0e21f65fa8dae10bb2b4e48d14a_6a5b474c8984b.pdf,03,"[{""id"": ""11937"", ""description"": ""GST CERTIFICATE"", ""link"": ""https://erp.tpci.in//frontend/exhibitor/04c7aa2dc841c957d24001c59274e018_6a5b49d7b0785.pdf""}, {""id"": ""11938"", ""description"": ""FSSAI"", ""link"": ""https://erp.tpci.in//frontend/exhibitor/04c7aa2dc841c957d24001c59274e018_6a5b49d7badeb.pdf""}, {""id"": ""11939"", ""description"": ""Importer-Exporter Code"", ""link"": ""https://erp.tpci.in//frontend/exhibitor/7c74b78ba9db69e31c702e59af5dca84_6a5b49f6dc16c.pdf""}]",,[]
MmVhZjJhOGQzZTNkNjIxZTozZjYwNTEwOGRmMTM5YmZhNDFjN2Y0MzRkMDUzODhjM2Y4MDQ1MTkwOkdmSGxwSE9wMnBWWUdSL2VIM0lWNXc9PQ==,Erocare Retails Private Limited,Private Limited,SHIVANGI,Manufacturer Exporter,Food & Agri Products,"{""Dry Fruits & Nuts"": [""Dry Fruits & Nuts""]}",[],"{""Dry Fruits & Nuts"": [""Dry Fruits & Nuts""]}",A-23A,2,https://www.google.com,"204,SNS PLATINA,NEAR RELIANCE MEGA MART,VESU,SURAT",SURAT,Gujarat,India,395007,ASDFGHJKL1,+917827751998,https://www.facebook.com/,https://www.linkedin.com/home?originalSubdomain=in,https://www.twitter.com/,https://www.youtube.com/,https://www.twitter.com/,1000,"Distributor,exporter",EROCARE RETAILS PRIVATE LIMITED,https://erp.tpci.in/images/upload/company_logo/Exhibitor-Logo-6735_6a5f753a7cdb5.jpeg?rand=62479,,0,[],,[]
MzMyY2FiNWNkNThmMmRjNDpiMDc5ZGY2NGZlNGZiYWU2N2ViZmY4YTE2ZTgyYzc4MzNiYzlkZjhmOmo2cTEwWlU4Q3ZtNGtpM2Y5U3UxYXc9PQ==,Eureka Analytical Services Pvt Ltd,Private Limited,ANAND,Service Provider,Test,"{""Quality Control, Testing & Compliance"": [""Quality Control, Testing & Compliance""]}","[{""productName"": ""Testing, inspection and auditing services"", ""description"": ""Eureka Analytical Services (Eureka) is a provider of leading testing, inspection and auditing services for food, agricultural commodities, feed, nutraceuticals, pharmaceuticals and the environment, with labs in Bangalore, Kundli-Delhi, Unjha, Gujarat, Guntur-Andhra Pradesh, Bramer, Kerala, Kolkata, "", ""productImage"": ""https://erp.tpci.in/frontend/exhibitor/product-178366628143605744.jpg?57.04288283087582""}]","{""Quality Control, Testing & Compliance"": [""Quality Control, Testing & Compliance""]}",D-33A,2,https://eurekaserv.com/,"1410, SHILP EPITOME, B/H RAJPATH CLUB, BODAKDEV",AHMEDABAD,Gujarat,India,380054,AAFCE6293D,7795833308,https://www.facebook.com/,http://www.linkedin.com/company/eurekaserv/,https://www.twitter.com/,https://www.youtube.com/,http://www.instagram.com/eureka_serv?igsh=MWpuaXF6aWJkYXQxaA==,1000,"Exporter,importer",EUREKA ANALYTICAL SERVICES PVT LTD,https://erp.tpci.in/images/upload/company_logo/Exhibitor-Logo-6715_6a5096a51b546.png?rand=22739,https://erp.tpci.in/uploads/ex_docs/6715/TF (General)_compressed.pdfd519f658ae3075bffb73b0dbab4e859e_6a509919914f1.pdf,02,"[{""id"": ""11809"", ""description"": ""Eureka _ UNjha Nabl Certificate"", ""link"": ""https://erp.tpci.in//frontend/exhibitor/a0d4986694cc9528d95709115a15cf9d_6a5098559b4d5.pdf""}, {""id"": ""11810"", ""description"": ""Eureka_BLr Nabl Ceritficate"", ""link"": ""https://erp.tpci.in//frontend/exhibitor/4ed564dbce07be460eacc63503089184_6a50986b58ad0.pdf""}]",,[]
OGU4OGRiNGYwYmI1YjExYTozMjg2MDNjYWRkYTNlM2FjZmYxNTc1NThhNDRlZjAwNTU5MjVmOGQ1Oll6Q081TXQ1NUcrVzJ1MEVoU1VQV3c9PQ==,Farmton Foods Private Limited,Private Limited,DEBASHIS MISHRA,Manufacturer,Food & Agri Products,"{""Frozen, Ready to Eat & Ready to Cook Food"": [""Frozen, Ready to Eat & Ready to Cook Food""]}",[],"{""Frozen, Ready to Eat & Ready to Cook Food"": [""Frozen, Ready to Eat & Ready to Cook Food""]}",A-54,2,https://farmtonfoods.com/,"OFIICE NO. A€31, A€32, AND A€33, MONEY PLANT HIGH STREET, NEAR BSNL OF,I@, JAGAHUR ROAD, SG HIGHMY, GOTA",AHMEDABAD,Gujarat,India,382470,AAFCF5920L,+917827751998,https://www.facebook.com/,https://www.linkedin.com/home?originalSubdomain=in,https://www.twitter.com/,https://www.youtube.com/,https://www.twitter.com/,1000,"Distributor,importer,jv",FARMTON FOODS PRIVATE LIMITED,https://erp.tpci.in/images/upload/company_logo/Exhibitor-Logo-6625.jpeg?rand=92026,https://erp.tpci.in/uploads/ex_docs/6625/Farmton Foods_ Brochure_Final-02.06.26.pdfa27244d93c97be852638517b114f0400_6a5d1c701059c.pdf,0,[],,[]
YTM3MmNhZjAyMjMzMWY5YTpmN2VmODBlZTMyZGFiZWJiMDAxNTI1YTAyYzcyNWExYmE5MjJmNzU2OklTaGNyV3ZySGxkWmlCVE91Um9FU0E9PQ==,Federation Of Indian Spices Stakeholders (fiss),Private Limited,GANESHAN,Service Provider,Service Sector,"{""Service, Associations & Trade Support"": [""Service, Associations & Trade Support""]}",[],"{""Service, Associations & Trade Support"": [""Service, Associations & Trade Support""]}",E-10,2,https://www.fissh.org/,"SF-210, Shoolin Square, Vishnagar Road, Unjha, North Gujarat",UNJHA,Gujarat,,384170,9632587410,+917827751998,https://www.facebook.com/,https://www.linkedin.com/home?originalSubdomain=in,https://www.twitter.com/,https://www.youtube.com/,https://www.twitter.com/,,Exporter,FEDERATION OF INDIAN SPICES STAKEHOLDERS (FISS),https://erp.tpci.in/images/upload/company_logo/Exhibitor-Logo-6795_6a5b68b200bea.png?rand=82954,,0,[],,[]
NDhiODdlMjNjYTE1MDQyZjo4NjIwYzdmZTdkYzVkMzYyZWI1Y2E1NmFiOTI2YmNlN2NjZmRhODRlOmhiVXJaV0JGeFh6RG5kc3lwUEJ2UWc9PQ==,Fillpack Technology Pvt Ltd,Private Limited,PRATIKSHA DHURANDHAR,Manufacturer Exporter,Printing & Packaging Products & Machinery,"{""Beverage & Hot Drinks"": [""Beverage & Hot Drinks""], ""Dairy"": [""Dairy""], ""Private Label"": [""Private Label""], ""Service, Associations & Trade Support"": [""Service, Associations & Trade Support""]}",[],"{""Beverage & Hot Drinks"": [""Beverage & Hot Drinks""], ""Dairy"": [""Dairy""], ""Private Label"": [""Private Label""], ""Service, Associations & Trade Support"": [""Service, Associations & Trade Support""]}",D-18,2,https://www.fillpacktechnology.com/,"PLOT NO. D 26/6, ANAND NAGAR, ADDITIONAL MIDC, AMBERNATH (E) 421 506, MUMBAI, MAHARASHTRA, INDIA",THANE,Maharashtra,India,421506,AAGCF2914B,+917827751998,https://www.facebook.com/,https://www.linkedin.com/home?originalSubdomain=in,https://www.twitter.com/,https://www.youtube.com/,https://www.twitter.com/,1000,"Distributor,exporter",FILLPACK TECHNOLOGY PVT LTD,https://erp.tpci.in/images/upload/company_logo/Exhibitor-Logo-6769_6a5b556d672dd.png?rand=86402,,0,[],,[]
NWNkYjQ5ZmMyYmQxNzliZTphZGMwMGM1ZGEzNWE2ODYyY2ZkNGIwMDI2ZjQ1ZWIxYjg4NzVlNDVhOmpFa21EbE9yRVNhR1BQOGM5Um1FSEE9PQ==,Fishfa Agri World Limited,Public Limited,MALAY BAVARIA,Manufacturer Exporter,Food & Agri Products,"{""Fats & Oils"": [""Fats & Oils""], ""Food Ingredients"": [""Food Ingredients""], ""Rice, Pulses, Grains, Spices and Commodities"": [""Rice, Pulses, Grains, Spices and Commodities""]}","[{""productName"": ""Bold Peanut Kernel "", ""description"": ""Peanuts of the bold variety have a reddish-brown skin and an oblong shape. Bold-type peanut kernels are thicker and larger than other varieties of peanut kernels. These nuts are superfoods when it comes to their health benefits. They are also good sources of energy and help to increase the metabolic"", ""productImage"": ""https://erp.tpci.in/frontend/exhibitor/product-178472544959692675.jpg?34.79919204004034""}]","{""Fats & Oils"": [""Fats & Oils""], ""Food Ingredients"": [""Food Ingredients""], ""Rice, Pulses, Grains, Spices and Commodities"": [""Rice, Pulses, Grains, Spices and Commodities""]}",F-28,2,https://fishfaagri.com/,"KUVADVA WANKANER HIGHWAY, AT SURYA RAMPARA, POST SANOSARA",RAJKOT,Gujarat,India,360003,AACCF1776D,7043407005,https://www.facebook.com/,https://www.linkedin.com/home?originalSubdomain=in,https://www.twitter.com/,http://www.youtube.com//@Peanutji,https://www.twitter.com/,100,"Distributor,exporter",FISHFA AGRI WORLD LIMITED,https://erp.tpci.in/images/upload/company_logo/Exhibitor-Logo-6760.png?rand=58442,https://erp.tpci.in/uploads/ex_docs/6760/Fishfa Agril World Ltd-new_compressed.pdf84e22b047fbbbe661cf720e59905bc0b_6a60bdcecf289.pdf,0,[],,[]
MDM3ODc3MzhlYTExODc5NzoxOGQ4N2I4ZTg1YzQ1MTFiYWZjMzJkYjIzMmZiYzhkMTg1MmM3MmNjOkl4dnhzYWMzZnRxZ3AzZy9FYWxabEE9PQ==,Foodoko World Private Limited,Private Limited,RAHUL SAVLANI,Manufacturer Exporter,Food & Agri Products,"{""Beverage & Hot Drinks"": [""Beverage & Hot Drinks""], ""Food Ingredients"": [""Food Ingredients""], ""Grocery, Staple & Dry Foods"": [""Grocery, Staple & Dry Foods""], ""Indian Ethnic Food"": [""Indian Ethnic Food""], ""Private Label"": [""Private Label""], ""Rice, Pulses, Grains, Spices and Commodities"": [""Rice, Pulses, Grains, Spices and Commodities""], ""Snacks & On the Go Foods"": [""Snacks & On the Go Foods""]}","[{""productName"": ""Turmeric Powder"", ""description"": ""100gm,200gm,500gm,1kg upto 5kg & 20kg Bulk packing"", ""productImage"": ""https://erp.tpci.in/frontend/exhibitor/product-178461255069465103.jpg?52.42998874972573""}, {""productName"": ""Coriander Powder"", ""description"": ""100gm,200gm,500gm,1kg upto 5kg & 20kg Bulk packing"", ""productImage"": ""https://erp.tpci.in/frontend/exhibitor/product-178461255053579054.jpg?19.668604358722085""}, {""productName"": ""Kashmiri Chilli Powder"", ""description"": ""100gm,200gm,500gm,1kg upto 5kg & 20kg Bulk packing"", ""productImage"": ""https://erp.tpci.in/frontend/exhibitor/product-178461255052415916.jpg?41.05305861779773""}, {""productName"": ""Chilli Powder (Mild, Hot & Ext Hot)"", ""description"": ""100gm,200gm,500gm,1kg upto 5kg & 20kg Bulk packing"", ""productImage"": ""https://erp.tpci.in/frontend/exhibitor/product-178461255065889862.jpg?46.25948308618691""}]","{""Beverage & Hot Drinks"": [""Beverage & Hot Drinks""], ""Food Ingredients"": [""Food Ingredients""], ""Grocery, Staple & Dry Foods"": [""Grocery, Staple & Dry Foods""], ""Indian Ethnic Food"": [""Indian Ethnic Food""], ""Private Label"": [""Private Label""], ""Rice, Pulses, Grains, Spices and Commodities"": [""Rice, Pulses, Grains, Spices and Commodities""], ""Snacks & On the Go Foods"": [""Snacks & On the Go Foods""]}",F-03,2,https://www.foodoko.in/,"PLOT NO 159,160,160/A ,SHIV SHAKTI INDU. EST,B/H R.K. TRIPATHI SCHOOL ,AHMEDABAD",AHMEDABAD,Gujarat,,382340,AAGCF2019M,+917827751998,https://www.facebook.com/,https://www.linkedin.com/home?originalSubdomain=in,https://www.twitter.com/,https://www.youtube.com/,https://www.twitter.com/,1000,"Distributor,exporter,importer",FOODOKO PRODUCTS PRIVATE LIMITED,https://erp.tpci.in/images/upload/company_logo/Exhibitor-Logo-6700_6a5f051819cf7.png?rand=31281,https://erp.tpci.in/uploads/ex_docs/6700/Foodoko Corporate Profile_ENG-2.pdf16ad3c5b84d27e946e6f3b49c51bb1a1_6a54cc2a493d1.pdf,01,"[{""id"": ""11868"", ""description"": ""IEC certificate"", ""link"": ""https://erp.tpci.in//frontend/exhibitor/10979227ed5e520988edbdbcfe1b7459_6a5622c02744c.pdf""}]",,[]
YWNkMTM0MWM1ZjBmMjlkMDo3Mjk0NzJlNmY2MjdhYjBiMzkyYmExMWUyY2I0MjNmYzQyNmY0ODA1OmtMM20zQ3dsdnpyTkRVS1BBeCtad0E9PQ==,Foodtechbiz (opc) Private Limited,Private Limited,MANDEEP KAUR,Service Provider,Others,"{""Service, Associations & Trade Support"": [""Service, Associations & Trade Support""]}",[],"{""Service, Associations & Trade Support"": [""Service, Associations & Trade Support""]}",F-13B,2,https://www.foodtechbiz.com/,"#O-1003, AJNARA DAFFODILS, SECTOR-137, NOIDA - 201305",NOIDA,Uttar Pradesh,India,201305,AAECF6398M,+917827751998,https://www.facebook.com/,https://www.linkedin.com/home?originalSubdomain=in,https://www.twitter.com/,https://www.youtube.com/,https://www.twitter.com/,1000,"Distributor,exporter",FOODTECHBIZ (OPC) PRIVATE LIMITED,https://erp.tpci.in/images/upload/company_logo/Exhibitor-Logo-6770.png?rand=58645,,0,[],,[]
NzUxYTNlZmYxNDA1N2UyZjoyZWU4YTU0MTBiODI1YjI0ZGI5YTcxZmJiOTQ1ZDllMGUxZDQxZmU4OjR1R3hsVlpwNExFZFhrbXdVczQ1cmc9PQ==,Fourteen Foods Private Limited,Private Limited,GAZIABBAS MINSARIYA,Manufacturer,Food & Agri Products,"{""Food Ingredients"": [""Food Ingredients""]}",[],"{""Food Ingredients"": [""Food Ingredients""]}",,,https://14foods.in/,MAHUVA,MAHUVA,Gujarat,India,364290,AAFCF1547H,+917827751998,https://www.facebook.com/,https://www.linkedin.com/home?originalSubdomain=in,https://www.twitter.com/,https://www.youtube.com/,https://www.twitter.com/,80000,"Distributor,exporter",OUR COMPANY NAME IS FOURTEEN FOODS PVT LTD . WE ARE MANUFACTURER OF DEHYDRATED ONION & GARLIC PRODUCTS,https://erp.tpci.in/images/upload/company_logo/Exhibitor-Logo-6570_6a251ad6216a7.png?rand=56768,,0,[],,[]
YWMwZDMyZjdkMzhmMWY0Zjo2MjVkYWVkNGUzMjhhMTMyYjNkODgxZDEwNWZhNWY3NzYzMmFjMzRhOnNjWEJGcmsyMEZsOGxMUjNMaHBmQ0E9PQ==,Freeze Drying Systems Private Limited,Private Limited,SIJU AVIRAH CHANDY,Manufacturer,Food & Agri Processing Machinery,"{""Food Processing & Packaging Machinery"": [""Food Processing & Packaging Machinery""], ""Frozen, Ready to Eat & Ready to Cook Food"": [""Frozen, Ready to Eat & Ready to Cook Food""]}","[{""productName"": ""60 KGS FOOD FREEZE DRYER"", ""description"": ""60 KGS FOOD FREEZE DRYER CAPACITY PER DAY (20 KGS OF BATCH EACH OF 08/09 HOURS) "", ""productImage"": ""https://erp.tpci.in/frontend/exhibitor/product-178306820215286267.jpg?35.33290842113356""}]","{""Food Processing & Packaging Machinery"": [""Food Processing & Packaging Machinery""], ""Frozen, Ready to Eat & Ready to Cook Food"": [""Frozen, Ready to Eat & Ready to Cook Food""]}",B-39,2,https://www.freezedryingsystems.com/,"505/506, GIDC, SAVLI MANJUSAR ROAD, SAVLI",VADODARA,Gujarat,India,391775,AACCF0465B,7600134824,https://www.facebook.com/,https://www.linkedin.com/home?originalSubdomain=in,https://www.twitter.com/,https://www.youtube.com/,https://www.twitter.com/,"15,00,000","Distributor,importer","WE ARE OFFERING THE BEST QUALITY IN FOOD PRESERVING DRYER, INDUSTRIAL LYOPHILIZER, COMMERCIAL LYOPHILIZER, LABORATORY FREEZE DRYERS, VACUUM FOOD FREEZE DRYERS, COMMERCIAL FOOD FREEZE DRYER, FOOD DRYING MACHINE AND MANY MORE.",https://erp.tpci.in/images/upload/company_logo/Exhibitor-Logo-6577.png?rand=34533,https://erp.tpci.in/uploads/ex_docs/6577/1. Brochure.pdf9db634f430733964a6bb22b5444fb07a_6a33ccc8a8c23.pdf,01,"[{""id"": ""11759"", ""description"": ""FREEZE DRYING SYSTEMS PVT LTD"", ""link"": ""https://erp.tpci.in//frontend/exhibitor/ffe887ba270e29ee1c2e15a7ba96ee68_6a4c9f78de7c7.pdf""}]",,"[{""type"": ""youtube"", ""video_url"": ""https://youtu.be/sce84yzBtas?si=t7UB9lpO5C9THRs5"", ""title"": ""Export of Freeze Dried Product and Opportunities | Export Game Changer | KDSushma""}]"
ZjgwODgzNjRhYzlkOGE0NjpkNDdjYmE1ZThkYjkxYWUwNWRjMDc5MzRjMmU4NzEyNWQzMjQ4MWQ3OlRVekhhYUJ4cTBTRlZjT1Z6czd1eXc9PQ==,Frocare Retails Private Limited,Private Limited,SHUBHANGI SINGH,Manufacturer,Food & Agri Products,"{""Beverage & Hot Drinks"": [""Beverage & Hot Drinks""]}",[],"{""Beverage & Hot Drinks"": [""Beverage & Hot Drinks""]}",,,http://www.cocohigh.com,"204 SN8 ELA NON BE SHWSRE BESIDE RELIANCER MOO MALL, VESU",SURAT,Gujarat,India,195007,AAFCE7557A,+917827751998,https://www.facebook.com/,https://www.linkedin.com/home?originalSubdomain=in,https://www.twitter.com/,https://www.youtube.com/,https://www.twitter.com/,1000,"Distributor,exporter,importer",FROCARE RETAILS PRIVATE LIMITED,https://erp.tpci.in/images/upload/company_logo/Exhibitor-Logo-6683.png?rand=72946,,0,[],,[]
ZmUzNjJmYzYxNWUyNGQxMjozMTZmMmViZmFhZjc2NTExYTdhYmNkNWUyOGE5ZjQ3ZWNmMjViZWJhOnNwSkJzWGphR3ZRU2oyV2cwZjRIQlE9PQ==,Frontline Info Media,Proprietor,KAMLAKAR DHALE,Service Provider,Others,"{""Food Processing & Packaging Machinery"": [""Food Processing & Packaging Machinery""]}",[],"{""Food Processing & Packaging Machinery"": [""Food Processing & Packaging Machinery""]}",F-16,2,www.frontlineinfomedia.com,"RZ- 139/140, R BLOCK, CHANAKYA PLACE PART 2, UTTAM NAGAR, NEW DELHI",NEW DELHI,Delhi,India,110059,ALMPD7286L,+917827751998,https://www.facebook.com/,https://www.linkedin.com/home?originalSubdomain=in,https://www.twitter.com/,https://www.youtube.com/,https://www.twitter.com/,NA,"Distributor,exporter","PUBLISHERS OF B2B MAGAZINES - ""FOOD PROCESSING & HOSPITALITY INDIA"", ""PLAST-O-PRINT PACK INDIA"" AND ""ELECTRICAL & LEDTRONICS INDIA"" CIRCULATED IN PAN INDIA.
WE ALSO PRODUCE & PROVIDE INDUSTRIAL DATABASE RELATED TO VARIOUS INDUSTRY SEGMENTS IN EXCEL FORMAT",https://erp.tpci.in/images/upload/company_logo/Exhibitor-Logo-6776.png?rand=81868,,0,[],,[]
YjMyNmRkMmZiYWM2MDMzMTpiZDE0ZmNkODE4ZDlmOWViNGNmZDhiMzg1MDIzMmM4ZTI5OWU5NTlmOnRBZTRDdVZoTVpwM1JaZzQzcWFId0E9PQ==,G.m Overseas,Partnership,ABHIMANYU PRAKASH,Manufacturer Exporter,Home & Personal Care,"{""Beverage & Hot Drinks"": [""Beverage & Hot Drinks""], ""Dairy"": [""Dairy""], ""Dry Fruits & Nuts"": [""Dry Fruits & Nuts""], ""Fats & Oils"": [""Fats & Oils""], ""Food Ingredients"": [""Food Ingredients""], ""Organic, Natural & Ethical Foods"": [""Organic, Natural & Ethical Foods""], ""Packaging Material"": [""Packaging Material""], ""Rice, Pulses, Grains, Spices and Commodities"": [""Rice, Pulses, Grains, Spices and Commodities""], ""Wines & Spirits"": [""Wines & Spirits""]}","[{""productName"": ""Food Packaging Empty Glass Bottles"", ""description"": ""We are Offering a Wide Range of Food Packaging Empty Glass Bottles to our Clients.\r\nUsage : Packaging of Oil, Syrups, Kombucha, Milk, Water, Etc"", ""productImage"": ""https://erp.tpci.in/frontend/exhibitor/product-178419216510732172.jpg?77.22926221529885""}, {""productName"": ""Food Packaging Empty Glass Jars"", ""description"": ""We are Offering a Wide Range of Food Packaging Empty Glass Jars to our Clients.\r\nUsage : Packaging of Honey, Jam, Pickles, Olive, Paste, Ghee, Coffee, Etc"", ""productImage"": ""https://erp.tpci.in/frontend/exhibitor/product-178419216586800679.jpg?85.9687781762041""}]","{""Beverage & Hot Drinks"": [""Beverage & Hot Drinks""], ""Dairy"": [""Dairy""], ""Dry Fruits & Nuts"": [""Dry Fruits & Nuts""], ""Fats & Oils"": [""Fats & Oils""], ""Food Ingredients"": [""Food Ingredients""], ""Organic, Natural & Ethical Foods"": [""Organic, Natural & Ethical Foods""], ""Packaging Material"": [""Packaging Material""], ""Rice, Pulses, Grains, Spices and Commodities"": [""Rice, Pulses, Grains, Spices and Commodities""], ""Wines & Spirits"": [""Wines & Spirits""]}",D-15,2,https://www.google.com,"48 KHANJAPUR, AGRA ROAD",FIROZABAD,Uttar Pradesh,,283203,AAJFG1263C,7409800056,https://www.facebook.com/,https://www.linkedin.com/home?originalSubdomain=in,https://www.twitter.com/,http://www.youtube.com/@glassmenabhimanyu7361/videos,https://www.twitter.com/,1000000,"Distributor,exporter,importer",G.M OVERSEAS [GLASSMEN],https://erp.tpci.in/images/upload/company_logo/Exhibitor-Logo-6601_6a589de88a1cf.jpg?rand=80069,https://erp.tpci.in/uploads/ex_docs/6601/GMO Brochure GMO.pdf992f0fdfc8215f17e26e18b6b77cb4f4_6a58998061dd3.pdf,01,"[{""id"": ""11908"", ""description"": ""ISO 9001 : 2015"", ""link"": ""https://erp.tpci.in//frontend/exhibitor/8fe33461018c817f78a6ea5f0af54a48_6a5899c28734a.pdf""}]",,"[{""type"": ""youtube"", ""video_url"": ""https://youtu.be/jcmhZOe122I?si=VbU_6agyubrkMQl9"", ""title"": ""GM Overseas Factory Introduction Video"", ""description"": ""Manufacturer & Exporter of Empty Glass Bottles , Jars & Promotional Glasses""}]"
ZjQ3OTgyNzIwZmIzZDExMzo0MmM0OWNlNmIyNzYzOGUwYWQ5ZGYyODRlOWZiZWJiOTBiZDhjYmQ2OmZuNHVvN1hkN0k3UDJpMSt2QVh6N2c9PQ==,Gajanand Foods Pvt. Ltd.,Private Limited,SAMIR PATEL,Manufacturer Exporter,Food & Agri Products,"{""Beverage & Hot Drinks"": [""Beverage & Hot Drinks""], ""Dry Fruits & Nuts"": [""Dry Fruits & Nuts""], ""Food Ingredients"": [""Food Ingredients""], ""Grocery, Staple & Dry Foods"": [""Grocery, Staple & Dry Foods""], ""Halal Food"": [""Halal Food""], ""Rice, Pulses, Grains, Spices and Commodities"": [""Rice, Pulses, Grains, Spices and Commodities""]}","[{""productName"": ""Chilli Powder"", ""description"": ""We are the manufacturer of different types of Chilli Powder that includes Kashmiri Chilli Powder, Reshamlaal Chilli Powder (Blend of Kashmiri & Reshampatti), Premium Chilli Powder, Tejalal Chilli Powder. Available in all Pack Sizes including 5kg Packs for Instituitional Uses."", ""productImage"": ""https://erp.tpci.in/frontend/exhibitor/product-178247222730178589.jpg?62.63010917476388""}, {""productName"": ""Turmeric Powder"", ""description"": ""We are the manufacturer of different types of Turmeric Powder that includes Selam Turmeric Powder, Curcuveda Turmeric Powder (Blend of Selam & Waigaon Turmeric. Available in all Pack Sizes including 5kg Packs for Instituitional Uses."", ""productImage"": ""https://erp.tpci.in/frontend/exhibitor/product-178247222734758003.jpg?20.79576050936781""}, {""productName"": ""Coriander & Coriander-Cumin Powder"", ""description"": ""We are the manufacturer of Coriander Powder as wells as Coriander-Cumin Powder. Products are Available in all Pack Sizes including 5kg Packs for Instituitional Uses."", ""productImage"": ""https://erp.tpci.in/frontend/exhibitor/product-178247222772359693.jpg?16.08847809591189""}, {""productName"": ""Strong Hing"", ""description"": ""We are the manufacturer of Strong Hing (Compounded Asafoetida). Available in various Blends & in Different Pack sizes."", ""productImage"": ""https://erp.tpci.in/frontend/exhibitor/product-178247222788584530.jpg?18.055112024820513""}, {""productName"": ""Blended Spices"", ""description"": ""We are manufacturers of varieties of Blended spices that gives the authentic taste of its recipe. The most preferred products are Rajwadi Garam Masala, Chhole Masala, Chat Masala, Kitchen King Masala, Buttermilk Masala & many more. Available in various Pack Sizes including 500g Instituitional Packs."", ""productImage"": ""https://erp.tpci.in/frontend/exhibitor/product-1782472227973124.jpg?42.01012890973141""}]","{""Beverage & Hot Drinks"": [""Beverage & Hot Drinks""], ""Dry Fruits & Nuts"": [""Dry Fruits & Nuts""], ""Food Ingredients"": [""Food Ingredients""], ""Grocery, Staple & Dry Foods"": [""Grocery, Staple & Dry Foods""], ""Halal Food"": [""Halal Food""], ""Rice, Pulses, Grains, Spices and Commodities"": [""Rice, Pulses, Grains, Spices and Commodities""]}",A-51,2,https://www.gajanand.com,"814, KOTHARI CROSS ROAD, SANTEJ, TA. KALOL",GANDHINAGAR,Gujarat,,382721,AAACG7007N,+917827751998,https://www.facebook.com/,https://www.linkedin.com/home?originalSubdomain=in,https://www.twitter.com/,https://www.youtube.com/,https://www.twitter.com/,1000,"Distributor,importer",GAJANAND FOODS PVT. LTD.,https://erp.tpci.in/images/upload/company_logo/Exhibitor-Logo-6560_6a4778551cf65.jpg?rand=51098,https://erp.tpci.in/uploads/ex_docs/6560/Export Brochure (2).pdfd14147ad1fa6a0d70e3c7039df0af08d_6a4504ca3450e.pdf,07,"[{""id"": ""11748"", ""description"": ""FSSAI Certificate"", ""link"": ""https://erp.tpci.in//frontend/exhibitor/7c7c04d046529e107e25390dfa9e9e13_6a45008dc9cf3.pdf""}, {""id"": ""11749"", ""description"": ""ISO Certificate"", ""link"": ""https://erp.tpci.in//frontend/exhibitor/5deb1e6fa8b3ff37eaae45e911af8422_6a4500b705bdf.pdf""}, {""id"": ""11750"", ""description"": ""IMPORT EXPORT CERTIFICATE"", ""link"": ""https://erp.tpci.in//frontend/exhibitor/ef34a88f4c9cca1553ce47e619d891be_6a4500e4bd84b.pdf""}, {""id"": ""11751"", ""description"": ""USFDA Certificate"", ""link"": ""https://erp.tpci.in//frontend/exhibitor/786d3a8d5a78ebebfe98a521e2bbf0e3_6a4500ff96b92.pdf""}, {""id"": ""11752"", ""description"": ""DUNS Certificate"", ""link"": ""https://erp.tpci.in//frontend/exhibitor/cebe40456e38f02824f13cf085cedb13_6a45012cc5863.pdf""}, {""id"": ""11753"", ""description"": ""APEDA"", ""link"": ""https://erp.tpci.in//frontend/exhibitor/c8253dd8f4e0a56db20f39e66646d806_6a450160de400.pdf""}, {""id"": ""11754"", ""description"": ""Tea Board"", ""link"": ""https://erp.tpci.in//frontend/exhibitor/62891b2559cd5a1a1a0019a2f4c6f8d7_6a450211b93bc.pdf""}]",,[]
NDgwYjNhNGEwMmExZjYzMDplMGYxMTg4NmNhZTNmMWNiM2VmNzhjNTYyOTcyMGU0MzE2YzU4NTRjOjF5cFJiYTRCRmFTZmNzMmpLT1ZXMEE9PQ==,Galaxy Sivtek Private Limited,Private Limited,RAHUL SETHI,Manufacturer,Food & Agri Products,"{""Beverage & Hot Drinks"": [""Beverage & Hot Drinks""], ""Dairy"": [""Dairy""], ""Rice, Pulses, Grains, Spices and Commodities"": [""Rice, Pulses, Grains, Spices and Commodities""]}",[],"{""Beverage & Hot Drinks"": [""Beverage & Hot Drinks""], ""Dairy"": [""Dairy""], ""Rice, Pulses, Grains, Spices and Commodities"": [""Rice, Pulses, Grains, Spices and Commodities""]}",A-02,2,https://www.galaxysivteck.com,"PLOT NO. 2, SIDDHI INDUSTRIAL INFRA PARK, WAGHODIA",VADODARA,Gujarat,India,391760,AACCG61TOG,+917827751998,https://www.facebook.com/,https://www.linkedin.com/home?originalSubdomain=in,https://www.twitter.com/,https://www.youtube.com/,https://www.twitter.com/,1000,"Distributor,importer",REDEFINING THE FILTRATION AND SCREENING EXPERIENCE FOR THE FOOD & BEVERAGE INDUSTRY,https://erp.tpci.in/images/upload/company_logo/Exhibitor-Logo-6564_6a4f68b6dfdbb.jpeg?rand=63559,,0,[],,[]
N2I5YmUxNzVjOWIzNjNlODoxOTAzMTU4MTdiMmE3YThjMjU0OTczN2QxOTUzZGJlOGE3ZDI3NGMwOnkyTTlJMUNMOTFlZ2pUTTYwN1BRaGc9PQ==,Garima Dehydrated Food Llp,Partnership,TANMAY JAIN,Manufacturer Exporter,Food & Agri Products,"{""Dry Fruits & Nuts"": [""Dry Fruits & Nuts""]}",[],"{""Dry Fruits & Nuts"": [""Dry Fruits & Nuts""]}",D-11,2,https://garimafoods.co.in/,"7/8 KHERI JASANA ROAD, GREATER FARIDABAD",FARIDABAD,Haryana,India,121101,ABBFG1127C,+917827751998,https://www.facebook.com/,https://www.linkedin.com/home?originalSubdomain=in,https://www.twitter.com/,https://www.youtube.com/,https://www.twitter.com/,1000,"Distributor,exporter","DRAPPLE PREMIUM DRY FRUITS STRONG WORLD TO DISCOVER AND PROCURE THE VERY BEST NUTS & DRY FRUITS, EACH REGION HAS TO OFFER - WITH THE SIGNIFICANT QUALITIES OF EACH REGION. DRAPPLE PREMIUM DRY FRUIT'S STRONG WORLDWIDE NETWORK OF PROCESSORS AND PARTNERS ENABLE US TO OFFER GOOD QUALITY, EFFICIENT SERVICE AND COMPETITIVE PRICES. HONESTY, INTEGRITY AND COMMITMENT ARE VALUES WE HOLD AS KEY PRINCIPLES.",https://erp.tpci.in/images/upload/company_logo/Exhibitor-Logo-6668_6a563901a3f8e.png?rand=68405,,0,[],,[]
ZDZkMmJhMWQwM2NhMDNmMjo4MzQwOTA1ODdiYjZkYjNiNmIzN2RhMzVmZDMyZjNiNGJjMGEyZDJkOlNZRHpZVFV0OTFQdkdYWWtVK2dUMXc9PQ==,Gawdee Organic Pvt Ltd,Private Limited,NAVAZ KADIVAR,Manufacturer,Food & Agri Products,"{""Dairy"": [""Dairy""], ""Organic, Natural & Ethical Foods"": [""Organic, Natural & Ethical Foods""]}","[{""productName"": ""Gawdee Gir Cow A2 Ghee "", ""description"": ""Curd-Churned Bilona | Slow Prepared | Grainy Texture | Daily Use\r\n\r\nPrepared using the traditional Bilona method, this ghee is made from curd derived from Gir Cow A2 milk. The process includes churning and slow cooking, resulting in a naturally aromatic and grainy-textured ghee. It contains no preserv"", ""productImage"": ""https://erp.tpci.in/frontend/exhibitor/product-17841965537483479.jpg?61.9298633764776""}, {""productName"": ""Gawdee Mixme Choco Nutrition Powder"", ""description"": ""Gawdee MixMe is thoughtfully crafted using a premium blend of roasted nuts, wholesome grains, seeds, natural sweeteners, and 8 carefully selected Ayurvedic herbs. Each ingredient is hygienically processed, finely milled, and blended to ensure smooth texture, delicious taste, and consistent quality i"", ""productImage"": ""https://erp.tpci.in/frontend/exhibitor/product-178419655383840074.jpg?72.53130727683316""}, {""productName"": ""Gawdee Moriinga Powder "", ""description"": ""GAWDEE Moringa Powder is made from carefully selected moringa leaves, dried and powdered to retain natural green colour, earthy aroma, and plant-based nutrition. It is a simple daily wellness superfood that can be added to water, juices, smoothies, soups, salads, or regular meals.\r\n\r\n"", ""productImage"": ""https://erp.tpci.in/frontend/exhibitor/product-178419655343304433.jpg?76.86694932809746""}, {""productName"": ""Gawdee Raw Forest Honey "", ""description"": ""Collected from forest regions across India where bees gather nectar from a wide variety of wild flowers. Carefully filtered to remove impurities while preserving natural nutritional value, aroma, and thickness."", ""productImage"": ""https://erp.tpci.in/frontend/exhibitor/product-178419655335232474.jpg?66.74082788335237""}]","{""Dairy"": [""Dairy""], ""Organic, Natural & Ethical Foods"": [""Organic, Natural & Ethical Foods""]}",B-21,2,https://gawdee.com/,"PROPERTY NO 113, VILLAGE - LIMBALA, TA - WANKANER, MORBI - 363621 (GUJARAT)",WANKANER,Gujarat,India,363621,AAJCG6632L,+917827751998,https://www.facebook.com/,https://www.linkedin.com/home?originalSubdomain=in,https://www.twitter.com/,https://www.youtube.com/,https://www.twitter.com/,1000,"Distributor,exporter",GAWDEE ORGANIC PVT LTD,https://erp.tpci.in/images/upload/company_logo/Exhibitor-Logo-6659.png?rand=48044,https://erp.tpci.in/uploads/ex_docs/6659/Gawdee Tri Fold Brochure group.pdf1271582f78f0436aca7b3077951c1057_6a586e265aed1.pdf,03,"[{""id"": ""11902"", ""description"": ""Fssai Licence "", ""link"": ""https://erp.tpci.in//frontend/exhibitor/a270d6bf7923f4bebae5072dd078da33_6a586f26e8fbd.pdf""}, {""id"": ""11903"", ""description"": ""Gst Certificate "", ""link"": ""https://erp.tpci.in//frontend/exhibitor/8abab01fd6cf35cb0978124afeaed43e_6a586f5de9f5f.pdf""}, {""id"": ""11904"", ""description"": ""Start Up India Certificate "", ""link"": ""https://erp.tpci.in//frontend/exhibitor/1bca6f4ec854c7385c2b808c827d1675_6a586f811c691.pdf""}]",,"[{""type"": ""youtube"", ""video_url"": ""https://youtu.be/vZeFo86JXAU"", ""title"": ""https://youtu.be/vZeFo86JXAU""}, {""type"": ""youtube"", ""video_url"": ""https://youtu.be/vhiGJO081Sk"", ""title"": ""✨ Should humans drink cow’s milk before the calf""}, {""type"": ""youtube"", ""video_url"": ""https://youtu.be/mMKVjFh4JaA"", ""title"": ""12,000 Milk Samples FAIL"", ""description"": ""ndia me hazaron milk samples testing me fail ho chuke hain.\n\nReports ke according 33,000+ milk samples test hue aur 12,000 se zyada non-conforming mile.\n\nMilk adulteration ek serious issue hai.\n\nNext video me bataunga ghar pe doodh kaise check kare.\n\nShare this video to spread awareness.""}, {""type"": ""youtube"", ""video_url"": ""https://www.youtube.com/watch?v=03Y26aqbla4a4"", ""title"": ""Welcome to our Gawdee Gaushala"", ""description"": ""Gawdee Gaushala | Home of Love, Purity & Divine Energy ?\n\nWelcome to Gawdee Gaushala, where sacred Gir cows are nurtured with care, compassion, and devotion. Every cow here is a part of our family – their well-being is our priority, and their blessings help us craft the purest A2 Gir Cow Ghee using the ancient Bilona method.\n\nThis isn’t just a shelter — it’s a sanctuary of Gau Seva, where tradition meets purpose and nature heals.""}]"
MjA1NGM3ZGJmNjk5ZTA0YzowODk3NDdkYWU5M2M5ZjY2NmI2Yzc0MTFkMDc1ZDQzZjk2MzdiZTdkOitPQzV4djJyaFVlbVpWVy9DanlOdEE9PQ==,Gayatri Magnet,Proprietor,GIRISH YADAV,Manufacturer Exporter,Food & Agri Processing Machinery,"{""Digital FoodTech, Traceability & AI"": [""Digital FoodTech, Traceability & AI""]}",[],"{""Digital FoodTech, Traceability & AI"": [""Digital FoodTech, Traceability & AI""]}",F-05,2,https://www.gayatrimagnets.com/,A/6 ANMOL COMLEX RABARI COLONY CROSS ROAD NHNO8 AMRAIWADI,AHMEDABAD,Gujarat,India,380026,AAMPY8505G,9898462210,https://www.facebook.com/,https://www.linkedin.com/home?originalSubdomain=in,https://www.twitter.com/,https://www.youtube.com/,https://www.twitter.com/,1000,"Distributor,exporter",GAYATRI MAGNET,https://erp.tpci.in/images/upload/company_logo/Exhibitor-Logo-6766.jpeg?rand=91137,,0,[],,[]
MDg1ZTUyZDgwZmNkN2QxNzo2N2Y0MTA5MWUwOTc1YTJhMjc5OTNiNzdjZGY3YWQ1ZjZmODJhMWQ4OlhxR1kzd0pxMi9FVmhhcldUVkY0NUE9PQ==,Geebees Foods & Beverages Pvt Ltd.,Private Limited,SANJAY DEKHTAWALA,Manufacturer Exporter,Food & Agri Products,"{""Beverage & Hot Drinks"": [""Beverage & Hot Drinks""]}","[{""productName"": ""Masala Chai Sweetened - Premix (3 In 1) Tea"", ""description"": ""Masala Chai contains tea, cloves, cinnamon which helps in reducing sugar, cardamom helps in lowering bad cholesterol and increase good cholesterol, ginger helps in common cold, digestion, strengthening immunity, blood circulation, and nausea relieving. Our pack contains 10 single serving sachets."", ""productImage"": ""https://erp.tpci.in/frontend/exhibitor/product-178461937774663907.jpg?51.039437810927105""}, {""productName"": ""Cardamom (Elaichi) Chai - Premix (3 In 1) Tea"", ""description"": ""Cardamom is rich in riboflavin, vitamins A, B, C, which are very much essential for our body. It has natural anti-depressant, good stimulant, enhances appetite, helpful in reducing inflammation of lungs and airway path, excellent detoxifying agent. Our pack contains 10 single serving sachets."", ""productImage"": ""https://erp.tpci.in/frontend/exhibitor/product-178461937794297937.jpg?96.53546455924908""}, {""productName"": ""Ginger Chai - Premix (3 In 1) Tea"", ""description"": ""Enjoy hot cup of instant Ginger. Ginger is helpful in common cold, digestion, strengthen immunity, improves blood circulation, stress and nausea reliving and more. This Instant Premix Tea Pack contains 10 single serving sachets of, rich in taste ready to drink authentic Indian ginger sweetened tea."", ""productImage"": ""https://erp.tpci.in/frontend/exhibitor/product-178461937736723082.jpg?29.559012436828585""}, {""productName"": ""Lemon Grass Chai - Premix (3 In 1) Tea"", ""description"": ""Lemon Grass chai is a very unique flavor with brilliant appeal to your senses. All mix is ready, just put hot water and its ready to go!"", ""productImage"": ""https://erp.tpci.in/frontend/exhibitor/product-17846193776457.jpg?58.1886715797602""}, {""productName"": ""French Vanilla Chai - Premix (3 In 1) Tea"", ""description"": ""Enjoy our premium French Vanilla chai anywhere you go! This chai will make you feel as if you were sitting in a local cafe in Paris sipping on amazing tea. A true delight."", ""productImage"": ""https://erp.tpci.in/frontend/exhibitor/product-178461937790957870.jpg?2.2663236616797033""}, {""productName"": ""Original (Plain) Chai - Premix (3 In 1) Tea"", ""description"": ""This Instant Premix Tea Pack contains 10 single serving sachets of rich in taste and ready to drink authentic Indian Classic Plain sweetened tea"", ""productImage"": ""https://erp.tpci.in/frontend/exhibitor/product-17846193776304219.jpg?36.76560664248243""}, {""productName"": ""Classic Coffee - Premix (3 In 1) Coffee Blend"", ""description"": ""Coffee Gold which comes with blend of chicory. It has natural sedative which boosts immune systems, along which, world of health benefits such as, preventing kidney stones, heart disease, and bacterial infections, detoxify gallbladder, and liver. Our pack contains 10 single serving sachets"", ""productImage"": ""https://erp.tpci.in/frontend/exhibitor/product-178461937763030132.jpg?77.02906530073757""}, {""productName"": ""Madras Coffee - Premix (3 In 1) Coffee Blend"", ""description"": ""Madras Coffee Gold which comes with blend Pure coffee. It has natural sedative which boosts immune systems, along which, world of health benefits such as, preventing kidney stones, heart disease, and bacterial infections, detoxify gallbladder, and liver. Our pack contains 10 single serving sachets"", ""productImage"": ""https://erp.tpci.in/frontend/exhibitor/product-178461937762696562.jpg?74.84850964960503""}, {""productName"": ""Instant Tea And Coffee Vending Machine - Domestic And Export Compatibility"", ""description"": ""Our Instant Tea and Coffee vending machine has up to 4 options and can be used anywhere such as, coffee shop, restaurant, grocery store, events, catering and so on. Top Quality Machine with superior backup from Geebees Beverages."", ""productImage"": ""https://erp.tpci.in/frontend/exhibitor/product-178461937789872292.jpg?43.15535541917696""}]","{""Beverage & Hot Drinks"": [""Beverage & Hot Drinks""]}",C-32,2,https://geebeesbeverages.com/,"101,JIVDANI INDUSTRIAL ESTATE NO.2,K.N.DHUMAL NAGAR,",MUMBAI,Maharashtra,,401208,AACCG4562G,+917827751998,https://www.facebook.com/,https://www.linkedin.com/home?originalSubdomain=in,https://www.twitter.com/,https://www.youtube.com/,https://www.twitter.com/,1000,"Distributor,exporter,jv,technology Transfer",GEEBEES FOODS & BEVERAGES PVT LTD.,https://erp.tpci.in/images/upload/company_logo/Exhibitor-Logo-6638_6a5f1e29d59f6.jpg?rand=19998,https://erp.tpci.in/uploads/ex_docs/6638/Catalog - Geebees.pdfd8ea49b7d7bab1e065e19979247de8a0_6a5f24bb8b1cb.pdf,05,"[{""id"": ""11976"", ""description"": ""ISO 9001"", ""link"": ""https://erp.tpci.in//frontend/exhibitor/7af8f45f613b9c58cb2036f6b353eb1d_6a5f253eb7105.pdf""}, {""id"": ""11977"", ""description"": ""iso 22000"", ""link"": ""https://erp.tpci.in//frontend/exhibitor/8e820d4a98cf597b97aa925f17fb27e4_6a5f254e20131.pdf""}, {""id"": ""11978"", ""description"": ""Tea board"", ""link"": ""https://erp.tpci.in//frontend/exhibitor/1f99c1c6df0239dae04e77e33fea518a_6a5f258c4a39e.pdf""}, {""id"": ""11979"", ""description"": ""IEC"", ""link"": ""https://erp.tpci.in//frontend/exhibitor/428d1dc9e3efd6d83749add70107b147_6a5f2598d227e.pdf""}, {""id"": ""11980"", ""description"": ""FSSAI"", ""link"": ""https://erp.tpci.in//frontend/exhibitor/1646556687d04a121ead0044d464dce1_6a5f25a9cc153.pdf""}]",,[]
Yjg2OTUwODc0ZmYxMDFiZTo3ZTY2ZWE5NDZiMzFjMTg3YzdiMTQ2MzQ3ODgzNmM4YmY1NjM1NGEyOllmZmtKc3R3MTFIV3NvMElMd2VVc3c9PQ==,Globriddge International Private Limited,Private Limited,VALLABH GULVE,Merchant Exporter,Food & Agri Products,"{""Bakery & Breads"": [""Bakery & Breads""], ""Beverage & Hot Drinks"": [""Beverage & Hot Drinks""], ""Dairy"": [""Dairy""], ""Dry Fruits & Nuts"": [""Dry Fruits & Nuts""], ""Fats & Oils"": [""Fats & Oils""], ""Fine Food"": [""Fine Food""], ""Food Ingredients"": [""Food Ingredients""], ""Fresh Produce"": [""Fresh Produce""], ""Frozen, Ready to Eat & Ready to Cook Food"": [""Frozen, Ready to Eat & Ready to Cook Food""], ""Grocery, Staple & Dry Foods"": [""Grocery, Staple & Dry Foods""], ""Halal Food"": [""Halal Food""], ""Health Food, Free From & Super Food"": [""Health Food, Free From & Super Food""], ""Indian Ethnic Food"": [""Indian Ethnic Food""], ""Ingredients, Additives & Raw Material"": [""Ingredients, Additives & Raw Material""], ""Organic, Natural & Ethical Foods"": [""Organic, Natural & Ethical Foods""], ""Pet Food & Animal Nutrition"": [""Pet Food & Animal Nutrition""], ""Plant Based & Alternative Proteins"": [""Plant Based & Alternative Proteins""], ""Private Label"": [""Private Label""], ""Rice, Pulses, Grains, Spices and Commodities"": [""Rice, Pulses, Grains, Spices and Commodities""], ""Snacks & On the Go Foods"": [""Snacks & On the Go Foods""], ""Sweets & Confectionery"": [""Sweets & Confectionery""], ""Wines & Spirits"": [""Wines & Spirits""]}","[{""productName"": ""Sella Basmati "", ""description"": ""1121"", ""productImage"": ""https://erp.tpci.in/frontend/exhibitor/product-178464511369261518.jpg?14.03521663885118""}, {""productName"": ""Black Pepper"", ""description"": ""GL 560"", ""productImage"": ""https://erp.tpci.in/frontend/exhibitor/product-178464511335399130.jpg?17.394166549103492""}, {""productName"": ""Sugar"", ""description"": ""M130"", ""productImage"": ""https://erp.tpci.in/frontend/exhibitor/product-178464511361194073.jpg?44.865185902328406""}]","{""Bakery & Breads"": [""Bakery & Breads""], ""Beverage & Hot Drinks"": [""Beverage & Hot Drinks""], ""Dairy"": [""Dairy""], ""Dry Fruits & Nuts"": [""Dry Fruits & Nuts""], ""Fats & Oils"": [""Fats & Oils""], ""Fine Food"": [""Fine Food""], ""Food Ingredients"": [""Food Ingredients""], ""Fresh Produce"": [""Fresh Produce""], ""Frozen, Ready to Eat & Ready to Cook Food"": [""Frozen, Ready to Eat & Ready to Cook Food""], ""Grocery, Staple & Dry Foods"": [""Grocery, Staple & Dry Foods""], ""Halal Food"": [""Halal Food""], ""Health Food, Free From & Super Food"": [""Health Food, Free From & Super Food""], ""Indian Ethnic Food"": [""Indian Ethnic Food""], ""Ingredients, Additives & Raw Material"": [""Ingredients, Additives & Raw Material""], ""Organic, Natural & Ethical Foods"": [""Organic, Natural & Ethical Foods""], ""Pet Food & Animal Nutrition"": [""Pet Food & Animal Nutrition""], ""Plant Based & Alternative Proteins"": [""Plant Based & Alternative Proteins""], ""Private Label"": [""Private Label""], ""Rice, Pulses, Grains, Spices and Commodities"": [""Rice, Pulses, Grains, Spices and Commodities""], ""Snacks & On the Go Foods"": [""Snacks & On the Go Foods""], ""Sweets & Confectionery"": [""Sweets & Confectionery""], ""Wines & Spirits"": [""Wines & Spirits""]}",C-04A,2,https://globriddge.com,OFFICE NO 10 SURVEY NO 28,PUNE,Maharashtra,India,411014,AAMCG0721B,+917827751998,http://www.facebook.com/people/Globriddge-International-Private-Limited/61585944181801/,http://www.linkedin.com/https://www.linkedin.com/company/globriddge/posts/?feedView=all,https://www.twitter.com/,http://www.youtube.com/https://www.youtube.com/@GlobriddgeInternational,http://www.instagram.com/https://www.instagram.com/globriddge/,250000,"Distributor,exporter,importer",GLOBRIDDGE INTERNATIONAL PRIVATE LIMITED,https://erp.tpci.in/images/upload/company_logo/Exhibitor-Logo-6820_6a60c1d8bba76.png?rand=54311,https://erp.tpci.in/uploads/ex_docs/6820/Glob-Brochure-compressed.pdf4dba7de6bf678bb4c8239a325160d849_6a5f84b81b8a9.pdf,02,"[{""id"": ""11994"", ""description"": ""gst"", ""link"": ""https://erp.tpci.in//frontend/exhibitor/56f36dc92105276b02079d06a5e53750_6a5f81989d7a7.pdf""}, {""id"": ""11995"", ""description"": ""pan"", ""link"": ""https://erp.tpci.in//frontend/exhibitor/e54bcedd01e5f5bde2982194cef0bddc_6a5f81c2a45bb.pdf""}]",,[]
NTI5MTI2OGUwMDk5M2QwODpkMjk1YjczMjljZWU0OTNhYWIyNjYxODdmNjkxZGQ4MzU3Yjg4NTY0Omhab21YODg4QStKd0NRTTc5Qk9vblE9PQ==,Goma Process Technologies Pvt Ltd,Private Limited,SURYA,Manufacturer,Food & Agri Products,"{""Beverage & Hot Drinks"": [""Beverage & Hot Drinks""], ""Dairy"": [""Dairy""]}",[],"{""Beverage & Hot Drinks"": [""Beverage & Hot Drinks""], ""Dairy"": [""Dairy""]}",C-27,2,https://goma.co.in/,"SURVEY NO.558, VILLAGE- SARONDA
TALUKA- UMBERGAON,DIST- VALSAD, GUJARAT 396135",VALSAD,Gujarat,India,396135,AAGCG3162J,+917827751998,https://www.facebook.com/,https://www.linkedin.com/home?originalSubdomain=in,https://www.twitter.com/,https://www.youtube.com/,https://www.twitter.com/,12500000,"Distributor,exporter,importer","GOMA GROUP OF COMPANIES IS A 40+ YEAR OLD COMPANY DEALING IN PROCESS TECHNOLOGY EQUIPMENT & HIGH-PRESSURE PUMPS. WE PRIORITIZE DELIVERING HIGH-QUALITY PRODUCTS AND SERVICES TO OUR CLIENTS.
WE STRIVE FOR CONTINUOUS IMPROVEMENT AND THE DEVELOPMENT OF NEW SOLUTIONS FOR THE DAIRY & BEVERAGE INDUSTRIES. WE PRIORITIZE DELIVERING HIGH-QUALITY PRODUCTS AND SERVICES TO OUR CLIENTS.
WE PROVIDE TURNKEY SOLUTIONS FOR,
MILK WITH BY PRODUCT ( CURD, LASSI, BUTTER MILK, PANEER ETC.), ICE CREAM, RTS BEVERAGE, CARBONATED SOFT DRINKS, ASEPTIC BEVERAGE ETC.CIP SYSTEMS, UHT SYSTEM, SANITARY PUMP.",https://erp.tpci.in/images/upload/company_logo/Exhibitor-Logo-6667.jpg?rand=75602,,0,[],,[]
OGFmNDY4ODY5ZDYxY2VhMTplMDI3ZGFmYTIyMzQzYTcxNjQ4NzFmMmFiZWMxOGY0ZmJmNTQ4MWQ3Omx0aFlab3VMdG5RajJyRkdwSDUzWWc9PQ==,Good Fettle Private Limited,Private Limited,AKHIL GUPTA,Manufacturer Exporter,Food & Agri Products,"{""Plant Based & Alternative Proteins"": [""Plant Based & Alternative Proteins""]}","[{""productName"": ""Protein masala chaas"", ""description"": ""Ready to make buttermilk with protein"", ""productImage"": ""https://erp.tpci.in/frontend/exhibitor/product-178445564963647814.jpg?96.87000801495277""}]","{""Plant Based & Alternative Proteins"": [""Plant Based & Alternative Proteins""]}",D-20,2,https://podnutrition.in/,"10, MANOJ KUNJ, S.B. MARG, MATUNGA WEST,",MUMBAI,Maharashtra,India,400016,AAICG0586E,+917827751998,https://www.facebook.com/,https://www.linkedin.com/home?originalSubdomain=in,https://www.twitter.com/,https://www.youtube.com/,https://www.twitter.com/,1000,"Distributor,importer","WE HAVE BEEN BUSINESS PARTNERS FOR THE LAST 8 YEARS AND SPENT MOST OF THAT TIME RESEARCHING, FORMULATING AND LAUNCHING PRODUCTS THAT ARE BETTER FOR YOU.",https://erp.tpci.in/images/upload/company_logo/Exhibitor-Logo-6616.png?rand=62665,,0,[],,[]
NWQyOWM1NjllZWI2OTllZTowOTYxMGYwYWY5ZjZkMDIwYmMwNWRkNWZlOTk2YjhjM2MzZmVkZGRjOmlDUWt5UndlV3VLVy81Z2ZMcTRPdGc9PQ==,Gooddot Spices  Pvt.ltd.,Private Limited,HARISH JOSHI,Manufacturer,Food & Agri Products,"{""Ingredients, Additives & Raw Material"": [""Ingredients, Additives & Raw Material""], ""Plant Based & Alternative Proteins"": [""Plant Based & Alternative Proteins""]}",[],"{""Ingredients, Additives & Raw Material"": [""Ingredients, Additives & Raw Material""], ""Plant Based & Alternative Proteins"": [""Plant Based & Alternative Proteins""]}",,,www.mysecretspices.com,"2ND FLOOR, CROSSWAY BUILDING, NEAR FORUM CELEBRATION MALL, UADIPUR",UADIPUR,Rajasthan,India,313001,AAHCG607D1,+917827751998,https://www.facebook.com/,https://www.linkedin.com/home?originalSubdomain=in,https://www.twitter.com/,https://www.youtube.com/,https://www.twitter.com/,NA,"Distributor,importer,market Servey","FOUNDED IN 2017 AS GOODDOT SPICES PVT. LTD, WE BRING YOU PURE , CHEMICAL- FREE STERILISED SPICES AND BLENDS UNDER THE BRAND MY SECRET SPICES. CRAFTED FROM INDIA 'S FINEST FARM , OUR PRODUCT DELIVER FRESHNESS , FLAVOUR, AND TRADITION IN EVERY PINCH , WHILE EMPOWERING WOMEN IN RURAL UADIPUR THROUGH SPICE - MAKING .",https://erp.tpci.in/images/upload/company_logo/Exhibitor-Logo-6675_6a44c6d693f7f.jpg?rand=82955,,0,[],,[]
NTYzYmU0Y2M5YTRkMjUyMDo1ODkwNWU4NTNjNzg5YzY4YzhjNDExYjNmYTc5MmIwNTFhYWQ1MTk5OnRrUGc0REJWbys4WG4yY2hmVkl1TGc9PQ==,Gooddot Spices Private Limited,Private Limited,HARISH JOSHI,Manufacturer,Food & Agri Products,"{""Rice, Pulses, Grains, Spices and Commodities"": [""Rice, Pulses, Grains, Spices and Commodities""]}","[{""productName"": ""Seasonings, Marinades, Sprinklers, Pure Spices, and Blended Spices,"", ""description"": ""Trusted B2B Partner for Premium Spices, Seasonings &\r\nCustom Food Ingredient Solutions"", ""productImage"": ""https://erp.tpci.in/frontend/exhibitor/product-178359890419371174.jpg?46.807706213377145""}]","{""Rice, Pulses, Grains, Spices and Commodities"": [""Rice, Pulses, Grains, Spices and Commodities""]}",A-34,2,https://www.gooddot.in,"G-155, RIICO INDUSTRIAL AREA, GOOLI, UDAIPOR",UDAIPOR,Rajasthan,India,313024,AAHCG0760D,9773358069,https://www.facebook.com/,http://www.linkedin.com/https://www.linkedin.com/in/harishjoshi-global?utm_source=share_via,https://www.twitter.com/,https://www.youtube.com/,http://www.instagram.com/https://www.instagram.com/mysecretspices?igsh=cW1tczM3bmF4OTdk,1000,"Distributor,exporter,importer",GOODDOT SPICES,https://erp.tpci.in/images/upload/company_logo/Exhibitor-Logo-6680_6a4f46782ab53.png?rand=31931,https://erp.tpci.in/uploads/ex_docs/6680/Draft Catalague 2_compressed.pdf4b366c392b94469cfb93162acaa9dca1_6a4f8d505b680.pdf,04,"[{""id"": ""11779"", ""description"": ""fssai license"", ""link"": ""https://erp.tpci.in//frontend/exhibitor/52aeb24701c19cff7d4e2a196343fc3d_6a4f657970098.pdf""}, {""id"": ""11780"", ""description"": ""GSPL Spices Board Certificate RCMC 2024"", ""link"": ""https://erp.tpci.in//frontend/exhibitor/52aeb24701c19cff7d4e2a196343fc3d_6a4f65797a1e5.pdf""}, {""id"": ""11781"", ""description"": ""gooddot fsms"", ""link"": ""https://erp.tpci.in//frontend/exhibitor/02f9aa8a4fbe54e7bad37729e1893263_6a4f65eeed2ea.pdf""}, {""id"": ""11782"", ""description"": ""certificate of incorporation"", ""link"": ""https://erp.tpci.in//frontend/exhibitor/02f9aa8a4fbe54e7bad37729e1893263_6a4f65ef03064.pdf""}]",,[]
MmQ2OTJmYTQ5YTA2M2U1MjpiNGI3ODAxYmEwZTgzZmI0ODNhNDk3OGJkYTFmOGViMzQyMTc5YWZiOmp6Qm1qdGpPN3dSc2t5YlpYZ3k4SWc9PQ==,Grainiq Innovations Pvt Ltd,Private Limited,MR. MRIGANKA SAHA,Manufacturer,"Engineering, Machine & Machine Tools","{""Quality Control, Testing & Compliance"": [""Quality Control, Testing & Compliance""]}","[{""productName"": ""InstaGrainX 3D"", ""description"": ""InstaGrainX 3D is a comprehensive hardware and software solution built on AI and computer vision that offers a detailed, three-dimensional perspective of individual grains.\r\n"", ""productImage"": ""https://erp.tpci.in/frontend/exhibitor/product-178464640576268724.jpg?5.341398627815208""}, {""productName"": ""InstaGrainX Live"", ""description"": ""InstaGrainX Live is a scalable, low-cost mobile app platform that leverages AI and computer vision to deliver real-time analysis directly to field personnel."", ""productImage"": ""https://erp.tpci.in/frontend/exhibitor/product-178464640581859833.jpg?13.280117710381855""}, {""productName"": ""InstaGrainX Local"", ""description"": ""InstaGrainX Local is a revolutionary, cutting-edge scanner based digital assaying technology stack. Legacy offline platform, a proven product used by all major rice processing companies for 5 years. It is suitable for rice millers, exporters and traders. "", ""productImage"": ""https://erp.tpci.in/frontend/exhibitor/product-178464640514486592.jpg?50.37639574182815""}]","{""Quality Control, Testing & Compliance"": [""Quality Control, Testing & Compliance""]}",D-33B,2,https://www.grainiq.in/,"PLOT# 4, MINARCH TOWERS, SECTOR-44,",GURGAON,Haryana,India,122003,AAMCG3785F,+917827751998,https://www.facebook.com/,https://www.linkedin.com/home?originalSubdomain=in,https://www.twitter.com/,https://www.youtube.com/,https://www.twitter.com/,1000,"Distributor,exporter",GRAINIQ INNOVATIONS PVT LTD,https://erp.tpci.in/images/upload/company_logo/Exhibitor-Logo-6765.jpeg?rand=74426,https://erp.tpci.in/uploads/ex_docs/6765/GrainIQ- Customer Pitch.pdf2809aecf00e92dd37b55ff8544c7ae27_6a5f8dcc014f4.pdf,01,"[{""id"": ""11996"", ""description"": ""ISO 22000"", ""link"": ""https://erp.tpci.in//frontend/exhibitor/a84fe57d42409f5b2ffe65125157f3fb_6a5f8e52c0114.pdf""}]",,[]
MWYwNmQyY2VkYjkxYzE2ZDo3MjRmYmVhN2FiZTU3OGVhMDc1Zjg4YWZkNDQ4NWYxNDRmNDkxZWU4OlplSVhCYVZLUk5KSWhOQ3NrSEVueFE9PQ==,Green Haven Llp,Proprietor,NAMRITA KABRA,Manufacturer,Food & Agri Products,"{""Fats & Oils"": [""Fats & Oils""], ""Service, Associations & Trade Support"": [""Service, Associations & Trade Support""]}",[],"{""Fats & Oils"": [""Fats & Oils""], ""Service, Associations & Trade Support"": [""Service, Associations & Trade Support""]}",B-30A,2,https://www.greenhavendevelopers.com/,"1ST FLOOR, A 16, NARAYAN PLAZA, OFF SAKI VIHAR ROAD, ANDHERI EAST, SAKINAKA, BOOMERANG COOPERATIVE PREMISES SOCIETY LTD, CHANDIVALI",MUMBAI,Maharashtra,India,400072,ABEFG0534C,+917827751998,https://www.facebook.com/,https://www.linkedin.com/home?originalSubdomain=in,https://www.twitter.com/,https://www.youtube.com/,https://www.twitter.com/,1000,"Distributor,exporter,importer",GREEN HAVEN LLP,https://erp.tpci.in/images/upload/company_logo/Exhibitor-Logo-6696.jpeg?rand=96849,,0,[],,[]
YmFkZjhjNmFmYWU3MDhmMzpkNWRkNDMwNjFkZjIyMDU2OTM5ZGFjNzBmZGUyNDZkZWU5ZGVhZmMzOmFqRUpGNDN2dnRCWU1LenhaVmxXOHc9PQ==,Gsy International Trade Private Limited,Private Limited,EDWIN ZAVIYAR,Manufacturer Exporter,Food & Agri Products,"{""Dry Fruits & Nuts"": [""Dry Fruits & Nuts""], ""Grocery, Staple & Dry Foods"": [""Grocery, Staple & Dry Foods""], ""Rice, Pulses, Grains, Spices and Commodities"": [""Rice, Pulses, Grains, Spices and Commodities""]}","[{""productName"": ""Noor Al Arab Steam Basmati Rice"", ""description"": ""Steam Basmati rice is long-grain basmati that has been steam-treated (parboiled) before milling. This process strengthens the grain, improves cooking performance, and keeps the rice extra long, fluffy, and non-sticky after cooking."", ""productImage"": ""https://erp.tpci.in/frontend/exhibitor/product-178358951473123105.jpg?36.289927769722354""}, {""productName"": ""Noor Al Arab Sella Basmati Rice"", ""description"": ""Sella Basmati rice is premium long-grain basmati that is parboiled in the husk before milling. This process gives the grains a golden/yellow tint, extra strength, and excellent cooking performance especially for biryani."", ""productImage"": ""https://erp.tpci.in/frontend/exhibitor/product-178358951434853311.jpg?36.97678301201834""}, {""productName"": ""Noor Al Arab Cooking Oil"", ""description"": ""High-quality cooking oil with a light texture, excellent frying performance, and consistent quality for households, restaurants, and catering businesses."", ""productImage"": ""https://erp.tpci.in/frontend/exhibitor/product-178358951472464155.jpg?76.01413482428913""}, {""productName"": ""Noor Al Arab Sunflower Oil"", ""description"": ""Premium refined sunflower oil offering excellent quality, light flavor, and reliable performance for households, restaurants, catering, and foodservice operations."", ""productImage"": ""https://erp.tpci.in/frontend/exhibitor/product-178358951412171328.jpg?69.14032815875515""}, {""productName"": ""Noor Al Arab Corn Oil"", ""description"": ""Premium refined corn oil offering superior quality, light flavor, and consistent performance for households, restaurants, catering, and foodservice operations."", ""productImage"": ""https://erp.tpci.in/frontend/exhibitor/product-178358951438094028.jpg?17.6592393942729""}, {""productName"": ""Noor Al Arab Sona Masoori"", ""description"": ""Sona Masoori is a medium-grain, lightweight, aromatic rice widely grown and consumed in South India. It is known for its soft texture, mild aroma, and low starch content, making it easy to digest and ideal for daily meals."", ""productImage"": ""https://erp.tpci.in/frontend/exhibitor/product-178358951447509239.jpg?80.87521556846352""}, {""productName"": ""Noor Al Arab Matta Rice"", ""description"": ""Matta rice is a parboiled, red-husked, coarse-grain rice traditionally grown in Kerala. It is famous for its distinct reddish color, earthy flavor, and high nutritional value due to the retention of bran during processing."", ""productImage"": ""https://erp.tpci.in/frontend/exhibitor/product-178358951467071115.jpg?51.39836273286339""}, {""productName"": ""Noor Al Arab Jeerakasala"", ""description"": ""Jeerakasala is a premium, small-grain, aromatic rice native to Kerala, prized for its rich fragrance, soft texture, and ability to absorb flavors. The grains resemble cumin seeds (jeera), which is how the rice gets its name."", ""productImage"": ""https://erp.tpci.in/frontend/exhibitor/product-178358951457387589.jpg?14.366170032290901""}, {""productName"": ""Noor Al Arab Idly Rice"", ""description"": ""Idly Rice is a short-grain, parboiled white rice specially processed for making soft and fluffy South Indian steamed foods like idly and dosa."", ""productImage"": ""https://erp.tpci.in/frontend/exhibitor/product-178358951491843601.jpg?17.635765036228825""}, {""productName"": ""Noor Al Arab Ponni Rice"", ""description"": ""Ponni rice is a popular South Indian variety of medium-grain rice, widely grown along the banks of the Kaveri River. It is commonly available in both raw and parboiled forms and is a staple for daily meals in Tamil Nadu and nearby regions."", ""productImage"": ""https://erp.tpci.in/frontend/exhibitor/product-178358951494753165.jpg?45.08031815763592""}, {""productName"": ""Noor Al Arab Masoor Dal"", ""description"": ""Masoor dal is a popular red lentil that is split and skinned, known for its quick cooking time, soft texture, and mild earthy flavor. It is widely used in Indian, Middle Eastern, and South Asian home cooking."", ""productImage"": ""https://erp.tpci.in/frontend/exhibitor/product-178358951453021260.jpg?72.49429875285766""}, {""productName"": ""Noor Al Arab Toor Dal"", ""description"": ""A split yellow pigeon pea lentil, commonly used in South Indian and North Indian cooking. It has a mild nutty flavor, cooks to a soft texture, and is mainly used for sambar and dal curry."", ""productImage"": ""https://erp.tpci.in/frontend/exhibitor/product-17835895142573872.jpg?27.230542364744974""}, {""productName"": ""Noor Al Arab Moong Dal"", ""description"": ""A light, easily digestible split yellow lentil. It cooks quickly and turns soft and creamy, widely used for khichdi, soups, and simple dal dishes."", ""productImage"": ""https://erp.tpci.in/frontend/exhibitor/product-178358951439554845.jpg?18.66981863851642""}, {""productName"": ""Noor Al Arab Urad Dal"", ""description"": ""A rich, protein-heavy split white lentil with a slightly sticky texture when cooked. It is essential for idly, dosa batter, and thick North Indian dals."", ""productImage"": ""https://erp.tpci.in/frontend/exhibitor/product-178358951414003436.jpg?11.65746917171168""}, {""productName"": ""Noor Al Arab Black Channa"", ""description"": ""A small, dark brown chickpea with a firm texture and earthy taste. It is high in protein and used in curries, salads, and sprouts."", ""productImage"": ""https://erp.tpci.in/frontend/exhibitor/product-178358951492358181.jpg?2.277893016373639""}, {""productName"": ""Noor Al Arab Sugar"", ""description"": ""A sweet crystalline ingredient made from sugarcane or sugar beet. It is used in beverages, desserts, bakery items, and cooking."", ""productImage"": ""https://erp.tpci.in/frontend/exhibitor/product-178358951449232124.jpg?76.41706064009766""}, {""productName"": ""Noor Al Arab Salt"", ""description"": ""A basic seasoning mineral composed mainly of sodium chloride. It enhances flavor in all types of food and is essential in daily cooking."", ""productImage"": ""https://erp.tpci.in/frontend/exhibitor/product-178358951435178381.jpg?75.25162722473185""}, {""productName"": ""Noor Al Arab Cummin Powder"", ""description"": ""A finely ground spice made from roasted cumin seeds. It has a warm, earthy, slightly nutty flavor and is commonly used in curries, dals, and seasoning blends."", ""productImage"": ""https://erp.tpci.in/frontend/exhibitor/product-178358951410406360.jpg?47.00695727673076""}, {""productName"": ""Noor Al Arab Chilli Powder"", ""description"": ""A spicy red powder made from dried chillies. It adds heat, color, and flavor to Indian dishes, curries, and marinades."", ""productImage"": ""https://erp.tpci.in/frontend/exhibitor/product-178358951482560943.jpg?9.279907782822763""}, {""productName"": ""Noor Al Arab Pepper Powder"", ""description"": ""A sharp, pungent spice made from dried black pepper seeds. It adds heat and strong aroma to soups, meats, and vegetable dishes."", ""productImage"": ""https://erp.tpci.in/frontend/exhibitor/product-178358951441821207.jpg?5.378670157286032""}, {""productName"": ""Noor Al Arab Turmeric Powder"", ""description"": ""A bright yellow spice known for its earthy flavor and natural color. It is widely used in curries and has strong medicinal properties."", ""productImage"": ""https://erp.tpci.in/frontend/exhibitor/product-178358951465907331.jpg?99.05363051132638""}, {""productName"": ""Noor Al Arab Coriander Powder"", ""description"": ""A mild, citrusy-flavored spice made from dried coriander seeds. It is commonly used as a base spice in gravies and curries."", ""productImage"": ""https://erp.tpci.in/frontend/exhibitor/product-178358951433907730.jpg?79.13214515813826""}, {""productName"": ""Noor Al Arab Kashmiri Chilli Powder"", ""description"": ""Kashmiri chili powder is a vibrant red spice blend originating from the Kashmir region of India. It's made from dried Kashmiri chilies, which are known for their mild heat and rich color."", ""productImage"": ""https://erp.tpci.in/frontend/exhibitor/product-178358951489913846.jpg?98.49983733007669""}]","{""Dry Fruits & Nuts"": [""Dry Fruits & Nuts""], ""Grocery, Staple & Dry Foods"": [""Grocery, Staple & Dry Foods""], ""Rice, Pulses, Grains, Spices and Commodities"": [""Rice, Pulses, Grains, Spices and Commodities""]}",D-34,2,https://gsyinternationalgroup.com/,"GSY INTERNATIONAL TRADE PVT LTD, GROUND FLOOR, SRI DEVI APARTMENT, NO.3, G-7, LAKSHMIKANTHAN ST, PONDY BAZAAR, T. NAGAR, CHENNAI, TAMIL NADU 600017",CHENNAI,Tamil Nadu,India,600017,AAMCG3810B,9025795155,http://www.facebook.com/profile.php?id=61579747550514,http://www.linkedin.com/company/94790638/admin/dashboard/,https://www.twitter.com/,https://www.youtube.com/,http://www.instagram.com/gsy_groups/,1000,"Distributor,exporter,importer",GSY INTERNATIONAL TRADE PRIVATE LIMITED,https://erp.tpci.in/images/upload/company_logo/Exhibitor-Logo-6677.jpeg?rand=35137,https://erp.tpci.in/uploads/ex_docs/6677/GSY Profile_compressed.pdfe7f8a07701e382cc8c1b8acf0f38775d_6a4b7b0a7b703.pdf,05,"[{""id"": ""11756"", ""description"": ""Noor Al Arab For Foodstuff"", ""link"": ""https://erp.tpci.in//frontend/exhibitor/4de262d6eb88707456e05ef67485073f_6a4b7e05bd63e.pdf""}, {""id"": ""11822"", ""description"": ""GSY"", ""link"": ""https://erp.tpci.in//frontend/exhibitor/95ac4a38b907b05563d21b9a4803b848_6a50ec48d8c60.pdf""}, {""id"": ""11823"", ""description"": ""GSY_L"", ""link"": ""https://erp.tpci.in//frontend/exhibitor/df60739fdb54747290ec4e52f7daa39f_6a50ec5d7889b.pdf""}, {""id"": ""11824"", ""description"": ""GSY Membership"", ""link"": ""https://erp.tpci.in//frontend/exhibitor/1e48e45f73fa8e661d7330f28a32e98d_6a50ec6d928ad.pdf""}, {""id"": ""11825"", ""description"": ""HACCP"", ""link"": ""https://erp.tpci.in//frontend/exhibitor/c34a7d75639a88a2b9ed5fd4808e3356_6a50ecb8b457f.pdf""}]",,[]
MTE5YTRiZDY1M2YxOGY1MDoxZmFjMWM4NzNhMjFhOWVlMmNjMDYwMmI3YWQ1OTM2YTkxODE1OTEzOkkrVmlUKzZPTEFjeDJ0N28xbDk0N2c9PQ==,Gujarat State Plastic Manufacturers Association,Society,ANISH PATEL,Service Provider,Others,"{""Service, Associations & Trade Support"": [""Service, Associations & Trade Support""]}",[],"{""Service, Associations & Trade Support"": [""Service, Associations & Trade Support""]}",D-30A,2,www.gspma.in,"7TH FLOOR, SPAN TRADE CENTRE, OPP. KOCHRAB ASHRAM, PALDI, ELLISBRIDGE,",AHMEDA BAD,Gujarat,,380006,AAATG3563A,+917827751998,https://www.facebook.com/,https://www.linkedin.com/home?originalSubdomain=in,https://www.twitter.com/,https://www.youtube.com/,https://www.twitter.com/,NA,Market Servey,"GUJARAT STATE PLASTIC MANUFACTURERS ASSOCIATION IS ONE OF THE LEADING ASSOCIATIONS IN THE COUNTRY, HAVING LARGE NUMBER OF MEMBERS, REPRESENTING & WORKING FOR THE CAUSE OF PLASTIC INDUSTRY SINCE 1970. IT HAS BEEN CONSTANTLY ENGAGED IN THE DEVELOPMENT OF PLASTIC INDUSTRY SINCE 1970. GSPMA IS ONE OF THE FOUNDER MEMBERS OF PLASTINDIA FOUNDATION. GSPMA ALSO ORGANIZED INTERNATIONAL PLASTIC EXHIBITION PLEXPOINDIA IN GUJARAT. THE 10TH EDITION WILL TAKE PLACE AT GANDHINAGAR (GUJRAT) DURING 17TH TO 20TH SEPTEMBER 2027.  FIRST-EVER PLASTIC INDUSTRY EXHIBITION ORGANIZED BY GSPMA IN 1979 @ AHMEDABAD.",https://erp.tpci.in/images/upload/company_logo/Exhibitor-Logo-6732_6a59f9bcafaaa.jpg?rand=43686,,0,[],,[]
MzU0MzE2NzdjMjY4Njc1NzpmYzc5MTk5YmU3MzJjMmFjNWUzMmMxMmFjOGE5Mzc0MjRmM2EzZmVmOmtWS2ZyOURwWmZ1S1VTU0ZTSGtuZVE9PQ==,Gut Feeling,Proprietor,NEEL SHAH,Trader,Vegan Foods,"{""Indian Ethnic Food"": [""Indian Ethnic Food""]}",[],"{""Indian Ethnic Food"": [""Indian Ethnic Food""]}",,,www.pasandfoods.com,"VASNA BHAYLI ROAD,",VADODARA,Gujarat,,391410,BSEPS2166N,+917827751998,https://www.facebook.com/,https://www.linkedin.com/home?originalSubdomain=in,https://www.twitter.com/,https://www.youtube.com/,https://www.twitter.com/,NIL,"Distributor,importer","PASAND IS AN EXCITING RANGE OF PREMIUM QUALITY FOOD PRODUCTS.
WE HAVE AN ENTICING BASKET OF PICKLES AND CHUTNEYS.
PASAND PICKLES ARE A SUPERIOR QUALITY FRUIT AND VEGETABLE PRODUCTS WITH HIGH SHELF LIFE MANUFACTURED UNDER STRINGENT PROTOCOLS OF HYGIENE AND SAFETY.
PASAND PICKLES AND CHUTNEYS ARE HAND CRAFTED GOURMET RECIPES MADE WITH THE FINEST INGREDIENTS AND UTMOST CARE.
THE AUTHENTIC FORMULATIONS ARE A TRIBUTE TO THE HIGHEST CULINARY TRADITIONS AND APPEAL TO EVERYONE EQUALLY. QUALITY, ORIGINALITY AND TASTE ARE AT THE CORE OF ITS PROCESS.
THE RICHNESS OF THE PRODUCTS BRING ULTIMATE EPICUREA",https://erp.tpci.in/images/upload/company_logo/Exhibitor-Logo-6657_6a3dff57b1672.png?rand=68790,,0,[],,[]
YzczN2JjOTAwYjZmZmI5MToyYTYxYTcyMTYxMjA4N2FhNDZkMDMxMTgzMjJkOTliMzA3YTI1OTdmOkw2VnVGS2QrWVJVUEpnRTJzaXoxNFE9PQ==,H.r. Exports Private Limited,Private Limited,MOHIT GUPTA,Manufacturer Exporter,Food & Agri Products,"{""Rice, Pulses, Grains, Spices and Commodities"": [""Rice, Pulses, Grains, Spices and Commodities""]}",[],"{""Rice, Pulses, Grains, Spices and Commodities"": [""Rice, Pulses, Grains, Spices and Commodities""]}",B-40,2,https://www.shaziarice.com/,"2646, 1ST FLOOR,GALI RAGHUNANDAN, , NAYA BAZAR",NEW DELHI,Delhi,India,110034,AACCH3738H,+917827751998,https://www.facebook.com/,https://www.linkedin.com/home?originalSubdomain=in,https://www.twitter.com/,https://www.youtube.com/,https://www.twitter.com/,1000,"Distributor,importer",H.R. EXPORTS PRIVATE LIMITED,https://erp.tpci.in/images/upload/company_logo/Exhibitor-Logo-6627.jpeg?rand=97209,https://erp.tpci.in/uploads/ex_docs/6627/NEW CATALOGUE 24.pdf7664df9de57c07c19b7aed3c8e2d82fb_6a54cd6393be7.pdf,0,[],,[]
NmY5ZDI4YWE4MDU3MjA5ZTo4NzllNWNmYWE2MWZjOGVlNDQ4ODc1Y2U0ODlkMTJmMTc5MzlmOGJhOnlNdGFPekIvUThwbUp0ZDMzN1FOWmc9PQ==,Hayacinth Agro Products Private Limited,Private Limited,SHAHJAHAN,Manufacturer,Food & Agri Products,"{""Cold Chain & Logistics Solutions"": [""Cold Chain & Logistics Solutions""], ""Dry Fruits & Nuts"": [""Dry Fruits & Nuts""], ""Food Processing & Packaging Machinery"": [""Food Processing & Packaging Machinery""], ""Marine & Sea Food"": [""Marine & Sea Food""]}",[],"{""Cold Chain & Logistics Solutions"": [""Cold Chain & Logistics Solutions""], ""Dry Fruits & Nuts"": [""Dry Fruits & Nuts""], ""Food Processing & Packaging Machinery"": [""Food Processing & Packaging Machinery""], ""Marine & Sea Food"": [""Marine & Sea Food""]}",B-07,2,www.hyacinthfood.com,"87 INDUSTRIAL ESTATE, ZANAKOTE",SRINAGAR,Jammu And Kashmir,India,190012,AABCH5762L,+917827751998,https://www.facebook.com/,https://www.linkedin.com/home?originalSubdomain=in,https://www.twitter.com/,https://www.youtube.com/,https://www.twitter.com/,2577,"Distributor,exporter,importer,jv,market Servey,technology Transfer","HYACINTH AGRO PRODUCTS PRIVATE LIMITED ARE ENGAGED IN PACKING OF CANNED VEGETABLES, ASPARAGUS, PLUMS, PEACHES, PEARS AND CHERRIES. THE COMPANY PROPOSES TO ENTER INTO THE EXPORT MARKET WITH ITÂ€™S READY TO AUTHENTIC KASHMIR CUISINE CALLED, WAZWAN. THEIR INFRASTRUCTURE IS SPREAD OVER IN 20000 SQ FT AREA",https://erp.tpci.in/images/upload/company_logo/Exhibitor-Logo-6792_6a5a41c1b9d1f.jpg?rand=94278,,0,[],,[]
NmY5OTI1NmViMTRlZGJhODphOWM1YzhmNzQwN2E5OGViOTcyOWIxYjI4NTI4NTc1YTIxM2FlNDQzOjZHaUg3Yy9INnpNNXQ1SHdEMUxQaVE9PQ==,Helios Concrew Pvt Ltd,Private Limited,HITARTH RAVAL,Manufacturer Exporter,Others,"{""Food Processing & Packaging Machinery"": [""Food Processing & Packaging Machinery""]}","[{""productName"": ""HC FOODPACK 2440"", ""description"": ""We Helios Concrew Pvt. Ltd. aims at providing Packaging Solutions for Food industry We have extensive experience in manufacturing superior quality BLISTER PACKING MACHINES suitable for  YOGURT, CURD, BUTTER, LIQUID, CHOCOLATE, JELLY, JAM, HONEY, PEANUT BUTTER packing solutions."", ""productImage"": ""https://erp.tpci.in/frontend/exhibitor/product-178184966588192883.jpg?65.77192308918752""}]","{""Food Processing & Packaging Machinery"": [""Food Processing & Packaging Machinery""]}",A-45,2,www.blisterking.com/,"44, AMBICA INDUSTRIAL HUB, AMBICA TUBE COMPOUND, VATVA RAILWAY BRIDGE, VATVA, AHMEDABAD - 382440, GUJARAT(INDIA)",AHMEDABAD,Gujarat,India,382440,AAECH2903E,+917827751998,https://www.facebook.com/,https://www.linkedin.com/home?originalSubdomain=in,https://www.twitter.com/,https://www.youtube.com/,https://www.twitter.com/,1000000,"Distributor,importer","WE HELIOS CONCREW PVT. LTD. AIMS AT PROVIDING PACKAGING SOLUTIONS FOR FOOD INDUSTRY. WE HAVE
EXTENSIVE EXPERIENCE IN MANUFACTURING SUPERIOR QUALITY BLISTER PACKING MACHINES SUITABLE FOR  YOGURT, CURD, BUTTER, LIQUID, CHOCOLATE, JELLY, JAM, HONEY, PEANUT BUTTER PACKING SOLUTIONS.


WE AT HELIOS CONCREW PVT. LTD. EMPHASES ON QUALITY AND NO COMPROMISE POLICY. EACH OF OUR MACHINES ARE MANUFACTURED USING WORLD CLASS INFRASTRUCTURE HIGHLY AUTOMATED MACHINES.QUALITY INSTRUMENTS ARE USED FOR INSPECTIONS WHICH ARE PERIODICALLY CALIBRATED. WE HAVE IN-LINE PRODUCTION OF 20 MACHINES IN OUR PRODUCTION HOUS",https://erp.tpci.in/images/upload/company_logo/Exhibitor-Logo-6553.png?rand=49784,https://erp.tpci.in/uploads/ex_docs/6553/HC FOODPACK 1540_2440_4540 BROCHURE_compressed.pdf7b764af114d6ec92da208eae4e565716_6a352d6fa672a.pdf,01,"[{""id"": ""11732"", ""description"": ""certificate "", ""link"": ""https://erp.tpci.in//frontend/exhibitor/e0a8d8035ac41f6fb446793eced6c514_6a352d9c05d0e.pdf""}]",,"[{""type"": ""youtube"", ""video_url"": ""https://www.youtube.com/watch?v=MWH0yRWh4vA"", ""title"": ""BLISTER PACKING MACHINE FOR FOOD"", ""description"": ""We Helios Concrew Pvt. Ltd. aims at providing Packaging Solutions for Food industry. We have\nextensive experience in manufacturing superior quality BLISTER PACKING MACHINES suitable for  YOGURT, CURD, BUTTER, LIQUID, CHOCOLATE, JELLY, JAM, HONEY, PEANUT BUTTER packing solutions.\n\n\nWe at Helios Concrew Pvt. Ltd. emphases on Quality and No compromise Policy. Each of our Machines are manufactured using world class Infrastructure Highly Automated Machines.Quality instruments are used for inspections which are periodically calibrated. We have in-line production of 20 machines in our production house.""}]"
OWFkYmYzZWJhNmQxMTYwMzpjNDk3Mzg4ZjAyMjQxZTFhZDU3NGY1Y2E4YTdlYzI2N2Q5MTQwMWE2OnFRSVBTb2YwQWVIUjRUMG5MMFM5akE9PQ==,Helse Foods Products Llp,Partnership,NEHA PRAVIN RAMBHIA,Manufacturer,Food & Agri Products,"{""Fine Food"": [""Fine Food""], ""Health Food, Free From & Super Food"": [""Health Food, Free From & Super Food""], ""Private Label"": [""Private Label""], ""Snacks & On the Go Foods"": [""Snacks & On the Go Foods""]}",[],"{""Fine Food"": [""Fine Food""], ""Health Food, Free From & Super Food"": [""Health Food, Free From & Super Food""], ""Private Label"": [""Private Label""], ""Snacks & On the Go Foods"": [""Snacks & On the Go Foods""]}",A-23,2,https://www.helsefoods.com,"E5-136 BHUMI WORLD, 1ST FLOOR, BHUMI WORLD INDUSTRIAL PARK, PIMPLAS, BHIWANDI.",THANE,Maharashtra,,421302,AAQFH4315P,+917827751998,https://www.facebook.com/,https://www.linkedin.com/home?originalSubdomain=in,https://www.twitter.com/,https://www.youtube.com/,https://www.twitter.com/,1000,"Distributor,exporter,importer",HELSE FOODS RODUCTS LLP,https://erp.tpci.in/images/upload/company_logo/Exhibitor-Logo-6681_6a5cb0e283ce1.png?rand=66805,https://erp.tpci.in/uploads/ex_docs/6681/1 - Helse Brochure-compressed.pdf873bb51398d6163b9463d4eeb5425106_6a5cb1e9eeeca.pdf,0,[],,[]
Y2Y4ODUzMDc0MDhmNjVjNzpkMGFmY2E4NTQ2NzMwY2I4NjEzNDVjYjdhZTE5MGZmNzQ1Y2EwOWE4OnhrZmlLNW5BL0FRV28rVWNmRmtieGc9PQ==,Hesthetic Life Private Limited,Private Limited,ASHISH THESIA,Manufacturer Exporter,Food & Agri Products,"{""Fresh Produce"": [""Fresh Produce""], ""Rice, Pulses, Grains, Spices and Commodities"": [""Rice, Pulses, Grains, Spices and Commodities""]}","[{""productName"": ""Premium Cold Pressed Peanut (Groundnut) Cooking Oil"", ""description"": ""Crafted from carefully selected premium peanuts, this oil is extracted using our Single Screw Cold Pressed Extraction Method with German Technology to help retain maximum nutrients, natural flavor, and purity. "", ""productImage"": ""https://erp.tpci.in/frontend/exhibitor/product-178417884594155518.jpg?14.373789182280925""}, {""productName"": ""Premium Cold Pressed Coconut Cooking Oil"", ""description"": ""Crafted from carefully selected premium coconuts, our Coconut Oil is extracted using the Single Screw Cold Pressed Extraction Method with German Technology to help retain maximum nutrients, natural aroma, and purity. Enjoy wholesome goodness, rich flavor, and uncompromised quality in every drop."", ""productImage"": ""https://erp.tpci.in/frontend/exhibitor/product-178417884575877817.jpg?65.70665311599771""}, {""productName"": ""Premium Cold Pressed White Sesame (Gingelly) Cooking Oil"", ""description"": ""Crafted from carefully selected premium white sesame (gingelly) seeds, our oil is extracted using the Single Screw Cold Pressed Extraction Method with German Technology to help retain maximum nutrients, natural flavor, and purity. "", ""productImage"": ""https://erp.tpci.in/frontend/exhibitor/product-178417884576368523.jpg?85.41190110651023""}, {""productName"": ""Premium Cold Pressed Yellow Mustard Cooking Oil"", ""description"": ""Crafted from carefully selected premium white sesame (gingelly) seeds, our oil is extracted using the Single Screw Cold Pressed Extraction Method with German Technology to help retain maximum nutrients, natural flavor, and purity. Enjoy rich taste and wholesome goodness in every drop."", ""productImage"": ""https://erp.tpci.in/frontend/exhibitor/product-178417884582173324.jpg?29.939549257922497""}, {""productName"": ""Premium Cold Pressed Sunflower Cooking Oil"", ""description"": ""Crafted from carefully selected premium sunflower seeds, our Sunflower Cooking Oil is extracted using the Single Screw Cold Pressed Extraction Method with German Technology to help retain maximum nutrients, natural goodness, and purity. "", ""productImage"": ""https://erp.tpci.in/frontend/exhibitor/product-178417884558731959.jpg?93.46204604344634""}, {""productName"": ""Extra Virgin Cold Pressed Olive Oil"", ""description"": ""Crafted from carefully selected premium olives, our Olive Oil is extracted using the Single Screw Cold Pressed Extraction Method with German Technology to help retain maximum nutrients, natural antioxidants, and authentic flavor. "", ""productImage"": ""https://erp.tpci.in/frontend/exhibitor/product-178417884553834258.jpg?77.49158551682865""}, {""productName"": ""Edible Premium Cold Pressed Almond Oil"", ""description"": ""Crafted from carefully selected premium almonds, our Edible Premium Cold Pressed Almond Oil is extracted using the Single Screw Cold Pressed Extraction Method with German Technology to help retain maximum nutrients, natural goodness, and purity."", ""productImage"": ""https://erp.tpci.in/frontend/exhibitor/product-178417884537537101.jpg?7.071792527168796""}, {""productName"": ""Premium Cold Pressed Flaxseed Oil"", ""description"": ""Crafted from carefully selected premium flaxseeds, our Premium Cold Pressed Flaxseed Oil is extracted using the Single Screw Cold Pressed Extraction Method with German Technology to help retain maximum nutrients, natural goodness, and purity. "", ""productImage"": ""https://erp.tpci.in/frontend/exhibitor/product-17841788458962607.jpg?2.884209158722506""}, {""productName"": ""Premium Cold Pressed Hemp Seed Oil"", ""description"": ""Crafted from carefully selected premium hemp seeds, our Premium Cold Pressed Hemp Seed Oil is extracted using the Single Screw Cold Pressed Extraction Method with German Technology to help retain maximum nutrients, natural goodness, and purity. "", ""productImage"": ""https://erp.tpci.in/frontend/exhibitor/product-178417884517341217.jpg?93.20567128547064""}, {""productName"": ""Edible Premium Cold Pressed Pumpkin Seed Oil"", ""description"": ""Crafted from carefully selected premium pumpkin seeds, our Edible Premium Cold Pressed Pumpkin Seed Oil is extracted using the Single Screw Cold Pressed Extraction Method with German Technology to help retain maximum nutrients, natural goodness, and purity. "", ""productImage"": ""https://erp.tpci.in/frontend/exhibitor/product-17841788457517139.jpg?57.37573202455019""}]","{""Fresh Produce"": [""Fresh Produce""], ""Rice, Pulses, Grains, Spices and Commodities"": [""Rice, Pulses, Grains, Spices and Commodities""]}",E-30,2,https://hesthetic.com/,"FIRST FLOOR AND SECOND FLOOR, PLOT NO 11 AND 12, SHIVA PARK SOCIETY, VARACHHA ROAD, KARANJ",SURAT,Gujarat,India,395006,AAFCH2106L,+917827751998,https://www.facebook.com/,https://www.linkedin.com/home?originalSubdomain=in,https://www.twitter.com/,https://www.youtube.com/,https://www.twitter.com/,1000,"Distributor,importer",HESTHETIC LIFE PRIVATE LIMITED,https://erp.tpci.in/images/upload/company_logo/Exhibitor-Logo-6626.jpeg?rand=31860,,0,[],,[]
ZTRhNDAxMjJkMTZkNzY4OTo3ZDU0OGFmZjg2NjRjODllZmQ5MDgwNjhlNjk3NmNiNWEyM2JlMjZmOnpxcHBCc2FCazlzVUNjTVUyUG93ckE9PQ==,Himalayan Medicinal & Aromatic Producers Coop. Ltd.,Cooperatives,ARJUN RAINA,Manufacturer,Food & Agri Products,"{""Dry Fruits & Nuts"": [""Dry Fruits & Nuts""]}","[{""productName"": ""Kashmir Rosemary Water"", ""description"": ""Kashmiri rosemary water "", ""productImage"": ""https://erp.tpci.in/frontend/exhibitor/product-178419126856989382.jpg?0.5958305677360208""}, {""productName"": ""Kashmiri Apple"", ""description"": ""Varieties Delicious, Amri, Gala, Green apple,"", ""productImage"": ""https://erp.tpci.in/frontend/exhibitor/product-178419126839750776.jpg?10.276973070834739""}, {""productName"": ""Kashmiri Lavender"", ""description"": ""Kashmiri Lavender"", ""productImage"": ""https://erp.tpci.in/frontend/exhibitor/product-178419126811720640.jpg?49.597376724330125""}, {""productName"": ""Improved Cultivated Dandelion"", ""description"": ""Cultivated Dandelion flower, shoot and root"", ""productImage"": ""https://erp.tpci.in/frontend/exhibitor/product-178419126892092361.jpg?17.155967482510924""}, {""productName"": ""saussurea costus"", ""description"": ""cultivated  costus (region Jammu kashmir)"", ""productImage"": ""https://erp.tpci.in/frontend/exhibitor/product-178419126831563541.jpg?36.98771031292873""}, {""productName"": ""Kashmiri Walnut"", ""description"": ""Kashmiri desi and chander walnut"", ""productImage"": ""https://erp.tpci.in/frontend/exhibitor/product-178419126853292490.jpg?33.470652190475406""}, {""productName"": ""Pears"", ""description"": ""Kashmiri red and green pears"", ""productImage"": ""https://erp.tpci.in/frontend/exhibitor/product-178419126843667077.jpg?56.390133086955295""}, {""productName"": ""Lavender essential Oil "", ""description"": ""Kashmiri Lavender oil"", ""productImage"": ""https://erp.tpci.in/frontend/exhibitor/product-17841912683444322.jpg?81.53871193671479""}, {""productName"": ""Pine Nut"", ""description"": ""Wild Pine Nut"", ""productImage"": ""https://erp.tpci.in/frontend/exhibitor/product-178419126898148554.jpg?38.523163496072556""}, {""productName"": ""Bhaderwahi Rajma"", ""description"": ""GI Tagged product of J&K"", ""productImage"": ""https://erp.tpci.in/frontend/exhibitor/product-178419126883638267.jpg?47.99968474358291""}]","{""Dry Fruits & Nuts"": [""Dry Fruits & Nuts""]}",A-15,2,ridayu.com,VILLAGE MANWAH BHALRA BHADERWAH,BHADERWAH,Jammu And Kashmir,India,182221,0000000000,9906200793,http://www.facebook.com/mailarjunraina,http://www.linkedin.com/mailarjunraina,http://www.twitter.com/mailarjunraina,http://www.youtube.com/mailarjunraina,http://www.instagram.com/mailarjunraina,NIL,"Distributor,exporter,importer,jv",H-MAP IS AN FPO SPECIALIZES IN CULTIVATION AMD VALUE ADDITION OF HORTICULTURAL AROMATIC AND MEDICINAL PRODUCE,https://erp.tpci.in/images/upload/company_logo/Exhibitor-Logo-6738.jpg?rand=57205,https://erp.tpci.in/uploads/ex_docs/6738/file_000000007b307207a4af7c7a6c6c2bae.png2c1cb300f0fa1c1df929d6e060388dc8_6a58973a5b3cc.png,02,"[{""id"": ""11906"", ""description"": ""Udyam Certificate"", ""link"": ""https://erp.tpci.in//frontend/exhibitor/f2af312aabad85e0a5f294394922a4d4_6a58927d9cdba.pdf""}, {""id"": ""11907"", ""description"": ""Registration certificate"", ""link"": ""https://erp.tpci.in//frontend/exhibitor/7fb4813fb76311a04dce180c73b737af_6a5892998c620.pdf""}]",,"[{""type"": ""youtube"", ""video_url"": ""https://youtu.be/PtxmJ7qvmC0?si=Y6viICndquxChj_j"", ""title"": ""Aroma mission""}]"
MzFmNTIyNDY3NDgxNGNlYTo1Mjg4MjZiYmI1NjA2MDAxMDAwOGRmYTI2Mzk3MDA0MTE1NDI3NDJkOmpSQWJwWVQxVTliYmZhZFRjSE53RlE9PQ==,Hkl Agro Foods Pvt Ltd,Private Limited,HARISH PATEL,Manufacturer Exporter,Food & Agri Products,"{""Health Food, Free From & Super Food"": [""Health Food, Free From & Super Food""], ""Organic, Natural & Ethical Foods"": [""Organic, Natural & Ethical Foods""], ""Private Label"": [""Private Label""], ""Rice, Pulses, Grains, Spices and Commodities"": [""Rice, Pulses, Grains, Spices and Commodities""], ""Snacks & On the Go Foods"": [""Snacks & On the Go Foods""]}",[],"{""Health Food, Free From & Super Food"": [""Health Food, Free From & Super Food""], ""Organic, Natural & Ethical Foods"": [""Organic, Natural & Ethical Foods""], ""Private Label"": [""Private Label""], ""Rice, Pulses, Grains, Spices and Commodities"": [""Rice, Pulses, Grains, Spices and Commodities""], ""Snacks & On the Go Foods"": [""Snacks & On the Go Foods""]}",A-49,2,https://hklagrofoods.com/,"35/36/37,GOVINDJI INDUSTRIAL ESTATE, VALAN, MORTHANA, KAMREJ",SURAT,Gujarat,,394325,AAHCH5825L,9512960639,https://www.facebook.com/,https://www.linkedin.com/home?originalSubdomain=in,https://www.twitter.com/,https://www.youtube.com/,https://www.twitter.com/,12700000,"Distributor,importer",HKL AGRO FOODS PVT LTD,https://erp.tpci.in/images/upload/company_logo/Exhibitor-Logo-6630_6a5c7a7ee1a76.png?rand=39438,https://erp.tpci.in/uploads/ex_docs/6630/COMPANY PROFILE.pdf14e82a20185572b4eacb1f7a4b245619_6a5c780535ad7.pdf,01,"[{""id"": ""11949"", ""description"": ""APEDA"", ""link"": ""https://erp.tpci.in//frontend/exhibitor/2a8630855a51587fe99ac86e133b4d0d_6a5c784186e79.pdf""}]",,[]
YTU5OWEwMmQ5ZjVjMzBkNDplZjY4YTQ3NGZiNTIwZGI4NmJhN2M3MDRjYzdkOWU4MTFlODg4YWIwOjdvTGNweUtkRDdXTC9jSmNObCtKcEE9PQ==,Hotel Amarjit Private Limited,Private Limited,NARENDRA BONDRE,Manufacturer,Food & Agri Products,"{""Rice, Pulses, Grains, Spices and Commodities"": [""Rice, Pulses, Grains, Spices and Commodities""], ""Snacks & On the Go Foods"": [""Snacks & On the Go Foods""]}","[{""productName"": ""Ginger Garlic Paste"", ""description"": ""Micky’s Ginger Garlic Paste delivers fresh aroma and rich flavour instantly, saving prep time in any kitchen. Ready to use and thermally processed for consistency, it ensures authentic taste without artificial colours. Perfect for gravies, marinades, and everyday cooking."", ""productImage"": ""https://erp.tpci.in/frontend/exhibitor/product-178473005086159797.jpg?15.427731736961503""}, {""productName"": ""Pizza Pasta Sauce"", ""description"": ""Micky’s Pizza Pasta Sauce is a bold, tangy tomato-based sauce made with real spices for authentic flavour. Perfect for pizzas, pastas, and fusion dishes, it delivers consistency with no added preservatives or artificial colours. Just heat and use."", ""productImage"": ""https://erp.tpci.in/frontend/exhibitor/product-178473005089204972.jpg?62.051671335521775""}, {""productName"": ""Tomato Concasse"", ""description"": ""Micky’s Tomato Concasse offers chunky, juicy tomatoes with a fresh natural taste. Ready to use and preservative-free, it’s perfect for gravies, sauces, and fusion dishes. Just open, cook, and elevate your recipes."", ""productImage"": ""https://erp.tpci.in/frontend/exhibitor/product-178473005051623097.jpg?63.97516454008889""}, {""productName"": ""Onion Tomato Masala"", ""description"": ""Micky’s Onion Tomato Masala is a rich, slow-cooked base made from onions, tomatoes, and spices. Perfect for Indian gravies, it saves time while delivering consistent, homely flavour. Just heat, add ingredients, and cook."", ""productImage"": ""https://erp.tpci.in/frontend/exhibitor/product-17847300507556569.jpg?33.7208117672436""}, {""productName"": ""Kadhai Gravy"", ""description"": ""Micky’s Kadhai Gravy is a bold, spice-rich base made with tomatoes and aromatic Indian spices. Perfect for paneer, vegetables, and curries, it delivers authentic kadhai flavour with no added preservatives. Just heat, add ingredients, and cook."", ""productImage"": ""https://erp.tpci.in/frontend/exhibitor/product-17847300508137587.jpg?76.67856828931586""}, {""productName"": ""Makhani Gravy"", ""description"": ""Micky’s Makhani Gravy is a rich, creamy tomato-based gravy made with butter and cashews. Perfect for paneer and chicken dishes, it delivers authentic restaurant-style flavour with consistent quality. Just heat and cook."", ""productImage"": ""https://erp.tpci.in/frontend/exhibitor/product-178473005038165937.jpg?82.23040921821297""}, {""productName"": ""Malabari Gravy"", ""description"": ""Micky’s Malabari Gravy is a coconut-based coastal curry with roasted spices and mild tanginess. Perfect for South Indian-style dishes, it offers balanced flavour and ready-to-cook convenience with no added preservatives."", ""productImage"": ""https://erp.tpci.in/frontend/exhibitor/product-178473005096797208.jpg?81.11634429648178""}, {""productName"": ""Yellow Gravy"", ""description"": ""Micky’s Yellow Gravy is a smooth, creamy base made with cashews and mild spices. Ideal for comfort-style dishes, it offers rich texture and consistent flavour with ready-to-cook convenience."", ""productImage"": ""https://erp.tpci.in/frontend/exhibitor/product-178473005062819847.jpg?58.89049690113449""}, {""productName"": ""Toor Dal"", ""description"": ""Micky’s Boiled Toor Dal is made from premium quality split pigeon peas that are carefully cooked and ready to use. With its smooth texture and natural flavour, it is perfect for preparing traditional dishes like dal tadka, sambhar, and everyday home-style meals. Thermally processed with no added pre"", ""productImage"": ""https://erp.tpci.in/frontend/exhibitor/product-178473005078881142.jpg?51.10345468959161""}, {""productName"": ""Kabuli Chana"", ""description"": ""Micky’s Boiled Chole is made from high-quality Kabuli Chana that is soft, nutritious, and ready to use. With a mild nutty flavour and firm texture, it is perfect for preparing chole curry, salads, wraps, and rice bowls. Thermally processed with no added preservatives or additives, simply open the pa"", ""productImage"": ""https://erp.tpci.in/frontend/exhibitor/product-178473005050053368.jpg?78.84578581791911""}, {""productName"": ""Black Chana"", ""description"": ""Micky’s Boiled Black Chana is perfectly cooked to retain its natural earthy flavour and firm texture. Ready to use and thermally processed for safety, it helps you prepare delicious dishes quickly without soaking or long cooking time. Just open, cook, and serve with confidence."", ""productImage"": ""https://erp.tpci.in/frontend/exhibitor/product-178473005049485848.jpg?40.918568094185154""}, {""productName"": ""Kidney Beans"", ""description"": ""Micky’s Boiled Rajma is soft, creamy, and ready to cook, making it perfect for quick and delicious meals. Carefully cooked and thermally processed to maintain natural taste and quality, it contains no added preservatives or additives. Simply open, heat, and use it to prepare rajma curry, rice bowls,"", ""productImage"": ""https://erp.tpci.in/frontend/exhibitor/product-178473005031936521.jpg?68.05548609053295""}]","{""Rice, Pulses, Grains, Spices and Commodities"": [""Rice, Pulses, Grains, Spices and Commodities""], ""Snacks & On the Go Foods"": [""Snacks & On the Go Foods""]}",A-32,2,https://www.google.com,"24, FOTEL CENTRE POINT, CENTRAL BAZAR ROAD, RAMDASPETH",NAGPUR,Maharashtra,,44001,AAACH4474J,+917827751998,https://www.facebook.com/,https://www.linkedin.com/home?originalSubdomain=in,https://www.twitter.com/,https://www.youtube.com/,https://www.twitter.com/,1000,"Distributor,importer",HOTEL AMARJIT PRIVATE LIMITED,https://erp.tpci.in/images/upload/company_logo/Exhibitor-Logo-6669_6a60cfec4658b.png?rand=88101,https://erp.tpci.in/uploads/ex_docs/6669/Mickys-Brochure-English-compressed.pdfbfa4c1843d7966cd78e58ce47d375388_6a60896b8a4bf.pdfd6087b5de450cbe5e4f479b4dbe538c6_6a60d21e454ab.pdf,01,"[{""id"": ""12005"", ""description"": ""fssai license"", ""link"": ""https://erp.tpci.in//frontend/exhibitor/d6843f59500750a0268b1ae122d34985_6a60d2491ef50.pdf""}]",,[]
NTc2NTNiMDA0ZjQxNzNjMzo0MzUxYzNiMjVhYjU3MzJlZTI4YzI0NjQ5MGFlYTQ1MzAzNTczMDM3OmZZbGxBeXBPNGRrQ0hhYTByY3F2dVE9PQ==,Hs Proteins,Partnership,SHLOK,Manufacturer Exporter,Food & Agri Products,"{""Fresh Produce"": [""Fresh Produce""], ""Rice, Pulses, Grains, Spices and Commodities"": [""Rice, Pulses, Grains, Spices and Commodities""]}",[],"{""Fresh Produce"": [""Fresh Produce""], ""Rice, Pulses, Grains, Spices and Commodities"": [""Rice, Pulses, Grains, Spices and Commodities""]}",E-02A,2,https://hsproteins.com/,"151/3, PAIKI 0-64-75, SVIT COLLEGE ROAD, BH. BUS STAND, VASAD",ANAND,Gujarat,India,388306,AALFH7777C,+917827751998,https://www.facebook.com/,https://www.linkedin.com/home?originalSubdomain=in,https://www.twitter.com/,https://www.youtube.com/,https://www.twitter.com/,1000,"Distributor,exporter",HS PROTEINS,https://erp.tpci.in/images/upload/company_logo/Exhibitor-Logo-6782_6a5b4716cfb43.jpeg?rand=81462,,0,[],,[]
N2E2ZWZmNWFmNWQ2ZmZiZToyNmE2NTc1ZjA1NDQ0ZmMxN2VlODkxNzM3OGNiMWYyZjJmMzA5NjBjOnJKSnNWN0hGRnN1VkYvQlp3Y3NWcnc9PQ==,Indian Freeze Drying Corporation,Partnership,SAHIL GOTHARIA,Manufacturer,Food & Agri Products,"{""Dry Fruits & Nuts"": [""Dry Fruits & Nuts""]}","[{""productName"": ""Freeze Dried Mango Cubes"", ""description"": ""Freeze Dried Mango Cubes"", ""productImage"": ""https://erp.tpci.in/frontend/exhibitor/product-17840271664565239.jpg?36.59178971926848""}, {""productName"": ""Freeze Dried Pink Guava"", ""description"": ""Freeze Dried Pink Guava"", ""productImage"": ""https://erp.tpci.in/frontend/exhibitor/product-178402716612229561.jpg?14.844775586244442""}]","{""Dry Fruits & Nuts"": [""Dry Fruits & Nuts""]}",E-21,2,https://ifdc.co.in/,"PLOT NO. 57 & 58, BROOK FIELD, INDUSTRIAL PARK, DASHARATH",VADODARA,Gujarat,,391750,AALF26755K,9574793979,https://www.facebook.com/,https://www.linkedin.com/home?originalSubdomain=in,https://www.twitter.com/,https://www.youtube.com/,https://www.twitter.com/,1000,"Distributor,exporter,importer",INDIAN FREEZE DRYING COPORATION,https://erp.tpci.in/images/upload/company_logo/Exhibitor-Logo-6676_6a5618a1542cb.png?rand=7747,https://erp.tpci.in/uploads/ex_docs/6676/Freeze Dried - ifdc brochure .pdfe2e38df309275bb21182165ed18c1d75_6a561777733b5.pdf,01,"[{""id"": ""11867"", ""description"": ""FSSAI "", ""link"": ""https://erp.tpci.in//frontend/exhibitor/bcfef973be82e499511d3c5596d6587a_6a5617909f6ff.pdf""}]",,[]
MDdjODhjYWVlYzNmYWViMjpiYTk0MDJlYjJlYzc0NzAzMjNlYzFmNjYwNTMyOTBlYjg2N2I4MTA5OjdYWFhueE1sUzl6TDB5ZUVwRUloY2c9PQ==,Ipp Catalog Publications Pvt Ltd,Private Limited,PURVA RAI DWIVEDI,Service Provider,Others,"{""Food Processing & Packaging Machinery"": [""Food Processing & Packaging Machinery""]}",[],"{""Food Processing & Packaging Machinery"": [""Food Processing & Packaging Machinery""]}",F-07B,2,https://indifoodbev.com/,"N-10, SECTOR 11",NOIDA,Uttar Pradesh,,201301,AAACI0285J,+917827751998,https://www.facebook.com/,https://www.linkedin.com/home?originalSubdomain=in,https://www.twitter.com/,https://www.youtube.com/,https://www.twitter.com/,167000,Market Servey,"IPP CATALOG PUBLICATIONS, BASED IN NOIDA, PUBLISHES INDIAN PRINTER AND PUBLISHER (IPP), PACKAGING SOUTH ASIA (PSA), AND THE BIMONTHLY INDIFOODBEV (IFB). PSA COVERS THE FULL PACKAGING LIFECYCLE, WHILE IFB FOCUSES ON FOOD AND BEVERAGE PACKAGING AND PROCESSING. HEALTHTEKPACK, THEIR ONLINE PLATFORM, SPECIALIZES IN HEALTH, PHARMA, AND PERSONAL CARE PACKAGING. TOGETHER, THESE OUTLETS DELIVER TIMELY INSIGHTS, TECHNOLOGY UPDATES, AND MARKET TRENDS, OFFERING AUTHORITATIVE, SECTOR SPECIFIC COVERAGE FOR PROFESSIONALS ACROSS PRINT, PACKAGING, AND PROCESSING INDUSTRIES.",https://erp.tpci.in/images/upload/company_logo/Exhibitor-Logo-6744_6a59f7bf3a2aa.png?rand=69111,,0,[],,[]
NTkxNGEyYzI5NjI4Mzg4NTowYTlhOTljMTY2ODA4NzliNDM4NzAxN2FlNjViNDA0ZWFiZTUwNTUwOkIzdis0UUVpNzI2NHc3VklaYmVJMEE9PQ==,Ishani Impex,Proprietor,ISHIKA SHAH,Merchant Importer,Food & Agri Products,"{""Food Ingredients"": [""Food Ingredients""], ""Private Label"": [""Private Label""], ""Rice, Pulses, Grains, Spices and Commodities"": [""Rice, Pulses, Grains, Spices and Commodities""], ""Snacks & On the Go Foods"": [""Snacks & On the Go Foods""]}","[{""productName"": ""Spices "", ""description"": ""1. Whole Spices \r\n2. Powder Spices \r\n3. Blended Spices "", ""productImage"": ""https://erp.tpci.in/frontend/exhibitor/product-178272567711901575.jpg?14.54332723705408""}, {""productName"": ""Lentils and Pulses "", ""description"": ""Toor Dal Chana Dal Moong Dal (Yellow/Green) Urad Dal (Whole/Split) Masoor Dal (Red/Whole) Kabuli Chana Rajma ( Chitra / Kashmiri ) Moth Beans Horse Gram Cow Peas Soya Beans Green Peas White Peas Kala Chana"", ""productImage"": ""https://erp.tpci.in/frontend/exhibitor/product-178272567740730679.jpg?94.55389594152001""}, {""productName"": ""Flours "", ""description"": ""Wheat Flour (Atta) Maida Suji Besan Rice Flour Multigrain Flour Bajra Flour Jowar Flour Ragi Flour Corn Flour Sattu / Chana Sattu Buckwheat Flour Barley Flour Oats Flour Farali flour"", ""productImage"": ""https://erp.tpci.in/frontend/exhibitor/product-178272567792315054.jpg?29.139501069802325""}, {""productName"": ""Millets & Cereals "", ""description"": ""Wheat Rice Barley Oats Maize (Corn) Barley oats Kodo Millet Little Millet Sorghum (Jowar Whole) Pearl Millet (Bajra Whole) Finger Millet (Ragi Whole) Poha (Flattened Rice) Dalia (Broken Wheat) Proso Millet Barnyard Millet "", ""productImage"": ""https://erp.tpci.in/frontend/exhibitor/product-178272567767497694.jpg?62.03582059781609""}]","{""Food Ingredients"": [""Food Ingredients""], ""Private Label"": [""Private Label""], ""Rice, Pulses, Grains, Spices and Commodities"": [""Rice, Pulses, Grains, Spices and Commodities""], ""Snacks & On the Go Foods"": [""Snacks & On the Go Foods""]}",B-35A,2,https://www.google.com,"257 AUSHTLAXMI COMPLEX IDGAH ROAD. OUTSIDE DELHI DARWAJA,AHMEDABAD-GUJARAT-380004",AHMEDABAD,Gujarat,India,380004,AJMPS6626B,+917827751998,https://www.facebook.com/,https://www.linkedin.com/home?originalSubdomain=in,https://www.twitter.com/,https://www.youtube.com/,https://www.twitter.com/,100000,"Distributor,exporter",ISHANI IMPEX,https://erp.tpci.in/images/upload/company_logo/Exhibitor-Logo-6665_6a4367fc46912.jpeg?rand=14227,https://erp.tpci.in/uploads/ex_docs/6665/FOOD DISTRIBUTING WORLDWIDE_compressed.pdfd44c7f567e004c07dd8f5c919842077b_6a436859b6966.pdf,02,"[{""id"": ""11743"", ""description"": ""FSSAI CERTIFICATE "", ""link"": ""https://erp.tpci.in//frontend/exhibitor/8e17ccbc9a0f5e8077ee5fe75102e6d5_6a436944a2ced.pdf""}, {""id"": ""11744"", ""description"": ""SPICE BOARD "", ""link"": ""https://erp.tpci.in//frontend/exhibitor/8e17ccbc9a0f5e8077ee5fe75102e6d5_6a436944ad5c4.pdf""}]",,[]
MzRlNmNmOTJiNDNmZDU4MDozNDExYmY2NWQ3MzE2MzUyZDE3MzM0ODc2MzQzN2FiNWFhMjRjYjUwOnhoUStpT2FHdkRLYlFpcXAxSmdybmc9PQ==,Ishitva Robotic Systems Pvt Ltd,Private Limited,NIVEDITA JHA,Manufacturer Exporter,Food & Agri Processing Machinery,"{""Automation, Robotics & Smart Factories"": [""Automation, Robotics & Smart Factories""]}","[{""productName"": ""ISHITVA® Food Sorter"", ""description"": ""The ISHITVA® Food Sorter is an AI-powered optical sorting system designed to enhance food quality, safety, and processing efficiency. It combines high-resolution vision technology, advanced artificial intelligence, and precision rejection mechanisms to accurately detect and remove contaminants"", ""productImage"": ""https://erp.tpci.in/frontend/exhibitor/product-178452870687934503.jpg?36.26940048883613""}]","{""Automation, Robotics & Smart Factories"": [""Automation, Robotics & Smart Factories""]}",C-25,2`,https://www.google.com,"3RD FLOOR, KRISH CUBICAL, 301 TO 308, BLOCK C, AVALON HOTEL
ROAD, AHMEDABAD, GUJARAT, 380059",AHMEDABAD,Gujarat,,380059,AAECI9735P,+917827751998,https://www.facebook.com/,https://www.linkedin.com/home?originalSubdomain=in,https://www.twitter.com/,https://www.youtube.com/,https://www.twitter.com/,1000,Exporter,ISHITVA ROBOTIC SYSTEMS PVT LTD,https://erp.tpci.in/images/upload/company_logo/Exhibitor-Logo-6790_6a5db9fecbefb.png?rand=69368,https://erp.tpci.in/uploads/ex_docs/6790/ISHITVA Food Sorter (7).pdf0ca23436e7d1aa085cf1e66e8f2114f1_6a5deda76b471.pdf,02,"[{""id"": ""11953"", ""description"": ""CE Certification"", ""link"": ""https://erp.tpci.in//frontend/exhibitor/43d63a38c08c7162689ced8b4b330bb6_6a5dee5104c1d.pdf""}, {""id"": ""11954"", ""description"": ""GST Certificate"", ""link"": ""https://erp.tpci.in//frontend/exhibitor/8a04411b0b4a66a97a3aa2021c44e585_6a5dee671c012.pdf""}]",,[]
MTFjZDBkZGZlNDg4YzM1MTpmNTUzZWIzNDhmOThjMWEyNWQ2ODk3MWQ2MzhlYzE4ODE0MGU4NWVjOlVFbHhpQnpRNTl5RElWWXQxN2lGVHc9PQ==,J Brother Spices And Agri Export Pvt Ltd,Private Limited,AELIS MUKESHBHAI JINJA,Manufacturer Exporter,Food & Agri Products,"{""Beverage & Hot Drinks"": [""Beverage & Hot Drinks""], ""Snacks & On the Go Foods"": [""Snacks & On the Go Foods""]}",[],"{""Beverage & Hot Drinks"": [""Beverage & Hot Drinks""], ""Snacks & On the Go Foods"": [""Snacks & On the Go Foods""]}",A-50C,2,https://jbrotherexports.com/,"178, AMRELI - LATHI HIGHWAY,AT. KERALA, TA. LATHI,DIST. AMRELI - 365430, GUJARAT",AMRELI,Gujarat,India,365430,AAFCJ5801L,+917827751998,https://www.facebook.com/,https://www.linkedin.com/home?originalSubdomain=in,https://www.twitter.com/,https://www.youtube.com/,https://www.twitter.com/,1000,"Distributor,exporter,importer",J BROTHER SPICES AND AGRI EXPORT PVT LTD,https://erp.tpci.in/images/upload/company_logo/Exhibitor-Logo-6686.png?rand=89870,,0,[],,[]
ZGE1ZmMyZTg3MGU5OWQzYzoxNDJiMzMxYjI1ZDZlMDlhZThiYTVmZTBhY2E2MWE2NWVmNzJlYTcyOnVWcXVLOGc3c0VZZi94R3JMZGYvcWc9PQ==,J K Agro Foods,Partnership,BHARATBHAI KAPURIYA,Manufacturer Exporter,Food & Agri Products,"{""Frozen, Ready to Eat & Ready to Cook Food"": [""Frozen, Ready to Eat & Ready to Cook Food""], ""Grocery, Staple & Dry Foods"": [""Grocery, Staple & Dry Foods""], ""Private Label"": [""Private Label""], ""Rice, Pulses, Grains, Spices and Commodities"": [""Rice, Pulses, Grains, Spices and Commodities""]}","[{""productName"": ""Kesar Mango Pulp"", ""description"": ""Kesar mango pulp is a rich, sweet, and vibrant saffron-colored puree made from handpicked, naturally ripened Kesar mangoes (often grown in Gujarat). Typically sold in 850g cans or 3.1kg catering tins, it is widely used to make milkshakes, aamras, ice creams."", ""productImage"": ""https://erp.tpci.in/frontend/exhibitor/product-178460980158541085.jpg?3.0380890732985817""}, {""productName"": ""Alphonso Mango Pulp"", ""description"": ""Alphonso mango pulp is a premium fruit puree extracted from handpicked, ripened Alphonso (Hapus) mangoes. It is highly prized for its rich, golden-orange color, saffron-like aroma, and velvety, fiber-free consistency."", ""productImage"": ""https://erp.tpci.in/frontend/exhibitor/product-178460980197700076.jpg?78.49127974220671""}, {""productName"": ""Sweet Mango Pickle(Gor Keri)"", ""description"": ""Gor Keri (Sweet Mango Pickle) is a classic, beloved Gujarati condiment that perfectly balances sweet, sour, and mildly spicy flavors. It is crafted by curing freshly diced raw mangoes in a rich, luscious syrup made of natural jaggery or sugar and mixed with aromatic Indian spices"", ""productImage"": ""https://erp.tpci.in/frontend/exhibitor/product-178460980139119559.jpg?83.34213456450229""}, {""productName"": ""Mango Pickle"", ""description"": ""Mango Pickle is a traditional Indian condiment made from sun-ripened or unripe green mangoes, blended with aromatic spices and natural oils. It provides a tangy, spicy, and sometimes slightly sweet flavor that perfectly complements everyday meals like rice, rotis, and parathas."", ""productImage"": ""https://erp.tpci.in/frontend/exhibitor/product-178460980141895614.jpg?81.23683666925584""}, {""productName"": ""Gunda Pickle"", ""description"": ""Gunda Pickle (often called Gunda Nu Athanu in Gujarat or Lasoda Achar in other parts of India) is a traditional condiment made from fresh, hand-picked gunda (glue berry or bird lime) fruit, slow-marinated in pure mustard oil and authentic Indian spices. It pairs perfectly with everyday meals ."", ""productImage"": ""https://erp.tpci.in/frontend/exhibitor/product-178460980173655082.jpg?56.15778272613676""}, {""productName"": ""Hot Lime Pickle"", ""description"": ""Hot Lime Pickle is a bold, traditional condiment blending zesty citrus with fiery spices and oil. It balances intense tartness with a spicy kick, pairing perfectly with rice, curries, and Indian breads."", ""productImage"": ""https://erp.tpci.in/frontend/exhibitor/product-178460980199905282.jpg?37.078406696280844""}, {""productName"": ""Mixed Pickle"", ""description"": ""Mixed pickle is a traditional Indian condiment made by preserving a blend of fresh vegetables and fruits (like mango, carrot) in a mix of edible oils, salt, and spices. It brings a tangy, spicy, and savory zing to everyday meals like rice, parathas, and curries."", ""productImage"": ""https://erp.tpci.in/frontend/exhibitor/product-178460980132738143.jpg?16.91868837635842""}, {""productName"": ""Kerda Pickle"", ""description"": ""Kerda pickle is a traditional, tangy Indian condiment made from kerda (wild caper berries). Found mostly in Gujarat and Rajasthan, the tart, slightly fruity berries are soaked and blended with savory spices and edible oils. It pairs perfectly with everyday meals like roti, parathas, and rice dishes."", ""productImage"": ""https://erp.tpci.in/frontend/exhibitor/product-178460980140431647.jpg?73.35822486631407""}, {""productName"": ""Green Chilli Pickle"", ""description"": ""Green chilli pickle, known in India as Hari Mirch ka Achar, is a popular and fiery condiment. It is made by mixing chopped green chillies with oil, salt, and spices like mustard, fenugreek, and fennel. This gives it a hot, tangy, and slightly salty flavor that adds a punch to any meal."", ""productImage"": ""https://erp.tpci.in/frontend/exhibitor/product-178460980157061676.jpg?16.035062275859584""}]","{""Frozen, Ready to Eat & Ready to Cook Food"": [""Frozen, Ready to Eat & Ready to Cook Food""], ""Grocery, Staple & Dry Foods"": [""Grocery, Staple & Dry Foods""], ""Private Label"": [""Private Label""], ""Rice, Pulses, Grains, Spices and Commodities"": [""Rice, Pulses, Grains, Spices and Commodities""]}",B-01A,2,www.jkagrofoods.com,"PLOT NO. 240/3, VILLAGE: MADHUPUR TA. TALALA DISTRICT: GIR SOMANATH GUJARAT, INDIA-362150",SOMNATH,Gujarat,,362150,AAGFJ9162J,+917827751998,https://www.facebook.com/,https://www.linkedin.com/home?originalSubdomain=in,https://www.twitter.com/,https://www.youtube.com/,https://www.twitter.com/,2000000,"Distributor,exporter,importer,jv",J.K. AGRO FOODS,https://erp.tpci.in/images/upload/company_logo/Exhibitor-Logo-6742_6a5efc4e9d478.jpg?rand=67817,https://erp.tpci.in/uploads/ex_docs/6742/Brochure.pdffbf3ad682d40cd6c4800123e2785f512_6a5e246a9e7b1.pdf,05,"[{""id"": ""11969"", ""description"": ""Fssai"", ""link"": ""https://erp.tpci.in//frontend/exhibitor/c2142f0753e39b205b4af0c0c0de5d98_6a5e2446d7fbf.pdf""}, {""id"": ""11970"", ""description"": ""BRC"", ""link"": ""https://erp.tpci.in//frontend/exhibitor/c2142f0753e39b205b4af0c0c0de5d98_6a5e2446e294c.pdf""}, {""id"": ""11971"", ""description"": ""haccp"", ""link"": ""https://erp.tpci.in//frontend/exhibitor/63ba087d303839be7fc0755fdcda6450_6a5e248a1d4b0.pdf""}, {""id"": ""11972"", ""description"": ""halal"", ""link"": ""https://erp.tpci.in//frontend/exhibitor/ad308b2d34456541b26aeaa2bb598ab9_6a5e24971cedb.pdf""}, {""id"": ""11973"", ""description"": ""iso"", ""link"": ""https://erp.tpci.in//frontend/exhibitor/2395d1883acc01c46a439342b4971672_6a5e24a4db394.pdf""}]",,[]
ZTM5ZTk4M2M3ODdmNDRmOTplZGY3ZWFmMzU1Njk0YmJlOTZlY2Q4MmVkZmVmMDIwYTFmYzNiY2JkOkcwWjA0TmEzRGdNL3R0M0hNNVlWL1E9PQ==,Jagdish Agropro Private Limited,Private Limited,ANAND THAKKAR,Manufacturer Exporter,Food & Agri Products,"{""Food Ingredients"": [""Food Ingredients""], ""Rice, Pulses, Grains, Spices and Commodities"": [""Rice, Pulses, Grains, Spices and Commodities""]}","[{""productName"": ""Khapli (Emmer Wheat)"", ""description"": ""Khapli/Samba wheat, also known as Emmer wheat, is an ancient nutritious grain rich in fibre, antioxidants, vitamins, and protein. It features a low Glycemic Index (GI) and lower, easier-to-digest gluten, making it popular for diabetic diets and better digestion."", ""productImage"": ""https://erp.tpci.in/frontend/exhibitor/product-17846388228750802.jpg?35.108925341729936""}, {""productName"": ""Durum Wheat Semolina"", ""description"": ""Produced from carefully selected wheat grains, our semolina is hygienically processed to ensure uniform texture, purity, and consistent quality for safe consumption."", ""productImage"": ""https://erp.tpci.in/frontend/exhibitor/product-178463882214296036.jpg?83.54266414748753""}, {""productName"": ""Hulled Wheat (Harees)"", ""description"": ""Processed from quality wheat using controlled methods, our hulled wheat meets food safety standards and is supplied in customised packaging."", ""productImage"": ""https://erp.tpci.in/frontend/exhibitor/product-178463882292153499.jpg?12.386547785612334""}, {""productName"": ""Sharbati Wheat"", ""description"": ""A premium long-grain wheat variety, rich in protein and gluten. Processed under strict quality standards."", ""productImage"": ""https://erp.tpci.in/frontend/exhibitor/product-178463882232377228.jpg?11.30474955896358""}, {""productName"": ""Wheat Dalia (Lapsi)"", ""description"": ""We manufacture and export high-quality wheat dalia, processed as per food and nutrition standards and offered in customised packaging at industry-leading prices."", ""productImage"": ""https://erp.tpci.in/frontend/exhibitor/product-178463882259519496.jpg?19.364107511345395""}, {""productName"": ""Maize / Corn Grits"", ""description"": ""Uniformly sized corn granules made from premium-quality maize, ideal for extrusion processing. They deliver excellent expansion, crisp texture, and consistent taste in ready-to-eat snack products."", ""productImage"": ""https://erp.tpci.in/frontend/exhibitor/product-178463882232895339.jpg?62.90629195320074""}, {""productName"": ""Rajgira Seed (Amaranth)"", ""description"": ""High-protein amaranth seeds, carefully cleaned and colour sorted using advanced technology to ensure purity. Widely used for fasting foods and traditional snacks."", ""productImage"": ""https://erp.tpci.in/frontend/exhibitor/product-178463882220544639.jpg?56.43914030533204""}, {""productName"": ""Green Millet"", ""description"": ""Food-grade green millet seeds, machine cleaned and colour sorted to ensure superior quality. Supplied as per buyer specifications."", ""productImage"": ""https://erp.tpci.in/frontend/exhibitor/product-178463882259624928.jpg?93.47682874042246""}, {""productName"": ""Wada Kolam Rice"", ""description"": ""A premium medium-grain rice with a distinctive fragrance and soft, fluffy texture after cooking. Ideal for daily meals and traditional dishes."", ""productImage"": ""https://erp.tpci.in/frontend/exhibitor/product-178463882226533848.jpg?98.06672585948066""}, {""productName"": ""Idli Rava (Rice Rava)"", ""description"": ""High-quality rice rava with uniform particle size, ideal for South Indian foods and ready-to-eat or instant mix manufacturing."", ""productImage"": ""https://erp.tpci.in/frontend/exhibitor/product-178463882242203031.jpg?9.90314614950041""}, {""productName"": ""Rice Flour"", ""description"": ""Carefully processed rice flour made from selected polished rice, suitable for bulk supply with consistent quality and hygiene standards."", ""productImage"": ""https://erp.tpci.in/frontend/exhibitor/product-178463882244723592.jpg?55.31555624242458""}]","{""Food Ingredients"": [""Food Ingredients""], ""Rice, Pulses, Grains, Spices and Commodities"": [""Rice, Pulses, Grains, Spices and Commodities""]}",E-04A,2,www.jagdishricemill.com,"212, GIDC, KANSARI",KHAMBHAT,Gujarat,India,388630,AAZPT3283H,9825045262,https://www.facebook.com/,https://www.linkedin.com/home?originalSubdomain=in,https://www.twitter.com/,https://www.youtube.com/,http://www.instagram.com/jagdish_agropro,100000,"Distributor,exporter,importer","JAGDISH GROUP IS ONE OF THE REPUTED MANUFACTURER & SUPPLIER OF RICE & DURUM WHEAT, MAIZE BASED PRODUCTS AT KHAMBHAT (GUJARAT).ESTABLISHED IN THE YEAR 1991, WE, ""JAGDISH RICE MILL"" ARE ONE OF THE LEADING MANUFACTURES AND SUPPLIERS OF RICE, DURUM WHEAT, SAMBA WHEAT, PULSES AND THEIR PRODUCTS.

WE ARE COMMITTED TO SUPPLY THE BEST QUALITY OF PRODUCTS TO OUR CUSTOMERS AND FOR THAT WE KEEP CONSTANT CHECK OF THE PRODUCTS AT EACH STAGE OF THE PRODUCTION PROCESS.",https://erp.tpci.in/images/upload/company_logo/Exhibitor-Logo-6812.jpg?rand=18782,https://erp.tpci.in/uploads/ex_docs/6812/Jagdish Brochure  2026.pdf0ceeafbf63abee925e675da1f6612239_6a5f5ff169d95.pdf,01,"[{""id"": ""11992"", ""description"": ""gst"", ""link"": ""https://erp.tpci.in//frontend/exhibitor/251390d8c201c0495f124043220f0370_6a5f600e62dc7.pdf""}]",,"[{""type"": ""youtube"", ""video_url"": ""https://youtu.be/L0CpN48omD0?si=3Qg5Akrn9O5s_mTy"", ""title"": ""JAGDISH AGROPRO PRIVATE LIMITED"", ""description"": ""\""Jagdish Agropro Pvt Ltd\"" is group company of \""Jagdish Rice Mill\"" which was established in the year 1991, an FSSC 22000, ISO 22000 and HALAL Certified Company has attained a top reputation in the market for manufacturing, supplying and exporting an outstanding range of Rice, Rice Products, Wheat, Durum Wheat Products, Samba Wheat & its Variants & Other Products.""}]"
MTkyY2YyMzBkOGIyNjgyZjo0MTIwNjVjYmIwNmI3NDliNmYwMTViMzIxNmQzMGIwY2EwMzMwYzU4OkY5eXNiNzBIbk44azBzN09YdVFqUmc9PQ==,Jagyanti Industries Private Limited,Public Limited,SWAPNIL JOSHI,Manufacturer Exporter,Food & Agri Products,"{""Frozen, Ready to Eat & Ready to Cook Food"": [""Frozen, Ready to Eat & Ready to Cook Food""], ""Organic, Natural & Ethical Foods"": [""Organic, Natural & Ethical Foods""], ""Rice, Pulses, Grains, Spices and Commodities"": [""Rice, Pulses, Grains, Spices and Commodities""]}","[{""productName"": ""Beetroot Powder "", ""description"": ""Beetroot Powder is prepared from A Grade fresh Indian origin Beetroots under controlled and hygienic environment .  Quality and hygiene norms of Indians and international standard are strictly followed in processing . .Product is 100% Natural, 100% pure, Gluten Free , without any preservative or che"", ""productImage"": ""https://erp.tpci.in/frontend/exhibitor/product-178410409244899588.jpg?95.24373141605754""}, {""productName"": ""Dried carrot "", ""description"": ""Dried carrot is prepared from A Grade fresh Indian origin under controlled and hygienic environment .  Quality and hygiene norms of Indians and international standard are strictly followed in processing . .Product is 100% Natural, 100% pure, Gluten Free , without any preservative or che"", ""productImage"": ""https://erp.tpci.in/frontend/exhibitor/product-178410409218266310.jpg?26.6274865033361""}, {""productName"": ""Dried Tomato "", ""description"": ""Dried tomato is prepared from A Grade fresh Indian origin under controlled and hygienic environment .  Quality and hygiene norms of Indians and international standard are strictly followed in processing . .Product is 100% Natural, 100% pure, Gluten Free , without any preservative or che"", ""productImage"": ""https://erp.tpci.in/frontend/exhibitor/product-178410409249740883.jpg?47.40624134187237""}, {""productName"": ""Okra powder "", ""description"": ""Dried OKRA powder  is prepared from A Grade fresh Indian origin under controlled and hygienic environment .  Quality and hygiene norms of Indians and international standard are strictly followed in processing . .Product is 100% Natural, 100% pure, Gluten Free , without any preservative or che"", ""productImage"": ""https://erp.tpci.in/frontend/exhibitor/product-1784104092401788.jpg?57.14875027271803""}, {""productName"": ""Dehydrated Green Chilli "", ""description"": ""Dried green chili  is prepared from A Grade fresh Indian origin under controlled and hygienic environment .  Quality and hygiene norms of Indians and international standard are strictly followed in processing . .Product is 100% Natural, 100% pure, Gluten Free , without any preservative or che"", ""productImage"": ""https://erp.tpci.in/frontend/exhibitor/product-178410409271540812.jpg?43.525030411337525""}, {""productName"": ""Dehydrated Ginger "", ""description"": ""Dried Ginger is prepared from A Grade fresh Indian origin under controlled and hygienic environment .  Quality and hygiene norms of Indians and international standard are strictly followed in processing . .Product is 100% Natural, 100% pure, Gluten Free , without any preservative or che"", ""productImage"": ""https://erp.tpci.in/frontend/exhibitor/product-178410409277924004.jpg?46.17890431189808""}, {""productName"": ""Dehydrated Garlic "", ""description"": ""Dried Garlic  is prepared from A Grade fresh Indian origin under controlled and hygienic environment .  Quality and hygiene norms of Indians and international standard are strictly followed in processing . .Product is 100% Natural, 100% pure, Gluten Free , without any preservative or che"", ""productImage"": ""https://erp.tpci.in/frontend/exhibitor/product-178410409263208997.jpg?0.3194333988422839""}]","{""Frozen, Ready to Eat & Ready to Cook Food"": [""Frozen, Ready to Eat & Ready to Cook Food""], ""Organic, Natural & Ethical Foods"": [""Organic, Natural & Ethical Foods""], ""Rice, Pulses, Grains, Spices and Commodities"": [""Rice, Pulses, Grains, Spices and Commodities""]}",B-10,2,https://jagyantiindustries.com/,"A-179, SILICON CITY, BEHIND CLUB HOUSE",INDORE,Madhya Pradesh,India,452012,AAFCJ1719B,9131145030,http://www.facebook.com/JagyantiIndustries,https://www.linkedin.com/home?originalSubdomain=in,https://www.twitter.com/,http://www.youtube.com//@jagyantiindustries5176,http://www.instagram.com/JagyantiIndustries,1000,"Distributor,exporter,importer,jv","JAGYANTI INDUSTRIES IS THE NAME YOU CAN TRUST. THE NAME WHERE “HIGH QUALITY IS THE TOP PRIORITY, AND SUPERIOR SERVICE IS THE GREATEST CONCERN”
COMPANY IS WELL KNOWN FOR DELIVERING QUALITY PRODUCT WITH ASSURANCE TO PRESERVE ITS NATURAL TASTE

WE ARE ACTIVELY ENGAGED IN MANUFACTURING, WHOLESALING AND SUPPLYING AN EXCELLENT QUALITY GRADE OF DEHYDRATED VEGETABLES, DEHYDRATED FRUITS, VEGETABLE POWDER, HERBS, SPICES ETC. THE FOOD ITEMS OFFERED BY US ARE EXTENSIVELY USED IN KITCHENS FOR GARNISHING AND ADDING TASTE & COLOURS TO THE FOOD.",https://erp.tpci.in/images/upload/company_logo/Exhibitor-Logo-6582_6a574800eef07.png?rand=84007,https://erp.tpci.in/uploads/ex_docs/6582/Jagyanti Industries Product Catlogue-1.pdf1060365044790870cc903646a94fe3ba_6a574836acecc.pdf,02,"[{""id"": ""11741"", ""description"": ""HACCP"", ""link"": ""https://erp.tpci.in//frontend/exhibitor/daeff0544c555fd612e2864971c5e3e5_6a3e06e00a788.pdf""}, {""id"": ""11742"", ""description"": ""FSSAI"", ""link"": ""https://erp.tpci.in//frontend/exhibitor/415b4eec11557c0dab24842ac3eed923_6a3e07141bd3c.pdf""}]",,[]
NmRmYzFmNmQ3Zjg0MzBkOTplZmE2NGQxM2YxMzI3OWU0Njk1NTA1NDMxMWE2Y2ZjZTU4YTY5ZGUyOi9kbjdPUHlWVkFYSFU5OFdUWXdRSlE9PQ==,Janta Tavdawala,Proprietor,MAHESH DONGA,Manufacturer,Food & Agri Products,"{""Dairy"": [""Dairy""], ""Food Ingredients"": [""Food Ingredients""]}",[],"{""Dairy"": [""Dairy""], ""Food Ingredients"": [""Food Ingredients""]}",D-12,2,https://www.google.com,"1ST FLOOR, 74175, SIDDHI VINAYAK IND. EST., KHOLVAD ROAD, LASKANA",SURAT,Gujarat,India,394190,AHYPD6361L,+917827751998,https://www.facebook.com/,https://www.linkedin.com/home?originalSubdomain=in,https://www.twitter.com/,https://www.youtube.com/,https://www.twitter.com/,1000,"Distributor,exporter,importer",JANTA TAVDAWALA,https://erp.tpci.in/images/upload/company_logo/Exhibitor-Logo-6679.png?rand=84774,,0,[],,[]
Y2M1OWNjYTM5YzExZjdkMDo1ZmIyOWUyNWMzYzgzOWExZGFjZDAyZjJkNTcxYzg3NjMwZDVmMDc1OjRPVDBXem1mQzl2clJoeE1YTlFZdmc9PQ==,Jivraj Tea International Pvt. Ltd.,Private Limited,RAHUL THAKKAR,Manufacturer Exporter,Food & Agri Products,"{""Beverage & Hot Drinks"": [""Beverage & Hot Drinks""]}",[],"{""Beverage & Hot Drinks"": [""Beverage & Hot Drinks""]}",,,https://www.google.com,"5/258-259 JIVRAJ CHAMBERS, RUWALA TEKRA, BHAGAL",SURAT,Gujarat,India,395003,AAECJ7960P,+917827751998,https://www.facebook.com/,https://www.linkedin.com/home?originalSubdomain=in,https://www.twitter.com/,https://www.youtube.com/,https://www.twitter.com/,1000,"Distributor,importer",JIVRAJ TEA INTERNATIONAL PVT. LTD.,https://erp.tpci.in/images/upload/company_logo/Exhibitor-Logo-6664_6a5f4fd032bf4.jpeg?rand=8675,,0,[],,[]
YWVjN2ZlMTBhOTIyYWU5NTowZWNjYzJlN2M3YjlmMWRiNDVhZWIzY2Q5NTQxNmQ1MGRlNzQ0Zjg0OnMxb2FjUldmblNJZ0ZjVVcvU1FvSnc9PQ==,Johar Highlands,Proprietor,PRATHISHTHA V JOHAR,Manufacturer,Food & Agri Products,"{""Food Ingredients"": [""Food Ingredients""], ""Health Food, Free From & Super Food"": [""Health Food, Free From & Super Food""], ""Organic, Natural & Ethical Foods"": [""Organic, Natural & Ethical Foods""], ""Sweets & Confectionery"": [""Sweets & Confectionery""]}","[{""productName"": ""HIGHLAND FOREST SULAI WHITE HONEY"", ""description"": ""Pure, raw Sulai White Honey harvested from the pristine rare highland forests of Jammu & Kashmir from a wild indigenous tulsi flower. Naturally light, delicately floral, and unprocessed to preserve its authentic taste, aroma, and nutritional goodness."", ""productImage"": ""https://erp.tpci.in/frontend/exhibitor/product-178427781393011591.jpg?63.822876535191085""}, {""productName"": ""HIGHLAND FOREST ACACIA HONEY"", ""description"": ""Premium Acacia Honey sourced from the untouched forests of Jammu & Kashmir. Naturally golden, mild, and slow to crystallize, offering exceptional purity, smooth taste, and wholesome nutrition."", ""productImage"": ""https://erp.tpci.in/frontend/exhibitor/product-178427781368134722.jpg?61.82668959892047""}, {""productName"": ""HIGHLAND FOREST MULTIFLORA HONEY"", ""description"": ""Pure, raw Wild Multiflora Honey harvested from the diverse wildflowers of Jammu & Kashmir's pristine forests. Rich in natural antioxidants, enzymes, and floral goodness for authentic taste and wholesome nutrition."", ""productImage"": ""https://erp.tpci.in/frontend/exhibitor/product-178427781398145730.jpg?17.664821462393572""}]","{""Food Ingredients"": [""Food Ingredients""], ""Health Food, Free From & Super Food"": [""Health Food, Free From & Super Food""], ""Organic, Natural & Ethical Foods"": [""Organic, Natural & Ethical Foods""], ""Sweets & Confectionery"": [""Sweets & Confectionery""]}",B-05,2,www.joharhighlands.com,104/4 UPPER ROOPNAGAR JAMMU,JAMMU,Jammu And Kashmir,,180013,ACIPJ8305K,6006653516,https://www.facebook.com/,https://www.linkedin.com/home?originalSubdomain=in,https://www.twitter.com/,https://www.youtube.com/,http://www.instagram.com/joharhighlands_/,3000,"Distributor,exporter,market Servey",JOHAR HIGHLANDS,https://erp.tpci.in/images/upload/company_logo/Exhibitor-Logo-6778_6a58c7326e0ad.png?rand=17490,https://erp.tpci.in/uploads/ex_docs/6778/JOHAR HIGHLANDS_BROCHURE.pdfabba1a67383c85f11c75e90f6c2ad910_6a59e831586e7.pdf,0,[],,[]
OTY4NWVmNmFlZTRkODJlNDo3ZDI3ZGVjYzNmZGQ4ZTM0ZGJiYWQ2YWQ4NGQ2ODNmNzcxNDQ5MWRkOkVBNGNEcFB6RDVKS2xzVklSSUN0MXc9PQ==,Joy Pack India Private Limited,Private Limited,PRADEEP KUMAR,Manufacturer,Printing & Packaging Products & Machinery,"{""Food Processing & Packaging Machinery"": [""Food Processing & Packaging Machinery""]}","[{""productName"": ""AUTOMATIC SHRINK MACHINE"", ""description"": ""AUTOMATIC SHRINK MACHINE"", ""productImage"": ""https://erp.tpci.in/frontend/exhibitor/product-178332790129504273.jpg?3.799719087592996""}, {""productName"": ""COMBO STRAPPING TAPPING MACHINE"", ""description"": ""COMBO STRAPPING TAPPING MACHINE"", ""productImage"": ""https://erp.tpci.in/frontend/exhibitor/product-178332790194415603.jpg?6.66539883861821""}, {""productName"": ""SEALING MACHINE"", ""description"": ""SEALING MACHINE"", ""productImage"": ""https://erp.tpci.in/frontend/exhibitor/product-178332790140670779.jpg?21.927840003676565""}, {""productName"": ""SHRINK MACHINE"", ""description"": ""SHRINK MACHINE"", ""productImage"": ""https://erp.tpci.in/frontend/exhibitor/product-178332790187123482.jpg?89.64300657589268""}, {""productName"": ""TAPPING MACHINE"", ""description"": ""TAPPING MACHINE"", ""productImage"": ""https://erp.tpci.in/frontend/exhibitor/product-178332790123234137.jpg?82.43151594179824""}]","{""Food Processing & Packaging Machinery"": [""Food Processing & Packaging Machinery""]}",B-32,2,https://www.joypack.com,"B-25, BHAGAT SINGH PARK, SIRASPUR, DELHI-110042",DELHI,Delhi,India,110042,AACCJ0762D,+917827751998,https://www.facebook.com/,https://www.linkedin.com/home?originalSubdomain=in,https://www.twitter.com/,https://www.youtube.com/,https://www.twitter.com/,1000,"Distributor,exporter,importer","WE JOY PACK (INDIA) PVT. LTD. ARE RELATED TO THE PROVISION OF OFFERING INNOVATIVE AND INTEGRATED PACKING SOLUTIONS OF AUTOMATIC PACKAGING MACHINES ACROSS VARIED MARKET SEGMENTS, ENCOMPASSING AUTOMATIC SHRINK PACKAGING MACHINES WHICH ARE ABLE TO PERFORM OPTIMALLY ALL REQUIRED PACKING PROCESSES STRADDLING WRAPPING, SEALING &  SEVERING WITH CONSISTENTLY BETTER-QUALITY OUTPUT.",https://erp.tpci.in/images/upload/company_logo/Exhibitor-Logo-6559.jpeg?rand=95172,https://erp.tpci.in/uploads/ex_docs/6559/JOYPACK INDIA PVT. LTD.----COMPANY PROFILE.pdf2cb758118245e3f64ae703c2e86883fb_6a436234454f3.pdf,01,"[{""id"": ""11745"", ""description"": ""PRODUCT CRETIFICATIONS"", ""link"": ""https://erp.tpci.in//frontend/exhibitor/84a41a5f4d0d2005efa2fa3ffd9789a0_6a439d2db765c.pdf""}]",,[]
ZThlMjY3ZDI5YTRkYmM0Mjo5YTE0ZjA2NTZiNzJmMmMyNmM3Zjc4ZDEyN2MwYTI0MzdlZDA2YzM5OllLdUtDd3VTWGFVVFRYRlc0ZHExV2c9PQ==,Jr Spices & Seeds,Proprietor,JIGNESH PANCHAL,Manufacturer,Food & Agri Products,"{""Rice, Pulses, Grains, Spices and Commodities"": [""Rice, Pulses, Grains, Spices and Commodities""]}",[],"{""Rice, Pulses, Grains, Spices and Commodities"": [""Rice, Pulses, Grains, Spices and Commodities""]}",A-50A,2,https://jrspices.co.in/,"GROUND FLOOR, GIDC, PLOT NO. 50, NEAR P.N. INDUSTRIES MILL, NEAR RALWE FATAK, GISC AREA, DEESA",BANASKANTHA,Gujarat,India,385535,CDKPP5737N,9998209503,https://www.facebook.com/,https://www.linkedin.com/home?originalSubdomain=in,https://www.twitter.com/,https://www.youtube.com/,https://www.twitter.com/,1000,"Distributor,exporter,importer",JR SPICES & SEEDS,https://erp.tpci.in/images/upload/company_logo/Exhibitor-Logo-6695.png?rand=77751,,0,[],,[]
MTc3OTJkNzdhMWYwOWZlMTpjZjVhOTNiMDZjZThhNDI1ZThiODBjMDE0YzA0M2VlMTQxMGJkODQ1Okx1NTlzaUZGSGFhd0pPYTNDazU3NGc9PQ==,K.i.z. Foods Private Limited,Private Limited,ZARDAR BADAMI,Manufacturer Exporter,Food & Agri Products,"{""Dry Fruits & Nuts"": [""Dry Fruits & Nuts""], ""Fats & Oils"": [""Fats & Oils""], ""Rice, Pulses, Grains, Spices and Commodities"": [""Rice, Pulses, Grains, Spices and Commodities""]}","[{""productName"": ""Blazing Ghost Chilli sauce"", ""description"": ""An intensely hot ghost chilli sauce crafted for true spice lovers. Packed with fiery heat and bold flavor, it's perfect for adding an explosive kick to grilled meats, burgers, wings, tacos, noodles, pizzas, and your favorite snacks."", ""productImage"": ""https://erp.tpci.in/frontend/exhibitor/product-178453602123129104.jpg?23.127772028676954""}, {""productName"": ""Burning Green chilli sauce"", ""description"": ""A vibrant green chilli sauce with a bold, fiery kick and fresh chili flavor. Perfect for enhancing burgers, wraps, sandwiches, grilled dishes, noodles, momos, and snacks with a burst of spicy heat."", ""productImage"": ""https://erp.tpci.in/frontend/exhibitor/product-178453602167748467.jpg?90.44030829373776""}, {""productName"": ""Flaming Orange chilli Garlic sauce"", ""description"": ""A bold fusion of zesty orange, fiery chilli, and aromatic garlic, delivering the perfect balance of citrusy freshness and spicy heat. Ideal for dipping, marinating, glazing, or adding a flavorful kick to grilled meats, seafood, noodles, stir-fries, and snacks."", ""productImage"": ""https://erp.tpci.in/frontend/exhibitor/product-178453602112848320.jpg?82.81822845602244""}, {""productName"": ""Fiery Red chilli sauce"", ""description"": ""A bold and spicy red chilli sauce made from premium red chillies for an intense burst of heat and rich flavor. Perfect for dipping, cooking, marinating, or adding a fiery touch to burgers, sandwiches, noodles, stir-fries, grilled dishes, and snacks."", ""productImage"": ""https://erp.tpci.in/frontend/exhibitor/product-17845360217457821.jpg?42.770220472263375""}, {""productName"": ""Crispy fried onions"", ""description"": ""Golden, crispy fried onions made from carefully selected premium onions, delivering a rich, savory flavor and irresistible crunch. Perfect as a topping for burgers, sandwiches, biryanis, salads, soups, pizzas, wraps, and a wide variety of savory dishes."", ""productImage"": ""https://erp.tpci.in/frontend/exhibitor/product-178453602157753319.jpg?65.3964200666141""}, {""productName"": ""Red Sliced Onions"", ""description"": ""Premium-quality red onions, freshly sliced and carefully processed to preserve their natural flavor, vibrant color, and crisp texture. Ideal for burgers, sandwiches, wraps, salads, pizzas, tacos, and a variety of foodservice and culinary applications."", ""productImage"": ""https://erp.tpci.in/frontend/exhibitor/product-178453602128970596.jpg?98.67144198964483""}, {""productName"": ""Caramelized Onions"", ""description"": ""Slow-cooked premium onions with a rich golden-brown color, natural sweetness, and deep savory flavor. Perfect for burgers, sandwiches, pizzas, wraps, steaks, gourmet dishes, sauces, and a wide range of culinary applications."", ""productImage"": ""https://erp.tpci.in/frontend/exhibitor/product-178453602154759404.jpg?97.16795282174643""}, {""productName"": ""Extra Virgin Olive Oil"", ""description"": ""Premium Extra Virgin Olive Oil, cold-extracted from carefully selected olives to preserve its rich aroma, fruity flavor, and natural antioxidants. Perfect for salads, dressings, marinades, dipping, cooking, and enhancing a wide variety of Mediterranean and everyday dishes."", ""productImage"": ""https://erp.tpci.in/frontend/exhibitor/product-178453602178853485.jpg?89.8254412131621""}, {""productName"": ""Olive Pomace Oil"", ""description"": ""High-quality Olive Pomace Oil with a mild flavor and excellent cooking performance. Ideal for frying, sautéing, roasting, baking, and everyday cooking, offering a light taste and high heat stability for a wide range of culinary applications."", ""productImage"": ""https://erp.tpci.in/frontend/exhibitor/product-178453602169031688.jpg?57.623350673935704""}, {""productName"": ""Basmati Rice "", ""description"": ""Premium Basmati Rice known for its long, slender grains, delicate aroma, and fluffy texture after cooking. Perfect for biryanis, pilafs, fried rice, and a variety of traditional and international cuisines."", ""productImage"": ""https://erp.tpci.in/frontend/exhibitor/product-178453602159411459.jpg?18.640432803556724""}, {""productName"": ""Chilli Garlic Sauce"", ""description"": ""A bold blend of spicy red chillies and aromatic garlic, delivering the perfect balance of heat and rich flavor. Ideal for dipping, cooking, marinating, stir-fries, noodles, burgers, sandwiches, grilled dishes, and a variety of snacks."", ""productImage"": ""https://erp.tpci.in/frontend/exhibitor/product-178453602163547223.jpg?20.33211506934102""}, {""productName"": ""Hot Chilli sauce "", ""description"": ""A bold and fiery chilli sauce crafted to deliver intense heat and rich flavor. Perfect for dipping, cooking, marinating, or adding a spicy kick to burgers, sandwiches, pizzas, noodles, grilled dishes, and your favorite snacks."", ""productImage"": ""https://erp.tpci.in/frontend/exhibitor/product-178453602144461852.jpg?45.73928000939943""}, {""productName"": ""Teriyaki Sauce"", ""description"": ""A rich and savory Japanese-style sauce with the perfect balance of sweet and umami flavors. Ideal for marinating, glazing, stir-frying, and enhancing chicken, seafood, vegetables, noodles, rice, and grilled dishes."", ""productImage"": ""https://erp.tpci.in/frontend/exhibitor/product-17845360213285785.jpg?67.70005791233858""}, {""productName"": ""Sriracha Chilli Sauce"", ""description"": ""A bold and flavorful Sriracha-style sauce made with sun-ripened red chillies, garlic, and a hint of sweetness. Perfect for dipping, drizzling, marinating, or adding a spicy kick to burgers, sandwiches, noodles, pizzas, eggs, and grilled dishes."", ""productImage"": ""https://erp.tpci.in/frontend/exhibitor/product-178453602140920524.jpg?1.2824526068591071""}, {""productName"": ""Soy Sauce"", ""description"": ""A rich and savory soy sauce with a balanced umami flavor, perfect for seasoning, marinating, stir-frying, dipping, and enhancing the taste of noodles, rice, sushi, seafood, vegetables, and a variety of Asian-inspired dishes."", ""productImage"": ""https://erp.tpci.in/frontend/exhibitor/product-178453602184273886.jpg?3.3120923706442977""}, {""productName"": ""Sichuan Sauce "", ""description"": ""A bold and spicy Sichuan-style sauce with a rich blend of chillies, garlic, and aromatic spices, delivering an authentic hot and tangy flavor. Perfect for dipping, stir-frying, marinating, noodles, fried rice, momos, spring rolls, and grilled dishes."", ""productImage"": ""https://erp.tpci.in/frontend/exhibitor/product-178453602143879412.jpg?12.713107106008668""}, {""productName"": ""Tamarind Sauce"", ""description"": ""A delicious blend of tangy tamarind and subtle sweetness, offering a rich, authentic flavor. Perfect as a dip, marinade, or condiment for chaats, samosas, pakoras, grilled dishes, wraps, and a variety of Indian and international cuisines."", ""productImage"": ""https://erp.tpci.in/frontend/exhibitor/product-178453602166442137.jpg?53.62926149147494""}, {""productName"": ""Black Whole Olives"", ""description"": ""Premium whole black olives, carefully selected for their rich flavor, smooth texture, and natural goodness. Perfect for salads, pizzas, pasta, antipasti, sandwiches, Mediterranean dishes, and gourmet recipes."", ""productImage"": ""https://erp.tpci.in/frontend/exhibitor/product-178453602130393947.jpg?30.006989212713194""}, {""productName"": ""Green Whole Olives "", ""description"": ""Premium whole green olives, carefully selected for their firm texture, fresh taste, and authentic Mediterranean flavor. Perfect for salads, pizzas, pasta, antipasti, sandwiches, charcuterie boards, and a variety of gourmet dishes."", ""productImage"": ""https://erp.tpci.in/frontend/exhibitor/product-178453602143268616.jpg?89.14716466250565""}, {""productName"": ""Coffee"", ""description"": ""Premium-quality coffee crafted from carefully selected beans to deliver a rich aroma, smooth taste, and full-bodied flavor. Perfect for enjoying as a refreshing hot or cold beverage at any time of the day."", ""productImage"": ""https://erp.tpci.in/frontend/exhibitor/product-178453602144133798.jpg?55.71485874775318""}, {""productName"": ""Garlic Sauce"", ""description"": ""A creamy and flavorful garlic sauce made with the rich taste of premium garlic for a smooth, savory finish. Perfect for dipping, spreading, marinating, or enhancing burgers, sandwiches, wraps, grilled meats, shawarma, fries, pizzas, and snacks."", ""productImage"": ""https://erp.tpci.in/frontend/exhibitor/product-178453602124108613.jpg?11.132802824613455""}]","{""Dry Fruits & Nuts"": [""Dry Fruits & Nuts""], ""Fats & Oils"": [""Fats & Oils""], ""Rice, Pulses, Grains, Spices and Commodities"": [""Rice, Pulses, Grains, Spices and Commodities""]}",E-31,2,https://www.kizfoods.com/,"SURVEY NO. 199, MAHUVA SAVARKUNDLA ROAD, VILLAGE TAVEDA",MAHUVA,Gujarat,,364290,AADCK5664Q,+917827751998,https://www.facebook.com/,https://www.linkedin.com/home?originalSubdomain=in,https://www.twitter.com/,https://www.youtube.com/,https://www.twitter.com/,1000,"Distributor,importer",K.I.Z. FOODS PRIVATE LIMITED,https://erp.tpci.in/images/upload/company_logo/Exhibitor-Logo-6629_6a5b08ec21904.png?rand=28214,,0,[],,[]
NDg2ZGI5YzgxZTUzMjU1Njo2MmRjNTFjZWFmOTJjYjM3MjFhM2MwNGQ1MjRiM2IxOWQyZjhmOGQyOlVkTiszZHg4QTJqeSt2QzNkcHRRRlE9PQ==,Kanwal Foods And Spices Pvt Ltd,Proprietor,UMER,Manufacturer Exporter,Food & Agri Products,"{""Food Processing & Packaging Machinery"": [""Food Processing & Packaging Machinery""], ""Rice, Pulses, Grains, Spices and Commodities"": [""Rice, Pulses, Grains, Spices and Commodities""]}","[{""productName"": ""Kanwal Kashmiri Shahi Qehwa"", ""description"": ""The qehwa tea contains important ingredients including Saffron, Cinnamon, Gimger, Cardamom which increases the delight of sipping the recipe.Kanwal Shahi qehwa improves immunity and gives instant energy even in severe winter."", ""productImage"": ""https://erp.tpci.in/frontend/exhibitor/product-17843742815451105.jpg?46.50441486994216""}, {""productName"": ""Saffron"", ""description"": ""The kashmiri Saffron Mongra is considered the best quality of Saffron in the world because of its aroma,strong flavor and its dark maroon purple colouring effect."", ""productImage"": ""https://erp.tpci.in/frontend/exhibitor/product-178437428124818677.jpg?31.97359892723486""}, {""productName"": ""Red Chilli Powder"", ""description"": ""Kashmiri chillies are known for their bright red colour and moderate pungency ,actively used in high class industrial and processed products.Kashmiri lal mirch is also known by a typical name as deggi mirch."", ""productImage"": ""https://erp.tpci.in/frontend/exhibitor/product-178437428123792207.jpg?20.354753099712315""}, {""productName"": ""Kanwal Kashmiri Masala Tikki (Waer)"", ""description"": ""Masala Tikki also known as werr in Kashmir and abundantly used in kashmiri kitchen is a completely wet masala for any vegeterian or non-vegetarian preparations."", ""productImage"": ""https://erp.tpci.in/frontend/exhibitor/product-178437428181732319.jpg?5.852971790221494""}]","{""Food Processing & Packaging Machinery"": [""Food Processing & Packaging Machinery""], ""Rice, Pulses, Grains, Spices and Commodities"": [""Rice, Pulses, Grains, Spices and Commodities""]}",A-39,2,https://www.indiamart.com/kanwal-spices/aboutus.html,BARI BRAHMNA,JAMMU,Jammu And Kashmir,India,181133,AFQPC3469J,+917827751998,https://www.facebook.com/,https://www.linkedin.com/home?originalSubdomain=in,https://www.twitter.com/,https://www.youtube.com/,https://www.twitter.com/,00,"Distributor,exporter","KANWAL FOODS & SPICES (I) PVT. LTD IS A BRAND LEADER IN FMCG SECTOR MAINLY IN SPICE TRADE IN THE STATE OF J&K. IT IS A PRIVATE LIMITED COMPANY AND HAS ITS MAJOR MANUFACTURING AND PROCESSING FACILITIES AT ANANTNAG, SRINAGAR, JAMMU, DELHI AND BANGALORE. IT IS A REPUTED NAME IN THE WORLD OF SPICE TRADE ESPECIALLY THAT OF BLEND SPICES, INSTANT MIXES, KASHMIRI SAFFRON ETC.",https://erp.tpci.in/images/upload/company_logo/Exhibitor-Logo-6797.jpg?rand=6949,https://erp.tpci.in/uploads/ex_docs/6797/KANWAL e- CATALOGUE (1)(1)(pdfgear.com).pdf3dc80e80e9d0d2dadff01fe98d9a9a94_6a5b6b3ab3858.pdf,01,"[{""id"": ""11945"", ""description"": ""gst"", ""link"": ""https://erp.tpci.in//frontend/exhibitor/a2870533b5656604f398d43191d33098_6a5b6b4a54b69.pdf""}]",,[]
Nzg4ODkyNTdmZDgzM2JlMTozY2IzMGU0NDMyYjA0ZjYyMTdlZmNiNzE3ODk2YjQxNzYzZDk5ODRlOmdkbzdMZEJIVXRpb0ptalFKSGcvU2c9PQ==,Karachi Inc,Partnership,GOPAL PUNJABI,Manufacturer Exporter,Food & Agri Products,"{""Bakery & Breads"": [""Bakery & Breads""], ""Sweets & Confectionery"": [""Sweets & Confectionery""]}","[{""productName"": ""Premium Fruit Biscuit"", ""description"": ""Premium Fruit Biscuit"", ""productImage"": ""https://erp.tpci.in/frontend/exhibitor/product-17807277569124740.jpg?23.23275266516279""}, {""productName"": ""Osmania Biscuit"", ""description"": ""Osmania Biscuit"", ""productImage"": ""https://erp.tpci.in/frontend/exhibitor/product-17807277562223895.jpg?84.65832554237761""}, {""productName"": ""Cashew Biscuit"", ""description"": ""Cashew Biscuit"", ""productImage"": ""https://erp.tpci.in/frontend/exhibitor/product-178072775645056744.jpg?53.593372789764196""}, {""productName"": ""Pista Biscuit"", ""description"": ""Pista Biscuit"", ""productImage"": ""https://erp.tpci.in/frontend/exhibitor/product-178072775690198642.jpg?13.991890395052629""}, {""productName"": ""Choconuts Biscuit"", ""description"": ""Choconuts Biscuit"", ""productImage"": ""https://erp.tpci.in/frontend/exhibitor/product-178072775651035266.jpg?9.179336679335066""}]","{""Bakery & Breads"": [""Bakery & Breads""], ""Sweets & Confectionery"": [""Sweets & Confectionery""]}",C-30,2,https://www.karachibakery.com,"KHANCHAND TOWERS, ROAD NO 1, BANJARA HILLS",HYDERABAD,Telangana,India,500034,AALFK5232D,8341161980,http://www.facebook.com/KarachiBakery/,http://www.linkedin.com/company/karachi-bakery-group-of-companies/,https://www.twitter.com/,https://www.youtube.com/,http://www.instagram.com/karachibakery,1000,"Distributor,importer","A STAGGERING CHRONICLE OF SIX DECADES AND STILL GOING STRONG, KARACHI BAKERY HAS EMERGED AS A ""TRUE ICON OF HYDERABAD BAKING"" WITH A REPUTATION THAT IS UNMATCHED TO THE CORE. ALWAYS A STEP AHEAD OF COMPETITION, WE FOCUS ON INNOVATION, DEVELOPING NEW PRODUCTS WHILE IMPROVING OUR EXISTING PRODUCTS TO EVOLVING CONSUMER NEEDS. A SUBTLE COMBINATION OF TRADITIONS AND TRENDS, OUR EXTENSIVE COLLECTION OF GREATLY APPETIZING BAKED GOODS AND CONFECTIONS DELIGHTS THE SENSES OF ALL AGE GROUPS AND PEOPLE FROM DIFFERENT WALKS OF LIFE. THE SECRET OF OUR EXCELLENCE LIES IN THE METICULOUS CARE AND DETAILED CRA",https://erp.tpci.in/images/upload/company_logo/Exhibitor-Logo-6569.png?rand=75252,https://erp.tpci.in/uploads/ex_docs/6569/Karachi Bakery - Product Catalogue - 2026 compressed (1).pdfb48e40a691f75aa61455f7edaa9f19e4_6a240999a74a8.pdf,03,"[{""id"": ""11726"", ""description"": ""ISO"", ""link"": ""https://erp.tpci.in//frontend/exhibitor/818d5c05b3a0a3d521e3e79701ded8fd_6a23b9833cf05.pdf""}, {""id"": ""11727"", ""description"": ""Fssai"", ""link"": ""https://erp.tpci.in//frontend/exhibitor/cec0e38d54f6af257dc6fec19934ede0_6a23b99b9f91e.pdf""}, {""id"": ""11728"", ""description"": ""Halal Certificate"", ""link"": ""https://erp.tpci.in//frontend/exhibitor/197b8a5eac7d5a4b496486c0098d5abd_6a23b9b1bf727.pdf""}]",,[]
MDBhNTUwODZiZDgzOWQzODoyMjhkNDcxNDkxYzdjMDcwOGNmNjBlOGM4ZDk5ZTZjNTAzY2VkYTY3OmxXbFRGZG0xUmIwY1g5R1RyL0plNGc9PQ==,Kirti Masala Process Pvt. Ltd.,Private Limited,ABBASALI BADRUDDIN SATANI,Manufacturer Exporter,Food & Agri Products,"{""Rice, Pulses, Grains, Spices and Commodities"": [""Rice, Pulses, Grains, Spices and Commodities""]}","[{""productName"": ""Bombay Biryani Masala"", ""description"": ""Diamond's authentic Indian taste - Bombay Biryani Masala"", ""productImage"": ""https://erp.tpci.in/frontend/exhibitor/product-178340665893354392.jpg?61.18550930282615""}, {""productName"": ""Chicken Tandoori Masala"", ""description"": ""Diamond's authentic Indian taste - Chicken Tandoori Masala"", ""productImage"": ""https://erp.tpci.in/frontend/exhibitor/product-178340665894514060.jpg?42.78334085157452""}, {""productName"": ""Chicken Masala"", ""description"": ""Diamond's authentic Indian taste - Chicken Masala"", ""productImage"": ""https://erp.tpci.in/frontend/exhibitor/product-17834066581156982.jpg?30.360179422758687""}]","{""Rice, Pulses, Grains, Spices and Commodities"": [""Rice, Pulses, Grains, Spices and Commodities""]}",C-31,2,https://www.diamondmasala.co.in/,"GROUND FLOOR,PLOT NO. 194,ODE,DASKROI",AHMEDABAD,Gujarat,,382427,AAFCK1509G,9925248835,http://www.facebook.com/DaimondmasalaIndia?mibextid=ZbWKwL,http://www.linkedin.com/company/diamond-masala,https://www.twitter.com/,http://www.youtube.com/https:/@diamondmasala1863?si=eizLgFVHId4G0yrM,http://www.instagram.com/https:/diamondmasalaindia?igshid=ZDdkNTZiNTM=,10,"Distributor,exporter","THE FINEST AND THE BEST EVER STEMLESS CHILLI POWDER GOES THROUGH VARIOUS STAGES OF PROCESSES BEFORE WE SERVE YOU. THE FINEST CHILLIES ARE PICKED DILIGENTLY AND CLEANED. THEN COMES THE IMPORTANT STAGE WHERE THE STEMS ARE CUT, WHICH ULTIMATELY IMPROVES THE QUALITY AND QUANTITY OF THE CHILLIES AS COMPARED CHILLIES USED IN THE MARKET. IT FURTHER GOES THROUGH SEVERAL QUALITY CONTROL MEASURES, MAINTAINING THE TASTE, COLOR & THE AROMA OF THE CHILLI POWDER. THE PREMIUM DIAMOND GARAM MASALA IS MADE WITH 25 DIFFERENT & UNIQUE CHOSEN WHOLE SPICES.",https://erp.tpci.in/images/upload/company_logo/Exhibitor-Logo-6554_6a475f48b5434.jpg?rand=43092,https://erp.tpci.in/uploads/ex_docs/6554/Diamond Masala Portfolio_ International_2026.pdf6d9079bc630f69e07867be3f30acae5f_6a4c955cd0f8b.pdf,02,"[{""id"": ""11757"", ""description"": ""IEC"", ""link"": ""https://erp.tpci.in//frontend/exhibitor/f5e8ad383cff83a991d8ad67baa958a4_6a4c9589688eb.pdf""}, {""id"": ""11758"", ""description"": ""MSME"", ""link"": ""https://erp.tpci.in//frontend/exhibitor/0e19d3ec9ff1c929125b3c324b884098_6a4c95a801b5d.pdf""}]",,[]
